user_id,username,followers,following,posts,account_age_days,bio,has_profile_pic,likes_per_day,comments_per_day,label,source_id,target_id
U00001,user_00001,709,481,1203,1214,Designer | coffee,1,55,5,0,U00001,U04838
U00002,user_00002,788,295,1095,1252,Product manager,1,149,2,0,U00002,U04465
U00003,user_00003,7659,803,1339,326,Photographer,1,214,7,0,U00003,U02788
U00004,user_00004,3827,544,618,679,Teacher | learning,1,117,5,0,U00004,U02818
U00005,user_00005,1011,670,2396,811,Designer | coffee,1,256,14,0,U00005,U04523
U00006,user_00006,10599,833,1681,1087,AI engineer | research,1,200,4,0,U00006,U01867
U00007,user_00007,1607,438,613,1856,Teacher | learning,1,91,16,0,U00007,U01333
U00008,user_00008,3732,886,1293,592,Product manager,1,175,7,0,U00008,U01339
U00009,user_00009,4722,855,2481,1199,AI engineer | research,1,195,12,0,U00009,U01877
U00010,user_00010,5468,610,1296,571,Teacher | learning,1,74,20,0,U00010,U01742
U00011,user_00011,6782,858,2079,885,Product manager,1,87,6,0,U00011,U04599
U00012,user_00012,9877,638,1835,1782,Writer | minimal,1,76,6,0,U00012,U00745
U00013,user_00013,2096,356,855,2029,Photographer,1,172,4,0,U00013,U03127
U00014,user_00014,7968,741,1229,2566,Designer | coffee,1,240,2,0,U00014,U04399
U00015,user_00015,10801,548,656,1502,Writer | minimal,1,131,7,0,U00015,U00027
U00016,user_00016,4615,712,931,2379,Data scientist,1,253,5,0,U00016,U04159
U00017,user_00017,2804,582,861,2509,AI engineer | research,1,219,18,0,U00017,U04907
U00018,user_00018,619,314,1686,1559,Product manager,1,81,3,0,U00018,U04648
U00019,user_00019,1703,697,483,2481,Cybersecurity analyst,1,216,6,0,U00019,U03894
U00020,user_00020,3005,471,2361,2033,Product manager,1,74,19,0,U00020,U02554
U00021,user_00021,11304,865,1729,2094,Writer | minimal,1,250,18,0,U00021,U00992
U00022,bot_00022,13,1892,3172,95,Promo only,0,483,89,1,U00022,U01805
U00023,bot_00023,12,1668,3552,24,Promo only,0,369,69,1,U00023,U01950
U00024,user_00024,8253,419,2408,841,Writer | minimal,1,205,20,0,U00024,U01991
U00025,user_00025,6969,394,586,697,Teacher | learning,1,188,15,0,U00025,U03470
U00026,user_00026,1187,889,603,548,Designer | coffee,1,123,12,0,U00026,U02037
U00027,bot_00027,73,2118,4148,74,Free followers,0,293,95,1,U00027,U02047
U00028,user_00028,1535,653,2454,701,AI engineer | research,1,32,19,0,U00028,U00765
U00029,user_00029,4172,370,1864,2289,Photographer,1,143,8,0,U00029,U00481
U00030,bot_00030,5,1999,5172,120,Free followers,0,432,96,1,U00030,U04553
U00031,user_00031,8273,358,977,1515,AI engineer | research,1,75,3,0,U00031,U02570
U00032,bot_00032,79,2176,7119,87,Promo only,0,280,67,1,U00032,U00657
U00033,user_00033,1422,809,478,1263,Product manager,1,123,5,0,U00033,U04743
U00034,user_00034,10447,283,1917,2441,Product manager,1,100,10,0,U00034,U02574
U00035,bot_00035,55,1468,8502,102,Click link,0,353,118,1,U00035,U00595
U00036,bot_00036,77,1404,3600,88,Click link,0,309,124,1,U00036,U01086
U00037,user_00037,1427,450,1713,1467,Data scientist,1,60,16,0,U00037,U04334
U00038,bot_00038,75,1813,8434,33,Earn fast,0,268,93,1,U00038,U00877
U00039,user_00039,2846,478,1354,1162,Product manager,1,203,12,0,U00039,U02163
U00040,user_00040,4414,252,578,2034,AI engineer | research,1,232,10,0,U00040,U00030
U00041,user_00041,2443,852,1272,961,Photographer,1,209,16,0,U00041,U04595
U00042,bot_00042,14,1505,7469,24,Promo only,0,389,134,1,U00042,U01214
U00043,user_00043,985,515,1693,463,Product manager,1,250,13,0,U00043,U02045
U00044,user_00044,6094,773,1864,933,Cybersecurity analyst,1,256,9,0,U00044,U01451
U00045,user_00045,706,383,1560,1986,Data scientist,1,225,9,0,U00045,U01305
U00046,user_00046,2071,591,358,2227,Writer | minimal,1,76,8,0,U00046,U02865
U00047,user_00047,4028,428,296,1091,Data scientist,1,122,12,0,U00047,U00569
U00048,user_00048,4873,559,2286,1937,Teacher | learning,1,193,19,0,U00048,U00227
U00049,bot_00049,38,1565,7756,53,Promo only,0,219,73,1,U00049,U03560
U00050,user_00050,5439,646,2294,773,Product manager,1,118,20,0,U00050,U02087
U00051,bot_00051,60,1203,7259,88,Giveaway now,0,551,152,1,U00051,U01615
U00052,user_00052,1446,880,1552,1585,Data scientist,1,189,5,0,U00052,U04155
U00053,user_00053,6991,534,1848,1511,Product manager,1,161,6,0,U00053,U03445
U00054,user_00054,6511,893,912,1532,AI engineer | research,1,123,19,0,U00054,U02490
U00055,user_00055,7343,793,1519,2204,Product manager,1,133,16,0,U00055,U04188
U00056,user_00056,3080,874,547,1462,Designer | coffee,1,151,12,0,U00056,U01925
U00057,user_00057,3980,403,803,400,Writer | minimal,1,31,9,0,U00057,U00597
U00058,user_00058,10618,789,996,1872,Product manager,1,146,14,0,U00058,U01209
U00059,user_00059,390,309,1941,1196,Writer | minimal,1,65,18,0,U00059,U00412
U00060,user_00060,2288,667,746,2203,Teacher | learning,1,190,18,0,U00060,U03626
U00061,user_00061,8570,636,2444,2126,Writer | minimal,1,249,7,0,U00061,U03687
U00062,user_00062,4350,852,1335,2435,Data scientist,1,144,9,0,U00062,U03604
U00063,bot_00063,41,1680,5225,62,Promo only,0,363,174,1,U00063,U00661
U00064,bot_00064,34,1984,8684,39,Earn fast,0,561,87,1,U00064,U03399
U00065,user_00065,9190,677,1903,555,Photographer,1,72,15,0,U00065,U04785
U00066,user_00066,620,789,1758,2253,Data scientist,1,21,13,0,U00066,U03195
U00067,user_00067,7165,751,2436,1203,Data scientist,1,144,9,0,U00067,U03571
U00068,user_00068,6671,544,1856,976,Cybersecurity analyst,1,235,16,0,U00068,U04376
U00069,bot_00069,55,2412,7623,104,Giveaway now,0,213,70,1,U00069,U03512
U00070,bot_00070,64,1572,3411,53,DM for investment,0,394,101,1,U00070,U03725
U00071,user_00071,6511,484,1926,1333,Writer | minimal,1,233,4,0,U00071,U00159
U00072,user_00072,1153,558,1118,581,AI engineer | research,1,219,3,0,U00072,U02026
U00073,bot_00073,7,2472,4248,50,Giveaway now,0,264,120,1,U00073,U00938
U00074,user_00074,3871,676,1249,1810,Cybersecurity analyst,1,62,5,0,U00074,U02549
U00075,bot_00075,8,1838,7716,106,Giveaway now,0,392,110,1,U00075,U01625
U00076,bot_00076,36,1408,8711,118,Giveaway now,0,354,168,1,U00076,U04919
U00077,user_00077,9572,242,1622,2482,Designer | coffee,1,129,13,0,U00077,U04145
U00078,user_00078,507,630,2207,732,Writer | minimal,1,130,13,0,U00078,U01254
U00079,user_00079,8848,866,1306,2504,Writer | minimal,1,218,17,0,U00079,U03569
U00080,user_00080,10007,474,1520,1305,Data scientist,1,232,4,0,U00080,U03693
U00081,bot_00081,64,2367,7999,105,Earn fast,0,394,103,1,U00081,U04050
U00082,user_00082,3279,699,1068,1753,Teacher | learning,1,224,10,0,U00082,U02291
U00083,user_00083,11788,482,2476,341,Designer | coffee,1,152,8,0,U00083,U01978
U00084,user_00084,8304,768,1184,2250,Writer | minimal,1,185,17,0,U00084,U00142
U00085,bot_00085,33,2028,8667,51,Promo only,0,356,144,1,U00085,U03024
U00086,user_00086,8998,552,1942,2554,Writer | minimal,1,104,13,0,U00086,U02220
U00087,user_00087,4077,323,988,1592,Cybersecurity analyst,1,50,19,0,U00087,U01570
U00088,bot_00088,66,1766,8935,95,Promo only,0,589,127,1,U00088,U02319
U00089,user_00089,3480,503,1131,1778,AI engineer | research,1,65,11,0,U00089,U04376
U00090,bot_00090,10,1311,7533,57,DM for investment,0,557,180,1,U00090,U04022
U00091,bot_00091,6,2375,5329,80,Click link,0,445,116,1,U00091,U01511
U00092,user_00092,4436,689,667,567,Designer | coffee,1,122,17,0,U00092,U04727
U00093,user_00093,1178,355,811,1544,Designer | coffee,1,41,9,0,U00093,U04572
U00094,user_00094,10233,810,1124,2440,Writer | minimal,1,117,16,0,U00094,U02436
U00095,user_00095,7325,512,446,706,Product manager,1,215,8,0,U00095,U02168
U00096,user_00096,2873,445,911,2560,AI engineer | research,1,39,7,0,U00096,U03347
U00097,user_00097,10029,681,1392,433,Data scientist,1,79,11,0,U00097,U03720
U00098,bot_00098,34,1741,8120,95,DM for investment,0,538,162,1,U00098,U03483
U00099,bot_00099,33,1505,5176,38,DM for investment,0,236,67,1,U00099,U02520
U00100,user_00100,9625,495,1998,809,Photographer,1,139,11,0,U00100,U02231
U00101,user_00101,8390,648,529,463,Teacher | learning,1,247,15,0,U00101,U04946
U00102,user_00102,1796,434,284,1403,Cybersecurity analyst,1,167,3,0,U00102,U03855
U00103,user_00103,7545,484,943,2085,Designer | coffee,1,182,17,0,U00103,U03851
U00104,user_00104,5760,528,628,958,Writer | minimal,1,104,15,0,U00104,U02362
U00105,user_00105,6861,763,350,2162,Data scientist,1,42,12,0,U00105,U02649
U00106,bot_00106,56,2253,3009,104,Free followers,0,477,119,1,U00106,U00445
U00107,bot_00107,51,2475,7083,100,Earn fast,0,426,157,1,U00107,U01668
U00108,user_00108,2446,494,1994,2285,Product manager,1,51,2,0,U00108,U01298
U00109,user_00109,524,765,1871,681,Writer | minimal,1,77,5,0,U00109,U00963
U00110,user_00110,2822,710,1395,2384,Photographer,1,200,10,0,U00110,U03953
U00111,user_00111,4293,667,2457,892,Cybersecurity analyst,1,118,8,0,U00111,U00572
U00112,user_00112,7098,548,2279,1394,Data scientist,1,230,2,0,U00112,U02446
U00113,user_00113,9801,875,2205,908,Writer | minimal,1,134,19,0,U00113,U02828
U00114,user_00114,9203,586,2065,1618,Product manager,1,242,8,0,U00114,U04685
U00115,user_00115,7030,244,1503,2237,Photographer,1,200,14,0,U00115,U01247
U00116,user_00116,906,329,2257,1659,Writer | minimal,1,242,5,0,U00116,U00817
U00117,user_00117,7786,215,790,1979,Designer | coffee,1,242,6,0,U00117,U03847
U00118,user_00118,4642,546,1828,628,Photographer,1,238,12,0,U00118,U02595
U00119,user_00119,8294,754,347,580,Product manager,1,80,11,0,U00119,U00741
U00120,user_00120,1912,848,611,2117,AI engineer | research,1,62,11,0,U00120,U00377
U00121,user_00121,1219,500,1668,1835,Product manager,1,130,6,0,U00121,U04352
U00122,user_00122,11470,384,896,1017,Product manager,1,40,14,0,U00122,U04077
U00123,user_00123,2644,437,2088,1340,AI engineer | research,1,137,10,0,U00123,U03812
U00124,user_00124,11401,759,847,602,Data scientist,1,133,13,0,U00124,U03476
U00125,user_00125,7784,509,1015,1875,Designer | coffee,1,238,17,0,U00125,U01944
U00126,user_00126,6181,788,1411,1509,Data scientist,1,25,14,0,U00126,U00067
U00127,user_00127,11536,250,2234,1472,Teacher | learning,1,218,9,0,U00127,U01795
U00128,user_00128,10472,456,760,697,Data scientist,1,251,3,0,U00128,U03612
U00129,bot_00129,51,1469,3738,57,Free followers,0,367,155,1,U00129,U01439
U00130,bot_00130,74,1949,7348,84,DM for investment,0,339,166,1,U00130,U02106
U00131,user_00131,8194,502,1587,771,Cybersecurity analyst,1,139,4,0,U00131,U01849
U00132,user_00132,11349,606,2482,1798,AI engineer | research,1,43,14,0,U00132,U02167
U00133,user_00133,7751,577,1273,1860,Designer | coffee,1,230,13,0,U00133,U01916
U00134,user_00134,10450,774,1543,1206,Writer | minimal,1,185,4,0,U00134,U02476
U00135,user_00135,2211,343,385,452,Designer | coffee,1,97,17,0,U00135,U00797
U00136,bot_00136,73,1477,6183,78,Giveaway now,0,389,145,1,U00136,U04426
U00137,user_00137,2831,624,605,2304,Data scientist,1,177,15,0,U00137,U00269
U00138,user_00138,3859,654,2021,1267,Designer | coffee,1,238,13,0,U00138,U03010
U00139,user_00139,10864,567,448,1930,Designer | coffee,1,90,8,0,U00139,U03726
U00140,bot_00140,32,2422,3174,26,DM for investment,0,370,91,1,U00140,U04626
U00141,bot_00141,75,1624,7803,47,DM for investment,0,319,102,1,U00141,U04883
U00142,bot_00142,23,1466,7425,52,Giveaway now,0,289,74,1,U00142,U00212
U00143,bot_00143,50,1687,7823,61,Click link,0,208,82,1,U00143,U00430
U00144,bot_00144,58,2277,3931,115,Free followers,0,232,120,1,U00144,U02966
U00145,user_00145,2086,662,2263,1207,Data scientist,1,177,3,0,U00145,U03753
U00146,user_00146,810,262,2161,1945,Writer | minimal,1,129,5,0,U00146,U03634
U00147,bot_00147,15,1859,7983,38,Click link,0,233,76,1,U00147,U04796
U00148,user_00148,5627,590,2373,1507,Photographer,1,136,18,0,U00148,U00813
U00149,user_00149,2174,870,2458,1180,Product manager,1,130,16,0,U00149,U03390
U00150,user_00150,7730,608,1903,689,Teacher | learning,1,100,15,0,U00150,U02089
U00151,user_00151,2800,685,474,673,Designer | coffee,1,232,4,0,U00151,U03538
U00152,bot_00152,52,1466,7557,27,Promo only,0,500,131,1,U00152,U02701
U00153,user_00153,7030,562,1932,510,Teacher | learning,1,93,11,0,U00153,U00849
U00154,user_00154,3785,358,2175,1218,Teacher | learning,1,236,5,0,U00154,U04557
U00155,user_00155,4864,787,1126,2057,AI engineer | research,1,236,19,0,U00155,U04989
U00156,user_00156,11661,473,318,1038,Teacher | learning,1,89,11,0,U00156,U02876
U00157,bot_00157,23,2359,8384,71,Giveaway now,0,235,78,1,U00157,U00252
U00158,bot_00158,72,1640,6081,73,DM for investment,0,432,103,1,U00158,U03032
U00159,user_00159,5614,781,547,515,AI engineer | research,1,59,7,0,U00159,U00669
U00160,user_00160,11145,634,2189,2110,Product manager,1,126,10,0,U00160,U04198
U00161,bot_00161,60,1427,5320,106,Free followers,0,547,135,1,U00161,U04317
U00162,user_00162,1044,425,1818,524,Data scientist,1,21,8,0,U00162,U01731
U00163,user_00163,4486,496,1543,791,Photographer,1,21,17,0,U00163,U01440
U00164,bot_00164,73,1671,7098,91,Click link,0,542,163,1,U00164,U00591
U00165,user_00165,993,646,276,2183,Teacher | learning,1,255,4,0,U00165,U04717
U00166,user_00166,6926,855,1910,1485,AI engineer | research,1,49,14,0,U00166,U02661
U00167,bot_00167,63,1941,3721,75,Free followers,0,254,91,1,U00167,U04825
U00168,user_00168,1588,605,1470,1690,Cybersecurity analyst,1,76,12,0,U00168,U00626
U00169,user_00169,2168,743,2288,1094,Teacher | learning,1,251,13,0,U00169,U01210
U00170,bot_00170,23,1724,4616,42,Giveaway now,0,508,79,1,U00170,U00618
U00171,bot_00171,68,2150,7618,117,Giveaway now,0,496,117,1,U00171,U04625
U00172,user_00172,10532,530,1494,918,Writer | minimal,1,132,4,0,U00172,U03623
U00173,user_00173,4800,805,430,1741,Data scientist,1,149,4,0,U00173,U03783
U00174,user_00174,1232,577,1375,614,Photographer,1,185,4,0,U00174,U03791
U00175,user_00175,972,660,971,1616,Cybersecurity analyst,1,174,17,0,U00175,U00507
U00176,user_00176,5926,286,2266,1006,Writer | minimal,1,30,9,0,U00176,U03600
U00177,user_00177,10291,362,1690,1827,Photographer,1,254,11,0,U00177,U03349
U00178,user_00178,11423,812,414,1670,Designer | coffee,1,36,12,0,U00178,U04571
U00179,user_00179,4955,458,815,1665,Cybersecurity analyst,1,40,20,0,U00179,U02866
U00180,user_00180,11048,878,1805,828,Data scientist,1,172,4,0,U00180,U04579
U00181,user_00181,5681,330,2356,682,Teacher | learning,1,185,15,0,U00181,U00150
U00182,user_00182,3253,419,1599,2291,Cybersecurity analyst,1,69,9,0,U00182,U01270
U00183,bot_00183,17,2239,7421,114,Giveaway now,0,469,64,1,U00183,U02759
U00184,user_00184,10425,334,1743,931,Cybersecurity analyst,1,61,7,0,U00184,U03586
U00185,bot_00185,51,1686,6638,98,Giveaway now,0,345,156,1,U00185,U03678
U00186,bot_00186,35,1833,6842,44,Promo only,0,388,146,1,U00186,U03610
U00187,user_00187,4916,591,2259,2460,Product manager,1,127,7,0,U00187,U04954
U00188,bot_00188,37,1306,8252,81,Earn fast,0,390,130,1,U00188,U04227
U00189,user_00189,4970,285,856,1417,Cybersecurity analyst,1,135,18,0,U00189,U03584
U00190,bot_00190,33,2123,5863,23,Free followers,0,412,66,1,U00190,U04113
U00191,user_00191,6626,283,1735,1219,Designer | coffee,1,27,12,0,U00191,U02747
U00192,user_00192,2554,239,1375,2235,Writer | minimal,1,198,6,0,U00192,U03675
U00193,user_00193,1598,219,1248,1183,Photographer,1,233,6,0,U00193,U00911
U00194,user_00194,4193,508,699,495,Writer | minimal,1,81,15,0,U00194,U00515
U00195,bot_00195,68,2422,7391,22,Promo only,0,523,125,1,U00195,U01982
U00196,user_00196,5072,639,206,1745,Photographer,1,81,20,0,U00196,U01535
U00197,user_00197,1702,736,1677,577,AI engineer | research,1,154,19,0,U00197,U03199
U00198,user_00198,1013,850,1784,1829,Teacher | learning,1,84,2,0,U00198,U00554
U00199,user_00199,11065,843,624,1661,Teacher | learning,1,54,3,0,U00199,U04473
U00200,user_00200,10831,379,2103,2260,Cybersecurity analyst,1,181,7,0,U00200,U00517
U00201,user_00201,7798,237,1401,1125,AI engineer | research,1,31,8,0,U00201,U02586
U00202,user_00202,8744,607,2424,2239,Product manager,1,84,3,0,U00202,U02344
U00203,user_00203,1083,871,1559,1419,Photographer,1,51,13,0,U00203,U03277
U00204,user_00204,6634,547,965,2332,Teacher | learning,1,197,17,0,U00204,U04254
U00205,user_00205,1653,634,523,2063,Data scientist,1,174,7,0,U00205,U02632
U00206,bot_00206,46,1805,5510,77,Free followers,0,508,151,1,U00206,U01366
U00207,user_00207,6059,657,373,1744,Data scientist,1,177,15,0,U00207,U00470
U00208,bot_00208,56,1944,7203,115,Earn fast,0,547,80,1,U00208,U01170
U00209,user_00209,11409,648,342,817,Teacher | learning,1,37,9,0,U00209,U02967
U00210,user_00210,9593,233,828,2142,Writer | minimal,1,114,13,0,U00210,U00630
U00211,user_00211,8974,575,1830,1587,Product manager,1,186,10,0,U00211,U00930
U00212,bot_00212,28,2222,7241,69,Click link,0,487,75,1,U00212,U02133
U00213,user_00213,3815,826,1369,2311,Cybersecurity analyst,1,71,5,0,U00213,U00607
U00214,user_00214,11987,655,559,1609,Designer | coffee,1,190,13,0,U00214,U04506
U00215,user_00215,5214,361,913,1780,Designer | coffee,1,150,9,0,U00215,U01647
U00216,user_00216,4178,705,307,1778,Teacher | learning,1,161,20,0,U00216,U03829
U00217,user_00217,9338,332,553,569,Writer | minimal,1,99,14,0,U00217,U04307
U00218,user_00218,7008,788,502,813,Writer | minimal,1,101,4,0,U00218,U03817
U00219,user_00219,5944,331,2458,1045,Photographer,1,216,6,0,U00219,U04120
U00220,user_00220,1207,327,2322,926,Cybersecurity analyst,1,97,7,0,U00220,U02644
U00221,user_00221,3994,554,2325,1463,Data scientist,1,236,4,0,U00221,U01609
U00222,user_00222,9324,481,712,1540,Designer | coffee,1,177,19,0,U00222,U04118
U00223,user_00223,9996,794,831,1001,AI engineer | research,1,188,12,0,U00223,U00233
U00224,bot_00224,78,1742,8334,46,Free followers,0,592,133,1,U00224,U00249
U00225,user_00225,10575,758,1386,1537,Photographer,1,143,9,0,U00225,U02437
U00226,user_00226,11582,261,847,2100,Writer | minimal,1,126,17,0,U00226,U01672
U00227,user_00227,2653,520,1507,1714,Teacher | learning,1,122,6,0,U00227,U04219
U00228,user_00228,5528,447,2110,801,Product manager,1,88,16,0,U00228,U01155
U00229,bot_00229,42,1986,8041,73,DM for investment,0,327,170,1,U00229,U02683
U00230,user_00230,5423,394,852,2340,Writer | minimal,1,151,16,0,U00230,U02528
U00231,user_00231,1775,602,2270,2172,Teacher | learning,1,81,8,0,U00231,U00399
U00232,bot_00232,68,2423,8359,106,Promo only,0,440,96,1,U00232,U00067
U00233,user_00233,7360,337,1283,1798,Teacher | learning,1,215,14,0,U00233,U00371
U00234,user_00234,9643,775,997,1784,Designer | coffee,1,161,11,0,U00234,U03165
U00235,user_00235,9308,486,686,827,Teacher | learning,1,44,14,0,U00235,U02778
U00236,user_00236,6290,347,1015,2385,AI engineer | research,1,122,18,0,U00236,U00372
U00237,bot_00237,47,2170,7254,78,Promo only,0,276,137,1,U00237,U01146
U00238,user_00238,10344,526,865,1909,Teacher | learning,1,177,11,0,U00238,U04156
U00239,user_00239,9021,701,1427,2245,Teacher | learning,1,228,2,0,U00239,U02714
U00240,user_00240,7124,797,1460,409,Data scientist,1,172,17,0,U00240,U04739
U00241,user_00241,1141,797,2167,998,Cybersecurity analyst,1,154,14,0,U00241,U01985
U00242,bot_00242,19,1590,3155,76,DM for investment,0,360,113,1,U00242,U03383
U00243,user_00243,7023,713,2131,555,Product manager,1,200,6,0,U00243,U04595
U00244,user_00244,11149,689,2352,1843,Writer | minimal,1,100,7,0,U00244,U04368
U00245,user_00245,6104,892,1282,2283,Data scientist,1,69,9,0,U00245,U04572
U00246,user_00246,5176,495,1049,2302,Teacher | learning,1,101,17,0,U00246,U04592
U00247,user_00247,4780,494,699,2524,Teacher | learning,1,117,14,0,U00247,U01200
U00248,user_00248,5012,280,1618,2111,Writer | minimal,1,187,10,0,U00248,U01753
U00249,bot_00249,73,1755,7604,109,Earn fast,0,339,77,1,U00249,U04808
U00250,bot_00250,11,2287,4848,101,Earn fast,0,319,66,1,U00250,U03386
U00251,user_00251,8039,302,763,321,Photographer,1,160,7,0,U00251,U03897
U00252,user_00252,3567,494,1515,1469,Designer | coffee,1,185,3,0,U00252,U04704
U00253,bot_00253,9,1558,6423,42,Free followers,0,218,167,1,U00253,U04059
U00254,bot_00254,42,1276,3075,58,Earn fast,0,490,137,1,U00254,U02745
U00255,user_00255,10807,756,2347,2323,Writer | minimal,1,247,6,0,U00255,U02236
U00256,bot_00256,19,1877,4331,113,Click link,0,434,142,1,U00256,U01526
U00257,bot_00257,48,1804,7651,106,DM for investment,0,587,84,1,U00257,U03322
U00258,user_00258,8742,535,555,1941,Cybersecurity analyst,1,191,5,0,U00258,U01152
U00259,user_00259,4364,206,1268,1871,Data scientist,1,80,16,0,U00259,U02701
U00260,user_00260,9686,211,1271,1772,AI engineer | research,1,197,9,0,U00260,U00969
U00261,user_00261,2916,615,2258,1573,Data scientist,1,196,5,0,U00261,U03011
U00262,user_00262,3890,336,2158,927,Photographer,1,136,13,0,U00262,U04500
U00263,user_00263,9106,880,1094,1313,Writer | minimal,1,194,4,0,U00263,U04327
U00264,user_00264,1579,777,659,552,Product manager,1,232,19,0,U00264,U04692
U00265,user_00265,2995,535,2331,2109,Writer | minimal,1,49,8,0,U00265,U00745
U00266,user_00266,7598,256,2057,840,Writer | minimal,1,151,15,0,U00266,U04620
U00267,bot_00267,64,1831,8925,22,Earn fast,0,402,92,1,U00267,U01786
U00268,user_00268,1042,633,1611,561,Designer | coffee,1,158,3,0,U00268,U03868
U00269,bot_00269,57,1568,4109,118,Giveaway now,0,528,153,1,U00269,U03444
U00270,user_00270,6566,659,1746,1838,Cybersecurity analyst,1,40,19,0,U00270,U02849
U00271,bot_00271,73,2004,7332,36,Earn fast,0,572,88,1,U00271,U00187
U00272,user_00272,7885,889,2430,2037,Product manager,1,156,14,0,U00272,U02028
U00273,user_00273,2841,482,972,762,AI engineer | research,1,28,15,0,U00273,U01972
U00274,bot_00274,17,2416,3275,77,Giveaway now,0,506,146,1,U00274,U00399
U00275,bot_00275,10,2023,6595,49,Earn fast,0,476,87,1,U00275,U01148
U00276,user_00276,5039,439,1506,1613,Cybersecurity analyst,1,80,11,0,U00276,U04271
U00277,bot_00277,43,1763,3499,91,Giveaway now,0,502,172,1,U00277,U01435
U00278,user_00278,7299,769,2230,492,Teacher | learning,1,108,14,0,U00278,U03411
U00279,user_00279,5213,585,953,2503,Product manager,1,141,9,0,U00279,U02464
U00280,user_00280,2665,674,436,1990,Cybersecurity analyst,1,126,19,0,U00280,U03182
U00281,bot_00281,31,1876,8297,30,Click link,0,430,168,1,U00281,U00758
U00282,user_00282,3420,252,1299,1844,Designer | coffee,1,192,3,0,U00282,U01542
U00283,user_00283,9926,887,2489,1188,Teacher | learning,1,142,8,0,U00283,U02484
U00284,user_00284,551,416,978,780,Product manager,1,211,17,0,U00284,U04952
U00285,user_00285,6798,445,2461,1617,Photographer,1,218,11,0,U00285,U03820
U00286,user_00286,6186,515,1271,1773,Writer | minimal,1,151,17,0,U00286,U00808
U00287,user_00287,7992,527,1032,1818,AI engineer | research,1,100,15,0,U00287,U04609
U00288,user_00288,2690,216,1268,2566,Photographer,1,259,20,0,U00288,U02419
U00289,bot_00289,47,1671,6111,92,Promo only,0,325,123,1,U00289,U02766
U00290,user_00290,8305,857,2209,2187,Cybersecurity analyst,1,63,13,0,U00290,U01147
U00291,user_00291,8300,388,2420,540,Designer | coffee,1,154,3,0,U00291,U00398
U00292,user_00292,7056,340,1147,578,AI engineer | research,1,201,6,0,U00292,U01792
U00293,user_00293,6414,261,2179,2298,Photographer,1,24,2,0,U00293,U00098
U00294,bot_00294,40,2297,5348,22,Giveaway now,0,457,164,1,U00294,U03528
U00295,user_00295,3237,309,594,2447,Product manager,1,58,9,0,U00295,U04313
U00296,user_00296,6107,473,1825,623,Writer | minimal,1,115,14,0,U00296,U04629
U00297,bot_00297,33,1814,8603,30,Giveaway now,0,534,169,1,U00297,U00260
U00298,bot_00298,53,1972,7527,80,Earn fast,0,228,141,1,U00298,U01404
U00299,bot_00299,60,1878,7635,32,Earn fast,0,470,177,1,U00299,U01883
U00300,bot_00300,77,2173,5220,25,Click link,0,238,147,1,U00300,U04449
U00301,user_00301,839,383,1488,364,Cybersecurity analyst,1,73,20,0,U00301,U03263
U00302,user_00302,5203,366,1184,1893,Teacher | learning,1,193,19,0,U00302,U03145
U00303,user_00303,2592,280,2251,1716,Photographer,1,33,5,0,U00303,U01902
U00304,user_00304,5880,819,1824,1636,Writer | minimal,1,27,10,0,U00304,U04020
U00305,bot_00305,75,1968,6537,43,Giveaway now,0,548,134,1,U00305,U03114
U00306,bot_00306,42,1704,8841,29,DM for investment,0,242,94,1,U00306,U03113
U00307,user_00307,10685,357,1795,1597,Designer | coffee,1,112,5,0,U00307,U00043
U00308,user_00308,7586,568,1304,718,Cybersecurity analyst,1,53,4,0,U00308,U03531
U00309,user_00309,9388,724,1871,723,Teacher | learning,1,26,4,0,U00309,U04541
U00310,bot_00310,46,1988,3101,57,Earn fast,0,411,109,1,U00310,U04584
U00311,user_00311,4277,785,2334,994,Cybersecurity analyst,1,195,14,0,U00311,U01138
U00312,user_00312,4697,704,797,559,Data scientist,1,62,15,0,U00312,U03450
U00313,user_00313,1560,569,1230,1310,Product manager,1,204,17,0,U00313,U03751
U00314,bot_00314,43,1213,6241,62,Click link,0,517,108,1,U00314,U03607
U00315,user_00315,10966,808,757,1530,Writer | minimal,1,102,8,0,U00315,U02574
U00316,bot_00316,55,1853,5387,114,Free followers,0,555,141,1,U00316,U04718
U00317,user_00317,5639,585,1348,1909,Product manager,1,113,5,0,U00317,U04852
U00318,user_00318,3247,898,2453,410,Product manager,1,206,16,0,U00318,U03592
U00319,user_00319,11651,270,1875,2345,Product manager,1,55,11,0,U00319,U02070
U00320,user_00320,7232,586,502,2139,Photographer,1,173,17,0,U00320,U04378
U00321,user_00321,11632,628,2426,450,Designer | coffee,1,222,13,0,U00321,U00896
U00322,user_00322,11074,880,1654,981,Photographer,1,185,3,0,U00322,U02717
U00323,user_00323,7352,308,243,703,Product manager,1,86,9,0,U00323,U03652
U00324,user_00324,7886,895,2249,917,Writer | minimal,1,108,2,0,U00324,U00857
U00325,user_00325,1706,318,780,1726,Writer | minimal,1,99,12,0,U00325,U01695
U00326,user_00326,6006,687,599,2094,Teacher | learning,1,204,16,0,U00326,U00551
U00327,user_00327,11945,317,292,1705,Cybersecurity analyst,1,185,5,0,U00327,U01999
U00328,user_00328,9342,363,1555,2593,Product manager,1,129,16,0,U00328,U03319
U00329,user_00329,3353,855,1970,1920,Writer | minimal,1,27,8,0,U00329,U04852
U00330,user_00330,372,419,1042,1440,Designer | coffee,1,212,4,0,U00330,U04399
U00331,bot_00331,46,1603,6748,34,Free followers,0,334,145,1,U00331,U04324
U00332,user_00332,5434,811,1791,1907,Teacher | learning,1,170,5,0,U00332,U02884
U00333,user_00333,10414,376,1418,647,Teacher | learning,1,192,6,0,U00333,U00966
U00334,bot_00334,19,1574,6058,108,Free followers,0,272,125,1,U00334,U03427
U00335,user_00335,9717,592,1932,1060,Cybersecurity analyst,1,144,19,0,U00335,U04546
U00336,bot_00336,41,1487,4532,60,Earn fast,0,430,139,1,U00336,U02942
U00337,user_00337,8239,339,999,1872,Writer | minimal,1,163,18,0,U00337,U03352
U00338,user_00338,7109,654,2201,985,AI engineer | research,1,41,20,0,U00338,U01807
U00339,user_00339,4803,430,2402,1482,Writer | minimal,1,63,16,0,U00339,U04504
U00340,user_00340,9683,316,1297,2524,AI engineer | research,1,230,13,0,U00340,U03616
U00341,user_00341,7265,304,1213,1519,Writer | minimal,1,243,3,0,U00341,U02153
U00342,user_00342,1725,649,680,1270,Teacher | learning,1,73,20,0,U00342,U05000
U00343,user_00343,3019,830,770,1146,AI engineer | research,1,228,8,0,U00343,U04671
U00344,user_00344,4905,811,2406,989,Data scientist,1,102,11,0,U00344,U04692
U00345,user_00345,8728,895,590,855,AI engineer | research,1,212,15,0,U00345,U02272
U00346,user_00346,2378,335,1222,899,Product manager,1,202,12,0,U00346,U03218
U00347,user_00347,9760,847,1300,1996,Designer | coffee,1,116,16,0,U00347,U00763
U00348,user_00348,4858,577,2062,2299,AI engineer | research,1,103,20,0,U00348,U00764
U00349,user_00349,7811,850,1667,559,Photographer,1,223,19,0,U00349,U01785
U00350,user_00350,3770,706,1299,1622,Teacher | learning,1,232,11,0,U00350,U04484
U00351,user_00351,9575,696,1607,498,Writer | minimal,1,31,5,0,U00351,U00134
U00352,bot_00352,25,2103,6739,20,Giveaway now,0,419,85,1,U00352,U01081
U00353,user_00353,5245,362,1322,682,Data scientist,1,187,13,0,U00353,U00676
U00354,user_00354,10931,369,412,1923,Product manager,1,180,11,0,U00354,U03517
U00355,user_00355,11829,297,204,1174,Cybersecurity analyst,1,142,4,0,U00355,U04864
U00356,bot_00356,61,1219,3066,109,Earn fast,0,375,164,1,U00356,U03460
U00357,user_00357,8126,272,1137,1869,Designer | coffee,1,42,5,0,U00357,U02567
U00358,user_00358,5202,340,1767,845,Designer | coffee,1,184,6,0,U00358,U04346
U00359,user_00359,10299,865,872,2102,Cybersecurity analyst,1,109,8,0,U00359,U03373
U00360,user_00360,7548,422,555,711,Photographer,1,55,5,0,U00360,U02880
U00361,user_00361,5452,343,1214,1434,Product manager,1,185,4,0,U00361,U04534
U00362,user_00362,10254,491,309,1535,Product manager,1,72,18,0,U00362,U03210
U00363,user_00363,1194,445,2227,1880,Writer | minimal,1,48,9,0,U00363,U04866
U00364,bot_00364,6,1939,5592,36,Promo only,0,398,170,1,U00364,U03448
U00365,user_00365,11489,376,2129,598,Designer | coffee,1,24,20,0,U00365,U00113
U00366,user_00366,952,261,1830,2375,Photographer,1,93,18,0,U00366,U03470
U00367,user_00367,1650,855,2397,2502,Data scientist,1,177,6,0,U00367,U00685
U00368,user_00368,8677,408,836,2497,Designer | coffee,1,103,14,0,U00368,U02541
U00369,user_00369,4209,259,1201,653,Designer | coffee,1,256,15,0,U00369,U03715
U00370,user_00370,1201,516,919,789,AI engineer | research,1,23,6,0,U00370,U01343
U00371,user_00371,5980,735,2318,1361,Cybersecurity analyst,1,62,13,0,U00371,U02202
U00372,user_00372,2234,230,1572,2058,Designer | coffee,1,89,18,0,U00372,U02155
U00373,user_00373,9747,842,515,2332,Teacher | learning,1,136,18,0,U00373,U00455
U00374,user_00374,9587,370,1706,944,Designer | coffee,1,85,5,0,U00374,U01872
U00375,user_00375,342,245,250,1301,Teacher | learning,1,31,17,0,U00375,U03138
U00376,user_00376,3232,236,2464,2017,Product manager,1,77,12,0,U00376,U03410
U00377,user_00377,5541,477,519,1827,AI engineer | research,1,50,18,0,U00377,U01470
U00378,bot_00378,71,1294,6284,28,Click link,0,438,170,1,U00378,U02546
U00379,user_00379,9361,667,232,1811,Data scientist,1,71,11,0,U00379,U01988
U00380,user_00380,9994,705,1000,2538,Cybersecurity analyst,1,214,9,0,U00380,U00053
U00381,user_00381,691,438,2418,1718,Teacher | learning,1,182,2,0,U00381,U00012
U00382,user_00382,6464,514,625,1140,Photographer,1,155,9,0,U00382,U04031
U00383,user_00383,2632,486,581,479,Photographer,1,255,9,0,U00383,U03052
U00384,user_00384,1691,794,591,2370,Designer | coffee,1,54,14,0,U00384,U04849
U00385,user_00385,7426,878,735,1269,Teacher | learning,1,94,10,0,U00385,U03220
U00386,user_00386,5645,525,2054,1413,Product manager,1,79,4,0,U00386,U01116
U00387,user_00387,9879,311,836,732,Writer | minimal,1,62,16,0,U00387,U02573
U00388,user_00388,9080,566,1050,2151,Data scientist,1,98,16,0,U00388,U00983
U00389,bot_00389,43,2435,3330,47,Earn fast,0,367,78,1,U00389,U02034
U00390,user_00390,6792,725,400,1524,AI engineer | research,1,86,7,0,U00390,U03313
U00391,user_00391,9408,763,1223,687,Cybersecurity analyst,1,138,5,0,U00391,U00995
U00392,bot_00392,33,1467,4623,71,Giveaway now,0,390,147,1,U00392,U00689
U00393,user_00393,4540,276,289,564,Cybersecurity analyst,1,70,16,0,U00393,U00754
U00394,user_00394,5732,325,374,2188,Photographer,1,32,7,0,U00394,U03236
U00395,user_00395,6570,899,1947,1007,Cybersecurity analyst,1,110,8,0,U00395,U02253
U00396,user_00396,2735,235,1206,1508,Writer | minimal,1,147,15,0,U00396,U00500
U00397,bot_00397,54,1481,6434,45,Promo only,0,529,173,1,U00397,U02042
U00398,user_00398,9207,219,1766,1770,Writer | minimal,1,142,19,0,U00398,U02819
U00399,user_00399,8531,529,1790,1407,Teacher | learning,1,66,2,0,U00399,U04892
U00400,bot_00400,40,1319,6864,87,Promo only,0,383,158,1,U00400,U01907
U00401,user_00401,1940,453,1187,1391,Product manager,1,156,3,0,U00401,U04717
U00402,user_00402,6663,563,911,1021,Teacher | learning,1,80,20,0,U00402,U02940
U00403,user_00403,762,560,782,1071,Data scientist,1,234,17,0,U00403,U01439
U00404,user_00404,1778,257,1152,1196,Writer | minimal,1,25,18,0,U00404,U00006
U00405,user_00405,10361,406,734,1695,Teacher | learning,1,203,7,0,U00405,U00488
U00406,bot_00406,80,1490,3908,87,Click link,0,386,69,1,U00406,U03241
U00407,user_00407,5814,509,1521,858,Writer | minimal,1,60,15,0,U00407,U02600
U00408,bot_00408,76,2456,5923,48,DM for investment,0,540,135,1,U00408,U03100
U00409,user_00409,11580,501,721,1027,Photographer,1,206,2,0,U00409,U04649
U00410,bot_00410,45,2452,4809,101,Free followers,0,489,73,1,U00410,U01153
U00411,user_00411,1574,443,1620,1608,Teacher | learning,1,62,4,0,U00411,U03659
U00412,bot_00412,31,1711,8678,28,Earn fast,0,379,92,1,U00412,U00011
U00413,bot_00413,61,2059,4362,72,Free followers,0,452,172,1,U00413,U02878
U00414,user_00414,1961,690,1123,966,AI engineer | research,1,135,4,0,U00414,U02416
U00415,bot_00415,38,1414,3607,63,Free followers,0,287,173,1,U00415,U01319
U00416,user_00416,9262,295,1584,2277,Photographer,1,200,2,0,U00416,U01352
U00417,user_00417,7413,360,419,714,Product manager,1,104,8,0,U00417,U03353
U00418,user_00418,9149,471,1353,1518,AI engineer | research,1,80,5,0,U00418,U03219
U00419,user_00419,8343,357,423,1777,Designer | coffee,1,20,15,0,U00419,U02413
U00420,user_00420,10541,814,2167,1117,Product manager,1,44,2,0,U00420,U01400
U00421,user_00421,1642,684,673,1563,Writer | minimal,1,220,14,0,U00421,U04007
U00422,user_00422,4641,293,2428,1887,Photographer,1,67,13,0,U00422,U03027
U00423,bot_00423,10,1739,6602,79,Click link,0,334,88,1,U00423,U04623
U00424,bot_00424,17,1375,8473,64,Promo only,0,477,112,1,U00424,U01864
U00425,user_00425,6642,735,1914,2493,Product manager,1,195,17,0,U00425,U03902
U00426,user_00426,6768,235,2256,2416,Cybersecurity analyst,1,224,20,0,U00426,U00986
U00427,user_00427,7657,377,884,1167,Cybersecurity analyst,1,226,8,0,U00427,U00350
U00428,user_00428,11492,645,1027,905,Teacher | learning,1,233,10,0,U00428,U00549
U00429,bot_00429,76,2013,7522,61,Free followers,0,341,126,1,U00429,U00102
U00430,user_00430,10508,801,2340,2018,Cybersecurity analyst,1,48,15,0,U00430,U01215
U00431,user_00431,9846,302,632,713,Teacher | learning,1,221,11,0,U00431,U03367
U00432,user_00432,11028,697,2137,453,Photographer,1,64,10,0,U00432,U01179
U00433,user_00433,11454,611,358,1921,Product manager,1,247,12,0,U00433,U00404
U00434,user_00434,4700,581,282,1683,Data scientist,1,229,11,0,U00434,U02297
U00435,user_00435,11706,300,1133,850,Teacher | learning,1,96,16,0,U00435,U02208
U00436,user_00436,10211,861,565,1069,Photographer,1,133,8,0,U00436,U03969
U00437,user_00437,6426,257,2310,951,Photographer,1,36,11,0,U00437,U01112
U00438,user_00438,8889,782,318,1011,AI engineer | research,1,69,8,0,U00438,U02044
U00439,bot_00439,11,1938,8772,45,Free followers,0,340,107,1,U00439,U04138
U00440,user_00440,2329,897,325,1290,Writer | minimal,1,115,17,0,U00440,U01455
U00441,user_00441,8075,800,2458,1732,Data scientist,1,108,7,0,U00441,U00741
U00442,user_00442,6633,250,867,1177,Product manager,1,239,9,0,U00442,U01694
U00443,user_00443,7009,725,282,336,Cybersecurity analyst,1,141,6,0,U00443,U04925
U00444,user_00444,3966,458,1451,1427,Teacher | learning,1,128,14,0,U00444,U03761
U00445,user_00445,7946,509,2332,1926,AI engineer | research,1,169,5,0,U00445,U04191
U00446,user_00446,6431,774,1357,1522,Writer | minimal,1,195,5,0,U00446,U00523
U00447,user_00447,4829,855,1531,1434,Product manager,1,86,11,0,U00447,U01229
U00448,user_00448,4237,258,1855,1609,AI engineer | research,1,194,6,0,U00448,U04075
U00449,user_00449,4550,628,1857,1890,Product manager,1,208,3,0,U00449,U02812
U00450,user_00450,3943,747,2148,1768,Cybersecurity analyst,1,149,11,0,U00450,U04574
U00451,bot_00451,17,2164,4048,114,Promo only,0,332,152,1,U00451,U01500
U00452,user_00452,5799,870,565,1210,Data scientist,1,110,9,0,U00452,U03445
U00453,user_00453,5728,580,1267,1504,Writer | minimal,1,138,5,0,U00453,U00440
U00454,user_00454,9861,794,491,2234,Designer | coffee,1,247,8,0,U00454,U03127
U00455,user_00455,7068,255,817,862,Photographer,1,71,12,0,U00455,U04665
U00456,user_00456,7796,346,1495,1038,Writer | minimal,1,219,4,0,U00456,U02725
U00457,user_00457,3197,520,437,319,Product manager,1,135,10,0,U00457,U01382
U00458,user_00458,2895,701,560,830,Photographer,1,177,15,0,U00458,U03305
U00459,user_00459,8121,592,219,454,Teacher | learning,1,156,8,0,U00459,U00116
U00460,user_00460,9000,395,273,316,Product manager,1,180,9,0,U00460,U02821
U00461,user_00461,1982,592,2261,1553,AI engineer | research,1,62,4,0,U00461,U02443
U00462,user_00462,7769,732,2346,1683,Teacher | learning,1,131,6,0,U00462,U04016
U00463,user_00463,3387,368,1852,378,Cybersecurity analyst,1,78,9,0,U00463,U01731
U00464,user_00464,9961,716,892,804,Photographer,1,113,3,0,U00464,U02096
U00465,user_00465,10509,249,396,742,AI engineer | research,1,187,2,0,U00465,U00949
U00466,user_00466,6530,326,2441,1335,Product manager,1,141,6,0,U00466,U00077
U00467,user_00467,11140,303,2331,1405,Photographer,1,179,6,0,U00467,U00860
U00468,user_00468,10420,320,1357,766,Writer | minimal,1,220,5,0,U00468,U01628
U00469,user_00469,4608,735,1026,1766,Data scientist,1,200,15,0,U00469,U01314
U00470,bot_00470,68,1625,8637,81,Earn fast,0,369,90,1,U00470,U00105
U00471,user_00471,2109,787,2223,910,Designer | coffee,1,43,18,0,U00471,U00830
U00472,user_00472,10856,436,2070,1512,AI engineer | research,1,87,16,0,U00472,U00818
U00473,user_00473,946,497,1675,1580,Designer | coffee,1,129,5,0,U00473,U00376
U00474,bot_00474,22,1549,5692,65,Click link,0,424,139,1,U00474,U00762
U00475,user_00475,5915,387,666,1941,Data scientist,1,122,16,0,U00475,U03160
U00476,user_00476,8135,631,883,763,Cybersecurity analyst,1,53,3,0,U00476,U00850
U00477,user_00477,9978,694,1994,1042,Teacher | learning,1,176,14,0,U00477,U00237
U00478,user_00478,2440,694,2199,762,Writer | minimal,1,247,15,0,U00478,U00377
U00479,bot_00479,45,1225,8771,106,Giveaway now,0,468,158,1,U00479,U04724
U00480,user_00480,3969,885,1585,2426,Photographer,1,153,5,0,U00480,U02037
U00481,user_00481,11174,892,1776,908,AI engineer | research,1,234,19,0,U00481,U00096
U00482,user_00482,2871,717,2122,2330,Designer | coffee,1,242,7,0,U00482,U04028
U00483,user_00483,5721,484,406,2376,Photographer,1,77,19,0,U00483,U03304
U00484,user_00484,1591,670,2019,2135,Writer | minimal,1,42,17,0,U00484,U02590
U00485,bot_00485,68,1236,3840,71,Promo only,0,411,64,1,U00485,U04499
U00486,bot_00486,16,2437,8071,101,Promo only,0,355,173,1,U00486,U04607
U00487,bot_00487,63,1898,5976,26,Free followers,0,314,168,1,U00487,U02720
U00488,user_00488,10454,814,2137,1788,Designer | coffee,1,203,16,0,U00488,U00799
U00489,user_00489,3933,202,1598,1754,Teacher | learning,1,232,11,0,U00489,U00871
U00490,bot_00490,26,2208,4150,111,Free followers,0,580,152,1,U00490,U00877
U00491,user_00491,3509,392,694,1909,Product manager,1,75,16,0,U00491,U02769
U00492,bot_00492,58,1295,8187,106,Free followers,0,501,75,1,U00492,U03747
U00493,user_00493,8560,337,2243,317,Photographer,1,155,3,0,U00493,U04794
U00494,user_00494,8628,381,911,825,Teacher | learning,1,46,14,0,U00494,U04130
U00495,user_00495,7159,823,1216,1420,Data scientist,1,121,12,0,U00495,U03710
U00496,user_00496,2563,622,2298,1524,Teacher | learning,1,235,19,0,U00496,U04535
U00497,user_00497,3591,414,1390,1714,Cybersecurity analyst,1,255,6,0,U00497,U04128
U00498,user_00498,10734,530,672,1742,Photographer,1,163,17,0,U00498,U04374
U00499,user_00499,7220,213,2341,736,Cybersecurity analyst,1,26,14,0,U00499,U00435
U00500,user_00500,3575,473,859,1473,Cybersecurity analyst,1,194,10,0,U00500,U00509
U00501,user_00501,5135,408,2416,432,Designer | coffee,1,111,16,0,U00501,U04603
U00502,user_00502,10902,774,1792,1273,AI engineer | research,1,150,11,0,U00502,U03126
U00503,user_00503,11525,520,2461,520,Product manager,1,23,10,0,U00503,U03630
U00504,user_00504,10683,863,1706,2538,Product manager,1,209,8,0,U00504,U02410
U00505,user_00505,11484,276,965,1011,Designer | coffee,1,208,18,0,U00505,U03091
U00506,bot_00506,40,2339,5164,36,Click link,0,282,134,1,U00506,U00047
U00507,user_00507,11927,358,363,929,AI engineer | research,1,257,12,0,U00507,U02468
U00508,user_00508,9682,763,1666,598,Product manager,1,220,12,0,U00508,U01507
U00509,user_00509,8576,363,1903,2524,Designer | coffee,1,157,14,0,U00509,U02863
U00510,bot_00510,32,1879,5712,66,Promo only,0,350,87,1,U00510,U04346
U00511,user_00511,9496,864,236,769,Writer | minimal,1,191,13,0,U00511,U01969
U00512,user_00512,10354,836,1198,463,Photographer,1,194,12,0,U00512,U00929
U00513,user_00513,9151,489,301,2417,Writer | minimal,1,230,13,0,U00513,U03988
U00514,bot_00514,29,1856,7209,30,Promo only,0,249,81,1,U00514,U04369
U00515,bot_00515,13,1631,8491,100,Giveaway now,0,596,87,1,U00515,U03476
U00516,user_00516,3668,750,1982,595,AI engineer | research,1,211,6,0,U00516,U03762
U00517,user_00517,920,289,500,522,Designer | coffee,1,65,10,0,U00517,U04711
U00518,user_00518,4537,617,1789,2147,Photographer,1,181,14,0,U00518,U02592
U00519,bot_00519,20,2295,3048,102,Earn fast,0,568,139,1,U00519,U04798
U00520,bot_00520,14,1932,7119,33,Giveaway now,0,348,160,1,U00520,U02469
U00521,user_00521,4912,648,1762,1918,Writer | minimal,1,230,2,0,U00521,U01281
U00522,user_00522,2534,600,2435,1508,Data scientist,1,182,6,0,U00522,U03057
U00523,user_00523,482,766,2473,879,AI engineer | research,1,51,3,0,U00523,U04692
U00524,user_00524,9100,760,548,1548,Product manager,1,73,13,0,U00524,U03381
U00525,user_00525,8697,345,859,1053,Product manager,1,76,10,0,U00525,U00939
U00526,bot_00526,77,1311,7496,79,Earn fast,0,530,130,1,U00526,U02382
U00527,user_00527,4407,300,1008,2295,Cybersecurity analyst,1,104,13,0,U00527,U01922
U00528,bot_00528,13,1596,5603,82,Promo only,0,430,102,1,U00528,U02505
U00529,user_00529,2796,779,1692,1595,AI engineer | research,1,129,7,0,U00529,U02566
U00530,bot_00530,33,2093,5266,66,Giveaway now,0,268,146,1,U00530,U02717
U00531,user_00531,7883,656,1669,1551,Designer | coffee,1,144,19,0,U00531,U01440
U00532,user_00532,1643,487,773,2506,Designer | coffee,1,70,10,0,U00532,U00618
U00533,user_00533,8609,846,327,1959,Product manager,1,216,20,0,U00533,U00301
U00534,user_00534,9204,752,2133,908,Product manager,1,113,14,0,U00534,U04831
U00535,user_00535,5067,337,2103,2352,Photographer,1,150,4,0,U00535,U02981
U00536,user_00536,11157,444,879,2405,Cybersecurity analyst,1,55,16,0,U00536,U01468
U00537,user_00537,9570,875,798,2280,AI engineer | research,1,260,13,0,U00537,U01793
U00538,user_00538,4096,264,1282,1813,Product manager,1,79,3,0,U00538,U04243
U00539,user_00539,6218,597,2123,2162,AI engineer | research,1,245,3,0,U00539,U02655
U00540,bot_00540,71,2497,5240,114,Promo only,0,334,134,1,U00540,U04671
U00541,bot_00541,53,1948,7814,103,Click link,0,239,126,1,U00541,U03083
U00542,user_00542,3951,728,1862,1745,Writer | minimal,1,229,13,0,U00542,U03950
U00543,user_00543,408,713,769,2101,Designer | coffee,1,62,9,0,U00543,U04216
U00544,user_00544,3765,353,965,944,Product manager,1,112,5,0,U00544,U03397
U00545,user_00545,2156,693,2161,2262,Cybersecurity analyst,1,73,20,0,U00545,U03367
U00546,bot_00546,10,1461,7698,95,Giveaway now,0,282,77,1,U00546,U04200
U00547,bot_00547,78,1500,3458,41,DM for investment,0,332,178,1,U00547,U04233
U00548,user_00548,10119,777,276,1461,Writer | minimal,1,41,8,0,U00548,U04969
U00549,user_00549,8191,374,1098,1982,Cybersecurity analyst,1,173,6,0,U00549,U04185
U00550,user_00550,11532,550,2057,581,Photographer,1,78,14,0,U00550,U01084
U00551,bot_00551,30,2270,7131,107,DM for investment,0,414,165,1,U00551,U04961
U00552,bot_00552,65,2459,7913,24,Earn fast,0,472,124,1,U00552,U00764
U00553,user_00553,2435,817,2408,304,Photographer,1,249,15,0,U00553,U03035
U00554,user_00554,11730,742,1957,1239,Photographer,1,260,17,0,U00554,U02872
U00555,user_00555,11714,789,600,2042,Writer | minimal,1,54,10,0,U00555,U01905
U00556,user_00556,1673,490,2427,1973,AI engineer | research,1,85,8,0,U00556,U00059
U00557,user_00557,2230,732,229,1836,Teacher | learning,1,187,8,0,U00557,U03350
U00558,user_00558,2835,636,1238,1370,Photographer,1,238,19,0,U00558,U04626
U00559,user_00559,4814,896,1827,1134,Writer | minimal,1,125,19,0,U00559,U01465
U00560,user_00560,9391,695,1239,1556,Photographer,1,167,13,0,U00560,U01132
U00561,user_00561,11101,321,1141,2129,Designer | coffee,1,220,7,0,U00561,U01757
U00562,user_00562,5844,763,413,958,Designer | coffee,1,119,2,0,U00562,U01191
U00563,user_00563,10134,645,561,562,Teacher | learning,1,87,9,0,U00563,U00656
U00564,user_00564,6596,610,2334,1473,Cybersecurity analyst,1,202,3,0,U00564,U04050
U00565,user_00565,3604,872,2322,1471,Product manager,1,69,3,0,U00565,U01389
U00566,user_00566,6193,444,201,944,Photographer,1,42,10,0,U00566,U02893
U00567,user_00567,6942,800,1020,2420,Designer | coffee,1,23,4,0,U00567,U04503
U00568,user_00568,9460,796,1625,1723,Product manager,1,228,10,0,U00568,U04968
U00569,user_00569,7750,613,219,1369,Designer | coffee,1,64,15,0,U00569,U04577
U00570,bot_00570,42,1896,3958,85,Promo only,0,331,172,1,U00570,U04710
U00571,user_00571,7554,586,2180,1296,Writer | minimal,1,213,12,0,U00571,U03775
U00572,user_00572,748,693,676,1356,Product manager,1,37,14,0,U00572,U01884
U00573,user_00573,7057,561,2315,2494,Product manager,1,22,10,0,U00573,U02354
U00574,bot_00574,48,1355,7542,42,Click link,0,443,100,1,U00574,U01791
U00575,user_00575,4708,387,978,2343,Product manager,1,208,8,0,U00575,U01983
U00576,user_00576,3687,434,1030,1322,Cybersecurity analyst,1,234,13,0,U00576,U00874
U00577,bot_00577,15,2208,8028,20,Promo only,0,591,169,1,U00577,U00347
U00578,user_00578,6381,835,1491,2316,Data scientist,1,249,20,0,U00578,U04021
U00579,bot_00579,70,1773,6259,48,DM for investment,0,584,133,1,U00579,U00444
U00580,user_00580,7233,689,2414,433,Photographer,1,148,13,0,U00580,U01432
U00581,user_00581,2272,730,2084,1592,AI engineer | research,1,196,2,0,U00581,U01727
U00582,user_00582,1950,533,1681,1363,Data scientist,1,67,19,0,U00582,U01943
U00583,user_00583,10344,551,1698,1053,Product manager,1,147,15,0,U00583,U03434
U00584,user_00584,6399,573,1840,1445,Cybersecurity analyst,1,135,7,0,U00584,U04718
U00585,user_00585,1936,476,1165,2574,Product manager,1,130,14,0,U00585,U01195
U00586,user_00586,2750,684,239,1023,Cybersecurity analyst,1,127,17,0,U00586,U04236
U00587,user_00587,5472,698,1428,1327,AI engineer | research,1,163,20,0,U00587,U03264
U00588,bot_00588,25,1322,4765,52,Giveaway now,0,443,167,1,U00588,U00789
U00589,user_00589,5783,466,1678,1775,Data scientist,1,163,19,0,U00589,U02820
U00590,bot_00590,20,1919,8567,97,Promo only,0,301,133,1,U00590,U04411
U00591,bot_00591,41,1927,5663,106,Giveaway now,0,461,122,1,U00591,U03662
U00592,user_00592,6543,828,1373,2199,Cybersecurity analyst,1,181,6,0,U00592,U02764
U00593,user_00593,10332,785,1857,592,Teacher | learning,1,40,7,0,U00593,U01870
U00594,user_00594,10998,498,1295,1919,Teacher | learning,1,89,16,0,U00594,U04809
U00595,user_00595,7677,623,885,1053,Cybersecurity analyst,1,238,2,0,U00595,U01923
U00596,user_00596,11780,281,1062,983,Designer | coffee,1,121,5,0,U00596,U00523
U00597,user_00597,8052,761,420,407,Designer | coffee,1,217,14,0,U00597,U00852
U00598,user_00598,2844,286,1796,1567,Data scientist,1,78,9,0,U00598,U03631
U00599,user_00599,2450,739,898,417,Teacher | learning,1,28,13,0,U00599,U03901
U00600,user_00600,9156,478,2446,2122,Cybersecurity analyst,1,54,19,0,U00600,U04841
U00601,user_00601,10639,851,1981,2444,Data scientist,1,183,19,0,U00601,U02845
U00602,user_00602,4021,291,2009,1561,Data scientist,1,113,15,0,U00602,U01276
U00603,user_00603,301,735,758,1708,AI engineer | research,1,93,17,0,U00603,U04030
U00604,user_00604,8116,506,237,2063,Product manager,1,224,11,0,U00604,U00060
U00605,user_00605,3389,621,2496,2090,Cybersecurity analyst,1,121,9,0,U00605,U03193
U00606,user_00606,3914,469,524,2029,Data scientist,1,180,9,0,U00606,U02333
U00607,user_00607,9015,475,1891,1070,Cybersecurity analyst,1,238,4,0,U00607,U01120
U00608,user_00608,10734,666,2054,1414,Product manager,1,199,17,0,U00608,U02627
U00609,bot_00609,11,2295,3181,43,Click link,0,252,96,1,U00609,U01025
U00610,user_00610,434,438,569,917,Product manager,1,23,17,0,U00610,U02801
U00611,user_00611,8465,580,2099,429,Cybersecurity analyst,1,104,4,0,U00611,U00460
U00612,user_00612,6729,273,2424,2225,Data scientist,1,66,8,0,U00612,U03126
U00613,user_00613,2298,454,1776,2114,Product manager,1,83,3,0,U00613,U03776
U00614,user_00614,1839,733,1053,2236,Teacher | learning,1,119,11,0,U00614,U01300
U00615,user_00615,991,762,2333,800,Data scientist,1,84,17,0,U00615,U01628
U00616,user_00616,1153,882,1092,762,Teacher | learning,1,80,15,0,U00616,U00124
U00617,bot_00617,40,2397,3980,70,Earn fast,0,324,61,1,U00617,U04761
U00618,user_00618,8086,810,834,1821,Product manager,1,217,4,0,U00618,U01292
U00619,user_00619,11538,833,1586,545,Cybersecurity analyst,1,35,13,0,U00619,U04394
U00620,user_00620,2361,699,1153,1597,Writer | minimal,1,162,13,0,U00620,U01581
U00621,bot_00621,53,1933,8934,37,Earn fast,0,328,175,1,U00621,U03976
U00622,user_00622,9459,501,2423,2307,Cybersecurity analyst,1,68,20,0,U00622,U04454
U00623,user_00623,7974,481,2471,956,Cybersecurity analyst,1,37,18,0,U00623,U03682
U00624,user_00624,4614,754,1703,2159,Photographer,1,20,18,0,U00624,U01520
U00625,user_00625,10453,572,1178,1613,Photographer,1,204,4,0,U00625,U01556
U00626,user_00626,8451,764,831,1459,Teacher | learning,1,102,15,0,U00626,U00905
U00627,bot_00627,13,1289,4063,42,Earn fast,0,216,85,1,U00627,U03977
U00628,bot_00628,9,2369,8257,69,Promo only,0,536,122,1,U00628,U04836
U00629,user_00629,6302,426,490,353,Writer | minimal,1,258,8,0,U00629,U00656
U00630,user_00630,10768,262,1678,2585,Teacher | learning,1,210,15,0,U00630,U00478
U00631,user_00631,4655,741,366,588,Designer | coffee,1,233,11,0,U00631,U01769
U00632,user_00632,1891,303,1146,2477,Product manager,1,118,8,0,U00632,U04311
U00633,user_00633,9639,840,932,2587,Photographer,1,211,19,0,U00633,U00865
U00634,user_00634,9746,566,2078,2049,Cybersecurity analyst,1,246,5,0,U00634,U01478
U00635,user_00635,8568,545,847,2486,Teacher | learning,1,173,16,0,U00635,U02582
U00636,user_00636,5619,580,1888,2063,Product manager,1,231,12,0,U00636,U04614
U00637,user_00637,6445,763,1240,1774,Photographer,1,135,16,0,U00637,U00002
U00638,user_00638,4960,810,266,2420,AI engineer | research,1,54,11,0,U00638,U02461
U00639,user_00639,3819,522,288,1430,Cybersecurity analyst,1,255,19,0,U00639,U00773
U00640,bot_00640,50,1519,4133,53,Promo only,0,387,173,1,U00640,U02047
U00641,bot_00641,43,1388,7673,71,DM for investment,0,491,177,1,U00641,U00633
U00642,user_00642,8205,377,2199,690,AI engineer | research,1,172,11,0,U00642,U04721
U00643,user_00643,1216,542,1625,2078,Product manager,1,126,5,0,U00643,U04935
U00644,user_00644,10685,847,1766,521,AI engineer | research,1,98,18,0,U00644,U02616
U00645,user_00645,2750,534,2257,1204,Photographer,1,59,3,0,U00645,U03651
U00646,user_00646,9724,716,568,1209,Photographer,1,130,11,0,U00646,U01213
U00647,bot_00647,15,2174,7681,115,Free followers,0,225,130,1,U00647,U02151
U00648,bot_00648,69,2089,8716,36,Free followers,0,590,77,1,U00648,U04582
U00649,bot_00649,55,2370,4606,91,Promo only,0,515,154,1,U00649,U02018
U00650,bot_00650,39,2080,5649,107,Earn fast,0,494,71,1,U00650,U03389
U00651,user_00651,6006,395,1513,1711,Data scientist,1,172,2,0,U00651,U01387
U00652,user_00652,10396,652,797,2104,Product manager,1,31,9,0,U00652,U03063
U00653,bot_00653,15,1430,3446,51,DM for investment,0,517,178,1,U00653,U02357
U00654,bot_00654,19,1824,6686,80,DM for investment,0,211,102,1,U00654,U04408
U00655,bot_00655,74,2271,5118,90,Giveaway now,0,447,139,1,U00655,U01158
U00656,user_00656,11248,218,1742,2457,Cybersecurity analyst,1,31,10,0,U00656,U00493
U00657,user_00657,11711,832,1311,517,Designer | coffee,1,139,2,0,U00657,U03184
U00658,user_00658,11162,875,1675,741,Photographer,1,24,11,0,U00658,U01894
U00659,user_00659,8631,301,1492,2285,Designer | coffee,1,241,19,0,U00659,U01528
U00660,bot_00660,63,2348,8836,22,Promo only,0,220,91,1,U00660,U02498
U00661,user_00661,6745,360,275,1720,Teacher | learning,1,195,13,0,U00661,U02477
U00662,bot_00662,69,1764,3507,100,Free followers,0,331,172,1,U00662,U00242
U00663,user_00663,4890,430,821,1699,Cybersecurity analyst,1,249,14,0,U00663,U00720
U00664,user_00664,8831,894,1131,2009,Cybersecurity analyst,1,81,20,0,U00664,U03494
U00665,user_00665,10218,537,2039,2520,Cybersecurity analyst,1,53,8,0,U00665,U04760
U00666,user_00666,3614,341,1465,2445,Photographer,1,252,6,0,U00666,U01190
U00667,user_00667,9554,361,1500,577,Designer | coffee,1,162,19,0,U00667,U01509
U00668,user_00668,2684,230,1505,1995,Writer | minimal,1,125,11,0,U00668,U02243
U00669,bot_00669,29,1418,4077,43,Promo only,0,213,157,1,U00669,U02187
U00670,user_00670,10332,436,1151,1245,Teacher | learning,1,195,2,0,U00670,U00652
U00671,user_00671,8108,337,2257,2220,Cybersecurity analyst,1,202,13,0,U00671,U03175
U00672,user_00672,2553,367,991,1226,AI engineer | research,1,28,15,0,U00672,U02211
U00673,user_00673,3946,887,1030,1137,Writer | minimal,1,36,7,0,U00673,U04014
U00674,user_00674,7796,452,1951,1958,Photographer,1,218,3,0,U00674,U02564
U00675,user_00675,9670,808,2396,2451,Designer | coffee,1,184,3,0,U00675,U03700
U00676,user_00676,994,451,2324,2503,Photographer,1,121,3,0,U00676,U04229
U00677,user_00677,1107,394,1392,2100,Data scientist,1,121,11,0,U00677,U03780
U00678,bot_00678,42,2455,3446,108,DM for investment,0,464,175,1,U00678,U03798
U00679,user_00679,7700,292,2250,763,Cybersecurity analyst,1,66,20,0,U00679,U03221
U00680,user_00680,7687,225,932,2158,Writer | minimal,1,171,8,0,U00680,U00739
U00681,user_00681,11633,864,871,806,Writer | minimal,1,43,5,0,U00681,U02974
U00682,bot_00682,54,2247,8014,40,Free followers,0,393,130,1,U00682,U00360
U00683,user_00683,5791,779,814,964,Cybersecurity analyst,1,242,6,0,U00683,U00421
U00684,user_00684,5371,656,1382,1040,Product manager,1,50,6,0,U00684,U00029
U00685,user_00685,4446,212,2078,2338,AI engineer | research,1,238,17,0,U00685,U04981
U00686,user_00686,4197,422,2148,2158,Designer | coffee,1,124,16,0,U00686,U04926
U00687,user_00687,4309,760,1339,2583,AI engineer | research,1,229,8,0,U00687,U01515
U00688,bot_00688,49,1275,4190,24,Promo only,0,541,133,1,U00688,U02445
U00689,user_00689,1736,250,646,2007,Data scientist,1,65,7,0,U00689,U04874
U00690,user_00690,9510,381,2065,1775,Designer | coffee,1,258,3,0,U00690,U02452
U00691,user_00691,6508,269,1950,2554,Writer | minimal,1,36,11,0,U00691,U01103
U00692,bot_00692,40,1874,7317,72,Giveaway now,0,468,86,1,U00692,U01713
U00693,user_00693,2090,785,2366,659,Photographer,1,143,11,0,U00693,U04988
U00694,user_00694,4554,738,1649,831,Writer | minimal,1,177,20,0,U00694,U04258
U00695,user_00695,8454,704,936,1253,Product manager,1,201,11,0,U00695,U00013
U00696,bot_00696,64,2480,3966,114,Promo only,0,306,162,1,U00696,U03397
U00697,user_00697,5768,558,2495,1169,Data scientist,1,22,8,0,U00697,U02085
U00698,user_00698,5342,507,2275,2552,Designer | coffee,1,102,2,0,U00698,U02731
U00699,user_00699,9621,830,319,1019,Teacher | learning,1,69,12,0,U00699,U03925
U00700,user_00700,882,861,756,2272,Teacher | learning,1,59,16,0,U00700,U03789
U00701,user_00701,7082,257,2334,1526,AI engineer | research,1,164,12,0,U00701,U01707
U00702,user_00702,5734,562,471,911,Teacher | learning,1,91,2,0,U00702,U03074
U00703,user_00703,3019,784,1795,1067,Data scientist,1,172,5,0,U00703,U02577
U00704,user_00704,4748,623,555,2335,Teacher | learning,1,244,9,0,U00704,U03703
U00705,user_00705,5258,421,2350,1538,Teacher | learning,1,64,5,0,U00705,U00307
U00706,user_00706,1817,654,2272,402,Cybersecurity analyst,1,224,17,0,U00706,U01559
U00707,user_00707,8221,736,1471,1640,Cybersecurity analyst,1,56,5,0,U00707,U01681
U00708,user_00708,7826,596,2339,774,AI engineer | research,1,21,11,0,U00708,U04869
U00709,user_00709,5760,678,388,722,AI engineer | research,1,153,11,0,U00709,U04732
U00710,user_00710,10766,414,1514,1121,Data scientist,1,69,11,0,U00710,U04361
U00711,user_00711,7527,887,681,1416,Data scientist,1,58,7,0,U00711,U00938
U00712,bot_00712,76,2252,3838,46,Promo only,0,477,104,1,U00712,U02610
U00713,user_00713,11840,490,1202,1001,Teacher | learning,1,38,11,0,U00713,U04429
U00714,user_00714,2431,229,2128,506,AI engineer | research,1,47,14,0,U00714,U00706
U00715,user_00715,3232,810,2026,1756,Product manager,1,99,12,0,U00715,U04371
U00716,bot_00716,64,2362,4079,31,Earn fast,0,557,119,1,U00716,U03733
U00717,user_00717,10858,676,2127,1249,Data scientist,1,77,6,0,U00717,U02978
U00718,user_00718,11762,881,1553,1630,AI engineer | research,1,136,17,0,U00718,U00536
U00719,user_00719,6058,690,2089,999,Cybersecurity analyst,1,92,13,0,U00719,U04162
U00720,bot_00720,18,1867,7555,103,Click link,0,236,161,1,U00720,U04365
U00721,user_00721,9975,623,1177,1298,Writer | minimal,1,160,7,0,U00721,U03145
U00722,bot_00722,31,2410,6531,120,Click link,0,422,132,1,U00722,U04461
U00723,user_00723,3135,878,519,2293,Writer | minimal,1,49,20,0,U00723,U02666
U00724,user_00724,7594,380,1461,1962,Photographer,1,37,5,0,U00724,U02683
U00725,user_00725,11116,262,570,1191,AI engineer | research,1,229,6,0,U00725,U01202
U00726,user_00726,7721,744,1393,1897,Writer | minimal,1,177,20,0,U00726,U01603
U00727,bot_00727,45,1813,7671,106,Free followers,0,355,177,1,U00727,U02821
U00728,user_00728,9847,208,2290,1955,Data scientist,1,236,6,0,U00728,U00512
U00729,user_00729,9292,254,203,2593,Designer | coffee,1,230,13,0,U00729,U02312
U00730,user_00730,4154,642,1814,1603,Photographer,1,202,14,0,U00730,U03126
U00731,user_00731,3760,878,910,2245,Photographer,1,55,8,0,U00731,U02952
U00732,user_00732,2827,495,714,850,AI engineer | research,1,22,4,0,U00732,U01180
U00733,user_00733,8274,873,1988,856,Photographer,1,41,6,0,U00733,U03736
U00734,user_00734,11693,818,1943,1036,Photographer,1,136,18,0,U00734,U04523
U00735,user_00735,6603,563,1124,1061,Writer | minimal,1,128,2,0,U00735,U01940
U00736,user_00736,4711,620,2437,1803,Writer | minimal,1,28,3,0,U00736,U03020
U00737,bot_00737,66,1363,4163,113,Click link,0,574,127,1,U00737,U03809
U00738,user_00738,8874,824,562,1304,Data scientist,1,140,4,0,U00738,U00433
U00739,user_00739,9065,211,2120,2159,Teacher | learning,1,151,17,0,U00739,U03449
U00740,user_00740,5127,496,886,444,Data scientist,1,197,11,0,U00740,U00504
U00741,user_00741,9772,373,411,1495,Data scientist,1,227,2,0,U00741,U03972
U00742,bot_00742,69,1357,5276,52,Click link,0,267,138,1,U00742,U02255
U00743,user_00743,532,314,915,919,Teacher | learning,1,188,16,0,U00743,U01437
U00744,user_00744,11781,441,2186,1040,AI engineer | research,1,224,18,0,U00744,U02809
U00745,user_00745,2676,809,831,2331,Photographer,1,212,15,0,U00745,U01950
U00746,user_00746,10746,371,1063,1713,Designer | coffee,1,33,10,0,U00746,U00431
U00747,bot_00747,56,2175,5468,80,Promo only,0,582,156,1,U00747,U01915
U00748,user_00748,11860,599,2143,1375,Photographer,1,57,18,0,U00748,U00098
U00749,user_00749,7653,591,1493,2471,Designer | coffee,1,194,3,0,U00749,U04353
U00750,user_00750,7374,825,1316,1672,Designer | coffee,1,89,10,0,U00750,U02092
U00751,user_00751,6708,672,1190,1098,Cybersecurity analyst,1,153,12,0,U00751,U02567
U00752,user_00752,11323,208,478,348,Designer | coffee,1,125,5,0,U00752,U03654
U00753,user_00753,4941,457,990,439,AI engineer | research,1,26,4,0,U00753,U04868
U00754,user_00754,3852,813,698,791,Photographer,1,42,6,0,U00754,U04638
U00755,user_00755,3327,313,954,1337,Designer | coffee,1,95,16,0,U00755,U03715
U00756,user_00756,4828,637,1524,1354,Data scientist,1,61,4,0,U00756,U00512
U00757,user_00757,5750,261,1257,1384,Designer | coffee,1,65,16,0,U00757,U04029
U00758,user_00758,3587,824,1808,1030,Designer | coffee,1,185,17,0,U00758,U01179
U00759,user_00759,7365,423,635,2108,Designer | coffee,1,203,10,0,U00759,U00286
U00760,bot_00760,78,1713,6652,22,Giveaway now,0,454,79,1,U00760,U00008
U00761,user_00761,11188,599,1291,920,Photographer,1,199,12,0,U00761,U04708
U00762,bot_00762,67,2179,6572,71,Earn fast,0,572,159,1,U00762,U04425
U00763,bot_00763,54,2187,3992,92,Click link,0,474,179,1,U00763,U02732
U00764,user_00764,6863,256,571,1796,Designer | coffee,1,156,12,0,U00764,U03766
U00765,user_00765,5050,863,1031,1023,Photographer,1,161,3,0,U00765,U01565
U00766,user_00766,6691,309,1671,2292,Product manager,1,41,16,0,U00766,U01147
U00767,bot_00767,8,2414,4953,82,Promo only,0,399,68,1,U00767,U02521
U00768,user_00768,7661,216,351,1689,AI engineer | research,1,34,12,0,U00768,U03322
U00769,bot_00769,71,2138,8554,88,Promo only,0,276,154,1,U00769,U01909
U00770,user_00770,904,344,2202,378,Product manager,1,140,3,0,U00770,U01070
U00771,bot_00771,11,1829,3797,78,Promo only,0,512,81,1,U00771,U00524
U00772,user_00772,2042,316,2236,1203,Photographer,1,36,8,0,U00772,U02764
U00773,user_00773,11414,611,1528,794,Cybersecurity analyst,1,195,20,0,U00773,U02635
U00774,user_00774,3793,246,910,1674,Data scientist,1,36,5,0,U00774,U01158
U00775,user_00775,3053,578,2466,975,AI engineer | research,1,132,9,0,U00775,U01093
U00776,bot_00776,53,1523,3128,82,Earn fast,0,241,60,1,U00776,U01470
U00777,user_00777,11879,867,1362,2004,Cybersecurity analyst,1,197,17,0,U00777,U01689
U00778,bot_00778,39,2271,6689,72,DM for investment,0,322,180,1,U00778,U00309
U00779,user_00779,8490,826,560,1533,AI engineer | research,1,109,15,0,U00779,U04569
U00780,bot_00780,20,2285,3783,99,Promo only,0,385,170,1,U00780,U04158
U00781,bot_00781,31,1766,3434,44,DM for investment,0,257,161,1,U00781,U03887
U00782,user_00782,2917,886,376,521,Data scientist,1,185,13,0,U00782,U01717
U00783,user_00783,5777,831,2056,477,Cybersecurity analyst,1,46,3,0,U00783,U01295
U00784,user_00784,8247,727,675,590,Writer | minimal,1,249,9,0,U00784,U04856
U00785,user_00785,7165,403,1534,1242,Teacher | learning,1,219,5,0,U00785,U01866
U00786,bot_00786,57,1609,6076,48,Promo only,0,237,120,1,U00786,U03969
U00787,bot_00787,60,1496,4770,98,Free followers,0,432,82,1,U00787,U03060
U00788,bot_00788,29,2494,5937,54,DM for investment,0,303,102,1,U00788,U00263
U00789,user_00789,1277,487,759,755,Writer | minimal,1,238,16,0,U00789,U03427
U00790,bot_00790,48,1650,5417,97,Giveaway now,0,280,161,1,U00790,U01393
U00791,user_00791,9356,435,554,1986,Writer | minimal,1,239,18,0,U00791,U01774
U00792,user_00792,7881,485,259,2053,Product manager,1,208,9,0,U00792,U02682
U00793,user_00793,3943,805,810,320,AI engineer | research,1,126,3,0,U00793,U03856
U00794,user_00794,8561,234,1943,2475,Designer | coffee,1,120,17,0,U00794,U03707
U00795,user_00795,1661,771,250,1965,Teacher | learning,1,75,6,0,U00795,U02424
U00796,bot_00796,16,1232,6930,105,Giveaway now,0,356,80,1,U00796,U03763
U00797,user_00797,9862,224,2063,2199,Photographer,1,217,6,0,U00797,U01516
U00798,user_00798,6368,841,2101,305,Photographer,1,240,4,0,U00798,U02728
U00799,user_00799,5159,636,1305,2521,Designer | coffee,1,167,8,0,U00799,U02751
U00800,user_00800,1198,727,1690,511,Teacher | learning,1,48,14,0,U00800,U03813
U00801,user_00801,6289,575,917,2588,Product manager,1,200,4,0,U00801,U01134
U00802,user_00802,4209,752,665,2259,Product manager,1,208,20,0,U00802,U01847
U00803,user_00803,4680,715,1932,1435,Teacher | learning,1,33,4,0,U00803,U02829
U00804,user_00804,8515,739,702,2225,Data scientist,1,201,19,0,U00804,U03703
U00805,user_00805,11331,267,971,2175,Photographer,1,42,4,0,U00805,U01465
U00806,user_00806,1560,311,874,1430,Writer | minimal,1,48,6,0,U00806,U01233
U00807,user_00807,8830,842,292,1500,Cybersecurity analyst,1,126,19,0,U00807,U03883
U00808,user_00808,7572,860,287,1494,AI engineer | research,1,68,4,0,U00808,U01904
U00809,user_00809,8813,860,1575,1986,Teacher | learning,1,168,12,0,U00809,U03983
U00810,user_00810,11717,742,2446,2123,Cybersecurity analyst,1,137,11,0,U00810,U02511
U00811,bot_00811,38,1664,6966,67,Earn fast,0,347,158,1,U00811,U01216
U00812,user_00812,7769,370,858,2492,Cybersecurity analyst,1,93,7,0,U00812,U01258
U00813,bot_00813,19,1284,5593,93,Click link,0,264,116,1,U00813,U03029
U00814,bot_00814,76,1271,8452,60,Click link,0,376,78,1,U00814,U03674
U00815,user_00815,2963,746,1435,797,Photographer,1,255,2,0,U00815,U04092
U00816,user_00816,7804,527,839,317,Teacher | learning,1,209,19,0,U00816,U02422
U00817,user_00817,5048,787,802,2110,Writer | minimal,1,106,5,0,U00817,U00329
U00818,bot_00818,75,1439,5523,23,DM for investment,0,405,139,1,U00818,U03654
U00819,user_00819,5647,256,999,2456,Product manager,1,76,10,0,U00819,U00185
U00820,bot_00820,62,1378,7192,70,Click link,0,299,122,1,U00820,U04942
U00821,user_00821,1218,882,1678,1928,Teacher | learning,1,57,15,0,U00821,U03164
U00822,user_00822,4963,553,1639,1561,Designer | coffee,1,134,19,0,U00822,U01767
U00823,user_00823,7578,625,2012,1482,Photographer,1,61,15,0,U00823,U01144
U00824,user_00824,10096,288,788,1151,Teacher | learning,1,97,17,0,U00824,U00542
U00825,user_00825,9977,584,562,327,Photographer,1,124,10,0,U00825,U01433
U00826,user_00826,11936,781,760,1116,Data scientist,1,67,14,0,U00826,U04538
U00827,user_00827,5247,799,1444,2323,Product manager,1,163,16,0,U00827,U00220
U00828,user_00828,2823,468,1429,2235,Photographer,1,51,11,0,U00828,U01470
U00829,user_00829,11569,860,1202,416,Writer | minimal,1,50,10,0,U00829,U00547
U00830,user_00830,6227,795,2168,2086,Writer | minimal,1,242,10,0,U00830,U00980
U00831,user_00831,9725,217,1263,967,Cybersecurity analyst,1,168,3,0,U00831,U02619
U00832,user_00832,11658,338,1663,968,Teacher | learning,1,33,10,0,U00832,U03437
U00833,user_00833,6132,249,1387,1494,Product manager,1,155,4,0,U00833,U01502
U00834,user_00834,10110,371,2427,1621,Data scientist,1,243,12,0,U00834,U02224
U00835,user_00835,11577,571,592,2488,Cybersecurity analyst,1,168,13,0,U00835,U00106
U00836,bot_00836,41,1963,6972,72,DM for investment,0,374,177,1,U00836,U00840
U00837,bot_00837,69,1652,4543,91,Promo only,0,514,148,1,U00837,U04359
U00838,user_00838,11805,316,1909,2186,Designer | coffee,1,254,4,0,U00838,U01076
U00839,user_00839,8156,556,1476,1785,Teacher | learning,1,55,16,0,U00839,U01411
U00840,user_00840,771,321,1110,827,Product manager,1,239,6,0,U00840,U02519
U00841,bot_00841,21,1360,6480,108,Earn fast,0,590,160,1,U00841,U00637
U00842,bot_00842,66,2083,3348,45,Giveaway now,0,255,64,1,U00842,U04207
U00843,user_00843,7985,321,1236,477,AI engineer | research,1,36,11,0,U00843,U00791
U00844,user_00844,10159,410,1019,1056,AI engineer | research,1,191,13,0,U00844,U00744
U00845,bot_00845,40,2387,5849,65,Promo only,0,282,169,1,U00845,U01982
U00846,user_00846,1419,301,257,2466,Data scientist,1,75,8,0,U00846,U01408
U00847,user_00847,9100,204,604,1176,Writer | minimal,1,255,18,0,U00847,U03003
U00848,user_00848,3333,650,639,1040,Photographer,1,233,13,0,U00848,U03475
U00849,bot_00849,34,2034,3924,117,Free followers,0,360,75,1,U00849,U00904
U00850,user_00850,8423,569,1380,2582,Designer | coffee,1,204,3,0,U00850,U02688
U00851,user_00851,6604,490,2071,1577,Product manager,1,195,16,0,U00851,U04538
U00852,user_00852,7311,393,485,2248,Cybersecurity analyst,1,260,13,0,U00852,U00105
U00853,user_00853,8355,888,630,1923,Designer | coffee,1,132,18,0,U00853,U00977
U00854,bot_00854,56,2409,3833,114,Click link,0,286,68,1,U00854,U01631
U00855,user_00855,10047,613,702,1253,Writer | minimal,1,234,15,0,U00855,U02282
U00856,user_00856,9834,807,1318,1939,Photographer,1,111,17,0,U00856,U03970
U00857,user_00857,2714,665,642,800,Writer | minimal,1,84,17,0,U00857,U01891
U00858,user_00858,2505,230,607,516,Writer | minimal,1,232,4,0,U00858,U00220
U00859,user_00859,6569,819,1539,925,Designer | coffee,1,97,5,0,U00859,U04260
U00860,user_00860,7935,406,1402,2339,Data scientist,1,145,18,0,U00860,U04444
U00861,user_00861,9156,759,272,429,Photographer,1,130,5,0,U00861,U03688
U00862,user_00862,6465,653,2082,447,Data scientist,1,28,7,0,U00862,U01345
U00863,user_00863,2503,519,1793,2296,Writer | minimal,1,215,5,0,U00863,U04537
U00864,user_00864,9675,681,2149,940,Photographer,1,149,3,0,U00864,U02158
U00865,user_00865,6489,831,1644,1465,AI engineer | research,1,102,3,0,U00865,U04838
U00866,bot_00866,51,1914,7783,23,Giveaway now,0,591,174,1,U00866,U02796
U00867,user_00867,7314,553,1663,1987,Product manager,1,109,3,0,U00867,U02029
U00868,bot_00868,44,2413,3695,108,Click link,0,233,171,1,U00868,U00938
U00869,user_00869,622,751,1535,453,Photographer,1,137,15,0,U00869,U02185
U00870,bot_00870,65,2404,3182,60,Free followers,0,393,133,1,U00870,U02642
U00871,user_00871,8301,302,1043,1676,Teacher | learning,1,147,18,0,U00871,U01366
U00872,user_00872,6252,646,1026,2335,Product manager,1,182,4,0,U00872,U02355
U00873,user_00873,5171,787,1846,1225,Designer | coffee,1,179,4,0,U00873,U04849
U00874,user_00874,1402,780,2375,2246,Teacher | learning,1,129,8,0,U00874,U00629
U00875,user_00875,5245,716,1428,2073,Teacher | learning,1,189,19,0,U00875,U01640
U00876,user_00876,4416,839,2310,2156,Cybersecurity analyst,1,191,19,0,U00876,U00153
U00877,user_00877,8757,391,2244,1172,Data scientist,1,189,16,0,U00877,U04365
U00878,user_00878,7406,779,445,2439,Writer | minimal,1,71,13,0,U00878,U01211
U00879,bot_00879,43,2091,6360,60,DM for investment,0,232,141,1,U00879,U03379
U00880,user_00880,5002,861,857,1350,Photographer,1,195,9,0,U00880,U01954
U00881,bot_00881,29,1256,5011,59,Promo only,0,437,122,1,U00881,U03573
U00882,user_00882,906,406,852,1417,Data scientist,1,54,2,0,U00882,U02276
U00883,user_00883,3183,859,372,2290,AI engineer | research,1,220,2,0,U00883,U00688
U00884,user_00884,5182,265,1867,1788,Photographer,1,191,4,0,U00884,U01152
U00885,bot_00885,78,2224,3988,86,Promo only,0,540,166,1,U00885,U04303
U00886,user_00886,1778,443,700,1583,Photographer,1,104,20,0,U00886,U01933
U00887,user_00887,3871,347,637,1017,Writer | minimal,1,74,10,0,U00887,U03346
U00888,user_00888,9958,257,2208,2485,Teacher | learning,1,115,5,0,U00888,U04471
U00889,user_00889,11485,452,1337,893,Teacher | learning,1,112,17,0,U00889,U02525
U00890,bot_00890,9,1311,8658,120,Click link,0,543,90,1,U00890,U04528
U00891,user_00891,10768,571,699,2490,Writer | minimal,1,241,9,0,U00891,U03183
U00892,bot_00892,55,1723,5464,31,Click link,0,587,90,1,U00892,U01724
U00893,user_00893,2925,649,1499,1964,Data scientist,1,222,3,0,U00893,U00657
U00894,user_00894,8355,682,1891,1662,Designer | coffee,1,203,15,0,U00894,U01314
U00895,user_00895,8595,267,1641,2023,Teacher | learning,1,174,19,0,U00895,U03714
U00896,user_00896,1153,856,952,2116,AI engineer | research,1,222,6,0,U00896,U03283
U00897,bot_00897,44,1842,7717,30,DM for investment,0,256,80,1,U00897,U04231
U00898,user_00898,10936,333,1880,1608,Cybersecurity analyst,1,135,17,0,U00898,U02136
U00899,bot_00899,80,1870,5308,45,Click link,0,243,113,1,U00899,U01491
U00900,user_00900,6482,784,1119,384,Product manager,1,25,19,0,U00900,U00729
U00901,user_00901,3548,468,891,503,Data scientist,1,122,15,0,U00901,U01223
U00902,bot_00902,52,1548,7646,35,Promo only,0,207,151,1,U00902,U03565
U00903,user_00903,7733,889,2224,785,Product manager,1,77,8,0,U00903,U02181
U00904,user_00904,8396,591,733,2066,Product manager,1,239,8,0,U00904,U02319
U00905,user_00905,3402,628,938,1973,AI engineer | research,1,222,6,0,U00905,U02378
U00906,user_00906,4158,832,2047,1317,Writer | minimal,1,114,20,0,U00906,U00703
U00907,bot_00907,22,1862,8677,70,Giveaway now,0,551,87,1,U00907,U03142
U00908,user_00908,10084,462,499,690,AI engineer | research,1,162,3,0,U00908,U02727
U00909,user_00909,8015,562,386,321,Photographer,1,84,18,0,U00909,U02479
U00910,user_00910,11297,579,741,2591,Cybersecurity analyst,1,30,20,0,U00910,U02133
U00911,bot_00911,68,1894,6834,36,Giveaway now,0,245,100,1,U00911,U04346
U00912,user_00912,4566,319,1483,480,Data scientist,1,52,17,0,U00912,U02954
U00913,user_00913,4935,469,1280,2417,Cybersecurity analyst,1,100,15,0,U00913,U02585
U00914,user_00914,8349,354,2476,2102,Cybersecurity analyst,1,33,8,0,U00914,U00448
U00915,bot_00915,9,2163,5131,40,Free followers,0,561,119,1,U00915,U00951
U00916,user_00916,8408,241,2008,1760,Writer | minimal,1,201,19,0,U00916,U03750
U00917,user_00917,2725,326,1631,683,Cybersecurity analyst,1,72,11,0,U00917,U01379
U00918,user_00918,4769,776,1069,316,Cybersecurity analyst,1,154,20,0,U00918,U03412
U00919,user_00919,4333,710,586,1646,Designer | coffee,1,26,11,0,U00919,U03230
U00920,user_00920,2037,531,829,418,Writer | minimal,1,40,16,0,U00920,U03720
U00921,user_00921,4712,808,223,1649,Teacher | learning,1,31,16,0,U00921,U04663
U00922,bot_00922,11,1779,5647,27,Promo only,0,580,69,1,U00922,U04934
U00923,user_00923,6834,461,929,1283,Designer | coffee,1,217,14,0,U00923,U00169
U00924,user_00924,2969,597,1848,1467,Designer | coffee,1,185,6,0,U00924,U02446
U00925,user_00925,7383,517,737,1770,Teacher | learning,1,190,5,0,U00925,U04200
U00926,bot_00926,62,1994,6902,54,Free followers,0,488,136,1,U00926,U00740
U00927,user_00927,6333,828,963,2078,Designer | coffee,1,181,15,0,U00927,U00332
U00928,user_00928,7894,892,1118,935,Designer | coffee,1,258,17,0,U00928,U02382
U00929,user_00929,1597,689,1430,908,Product manager,1,52,11,0,U00929,U04286
U00930,user_00930,9614,248,2456,613,Designer | coffee,1,254,3,0,U00930,U04184
U00931,user_00931,1848,675,1237,1755,Designer | coffee,1,85,20,0,U00931,U04125
U00932,bot_00932,64,1567,4492,70,Free followers,0,223,70,1,U00932,U02439
U00933,user_00933,7754,886,2042,1385,Product manager,1,107,7,0,U00933,U01517
U00934,bot_00934,38,1417,6553,88,Free followers,0,209,60,1,U00934,U00956
U00935,bot_00935,66,2142,8667,71,Promo only,0,536,155,1,U00935,U03988
U00936,user_00936,10404,569,1817,1539,Cybersecurity analyst,1,42,6,0,U00936,U00114
U00937,bot_00937,7,1585,3219,46,DM for investment,0,446,143,1,U00937,U01981
U00938,user_00938,10557,751,981,652,Cybersecurity analyst,1,97,16,0,U00938,U03883
U00939,user_00939,2208,370,824,2123,AI engineer | research,1,144,17,0,U00939,U03683
U00940,user_00940,3598,501,1804,508,Designer | coffee,1,105,2,0,U00940,U03538
U00941,user_00941,8421,792,2470,1491,Photographer,1,29,17,0,U00941,U03983
U00942,user_00942,10318,894,2198,1249,AI engineer | research,1,202,3,0,U00942,U03458
U00943,user_00943,9364,265,1297,2008,Designer | coffee,1,247,17,0,U00943,U04054
U00944,user_00944,10887,555,2036,2086,Data scientist,1,25,7,0,U00944,U01575
U00945,user_00945,7478,437,2279,1199,Writer | minimal,1,170,12,0,U00945,U01075
U00946,user_00946,11955,599,1907,1775,Cybersecurity analyst,1,223,17,0,U00946,U01698
U00947,user_00947,1712,883,2177,828,Cybersecurity analyst,1,64,8,0,U00947,U04963
U00948,user_00948,7115,705,1443,1261,AI engineer | research,1,73,19,0,U00948,U00149
U00949,user_00949,4573,565,849,1015,AI engineer | research,1,231,18,0,U00949,U00522
U00950,user_00950,2167,832,1128,794,Writer | minimal,1,163,9,0,U00950,U02113
U00951,user_00951,6120,247,2481,1395,Designer | coffee,1,249,6,0,U00951,U00414
U00952,user_00952,7473,668,654,733,AI engineer | research,1,220,5,0,U00952,U04156
U00953,bot_00953,20,1620,5962,40,Giveaway now,0,572,97,1,U00953,U03617
U00954,user_00954,8465,301,831,1789,Designer | coffee,1,105,6,0,U00954,U01654
U00955,user_00955,7111,206,1204,2240,Cybersecurity analyst,1,107,11,0,U00955,U00699
U00956,user_00956,7099,569,1205,920,Photographer,1,212,18,0,U00956,U01870
U00957,bot_00957,59,2046,6353,78,Giveaway now,0,464,161,1,U00957,U02964
U00958,user_00958,7551,349,240,2419,Teacher | learning,1,37,4,0,U00958,U02579
U00959,user_00959,2992,644,451,1910,Cybersecurity analyst,1,214,3,0,U00959,U04707
U00960,bot_00960,71,1805,6434,71,Promo only,0,548,149,1,U00960,U02494
U00961,user_00961,5439,552,232,1445,Cybersecurity analyst,1,250,18,0,U00961,U03310
U00962,user_00962,3660,757,2011,1714,Product manager,1,247,14,0,U00962,U02471
U00963,bot_00963,73,1885,6194,112,DM for investment,0,568,154,1,U00963,U04264
U00964,user_00964,4951,418,580,2395,Teacher | learning,1,161,11,0,U00964,U01311
U00965,bot_00965,74,2413,5119,50,Giveaway now,0,596,98,1,U00965,U03464
U00966,user_00966,2109,261,1727,1363,Teacher | learning,1,180,18,0,U00966,U01015
U00967,bot_00967,20,2119,5440,93,Free followers,0,577,60,1,U00967,U02777
U00968,user_00968,9828,779,2384,1257,Data scientist,1,109,11,0,U00968,U04693
U00969,user_00969,6487,732,1214,731,Product manager,1,103,18,0,U00969,U02960
U00970,user_00970,2701,635,1887,635,Photographer,1,43,3,0,U00970,U01066
U00971,user_00971,7609,279,1712,2455,Photographer,1,123,20,0,U00971,U02161
U00972,user_00972,10727,633,2002,2305,Cybersecurity analyst,1,207,15,0,U00972,U01183
U00973,user_00973,8242,668,729,2402,Designer | coffee,1,240,18,0,U00973,U01742
U00974,user_00974,834,360,2489,1812,Photographer,1,255,5,0,U00974,U00904
U00975,bot_00975,78,1793,3329,86,Click link,0,278,75,1,U00975,U02498
U00976,user_00976,5268,501,2190,414,Cybersecurity analyst,1,222,6,0,U00976,U04831
U00977,user_00977,5299,490,1083,1049,AI engineer | research,1,229,17,0,U00977,U01003
U00978,user_00978,1406,245,1910,2270,Writer | minimal,1,166,11,0,U00978,U02768
U00979,user_00979,8086,820,743,867,Writer | minimal,1,149,16,0,U00979,U03679
U00980,bot_00980,46,1382,8118,105,Free followers,0,519,112,1,U00980,U01908
U00981,user_00981,5854,753,387,2114,Designer | coffee,1,208,10,0,U00981,U01357
U00982,user_00982,9671,845,1465,2598,Designer | coffee,1,185,5,0,U00982,U01577
U00983,user_00983,9177,790,416,2437,AI engineer | research,1,68,17,0,U00983,U00986
U00984,user_00984,9013,384,277,1426,Product manager,1,221,8,0,U00984,U04748
U00985,user_00985,9041,821,1512,1945,Writer | minimal,1,170,3,0,U00985,U00191
U00986,user_00986,3257,624,298,2462,Data scientist,1,101,14,0,U00986,U00746
U00987,bot_00987,17,2309,4377,56,Click link,0,273,83,1,U00987,U00735
U00988,bot_00988,57,1546,3482,98,Earn fast,0,366,83,1,U00988,U00480
U00989,user_00989,1917,527,783,1990,Data scientist,1,248,12,0,U00989,U03077
U00990,user_00990,2281,253,1029,1281,Product manager,1,212,20,0,U00990,U04039
U00991,user_00991,8564,594,671,1403,Writer | minimal,1,35,12,0,U00991,U04532
U00992,user_00992,8232,229,1869,1257,Data scientist,1,253,2,0,U00992,U04539
U00993,user_00993,11360,303,1208,2572,Data scientist,1,186,6,0,U00993,U04656
U00994,user_00994,1674,851,2249,1133,Teacher | learning,1,220,6,0,U00994,U04428
U00995,user_00995,4316,750,1935,2573,AI engineer | research,1,135,3,0,U00995,U03807
U00996,user_00996,10470,496,885,302,Data scientist,1,35,17,0,U00996,U04898
U00997,user_00997,11441,589,1639,1171,Data scientist,1,169,18,0,U00997,U00373
U00998,bot_00998,73,2353,3572,58,Giveaway now,0,245,110,1,U00998,U01008
U00999,user_00999,9417,486,1969,1163,Teacher | learning,1,176,18,0,U00999,U02807
U01000,user_01000,11895,663,1318,1307,Teacher | learning,1,189,12,0,U01000,U01726
U01001,user_01001,10122,536,265,847,Writer | minimal,1,185,2,0,U01001,U00036
U01002,user_01002,11321,377,1892,2576,Photographer,1,249,17,0,U01002,U04409
U01003,bot_01003,14,2303,3253,105,Earn fast,0,427,146,1,U01003,U02892
U01004,user_01004,6466,815,1666,1884,Designer | coffee,1,65,2,0,U01004,U03791
U01005,user_01005,3461,655,238,1207,Data scientist,1,210,2,0,U01005,U02932
U01006,bot_01006,43,1652,4919,83,Click link,0,385,64,1,U01006,U04038
U01007,user_01007,11882,820,1056,329,Designer | coffee,1,70,14,0,U01007,U02273
U01008,user_01008,8393,374,2460,1093,Cybersecurity analyst,1,188,20,0,U01008,U00536
U01009,user_01009,1365,330,1263,1233,Data scientist,1,245,18,0,U01009,U01572
U01010,user_01010,678,894,2382,1335,Writer | minimal,1,194,19,0,U01010,U00017
U01011,user_01011,10801,889,412,1623,Data scientist,1,130,15,0,U01011,U00998
U01012,user_01012,7944,707,1680,2418,Product manager,1,214,3,0,U01012,U00385
U01013,user_01013,7182,745,2038,1595,Product manager,1,21,14,0,U01013,U02742
U01014,bot_01014,78,1251,4848,108,DM for investment,0,416,69,1,U01014,U01613
U01015,bot_01015,44,1328,8128,100,Free followers,0,249,63,1,U01015,U03539
U01016,user_01016,10008,841,1569,1325,Writer | minimal,1,83,5,0,U01016,U01953
U01017,user_01017,1191,541,2328,1269,Designer | coffee,1,38,16,0,U01017,U03658
U01018,user_01018,1701,262,336,1845,Cybersecurity analyst,1,100,4,0,U01018,U00508
U01019,user_01019,7540,256,1434,2068,AI engineer | research,1,36,5,0,U01019,U04582
U01020,bot_01020,53,2022,3785,99,DM for investment,0,585,112,1,U01020,U04912
U01021,user_01021,10523,210,2057,1872,Designer | coffee,1,138,15,0,U01021,U02783
U01022,user_01022,11371,226,2059,2418,Product manager,1,104,20,0,U01022,U00885
U01023,bot_01023,13,2414,4586,93,Promo only,0,264,141,1,U01023,U02100
U01024,user_01024,8187,835,2021,1061,AI engineer | research,1,82,6,0,U01024,U00496
U01025,bot_01025,79,2092,7203,103,Click link,0,586,105,1,U01025,U04782
U01026,user_01026,2685,350,2123,1564,Data scientist,1,174,12,0,U01026,U03022
U01027,user_01027,8781,800,792,534,AI engineer | research,1,80,18,0,U01027,U03458
U01028,user_01028,3582,855,1024,580,Writer | minimal,1,107,8,0,U01028,U03829
U01029,user_01029,5725,792,1574,1527,Cybersecurity analyst,1,127,12,0,U01029,U00859
U01030,user_01030,991,707,1098,315,Product manager,1,183,9,0,U01030,U03822
U01031,user_01031,4216,692,1557,1839,Cybersecurity analyst,1,72,14,0,U01031,U00056
U01032,user_01032,1508,566,322,2572,Data scientist,1,49,6,0,U01032,U03608
U01033,bot_01033,79,1937,3359,23,Click link,0,301,85,1,U01033,U01427
U01034,bot_01034,38,1556,5783,90,DM for investment,0,325,82,1,U01034,U00177
U01035,bot_01035,38,1407,3171,106,Giveaway now,0,270,108,1,U01035,U00910
U01036,user_01036,3744,512,2068,1283,Cybersecurity analyst,1,114,13,0,U01036,U04317
U01037,user_01037,10510,644,467,785,Product manager,1,56,6,0,U01037,U01571
U01038,user_01038,11676,583,1502,2059,AI engineer | research,1,182,9,0,U01038,U04812
U01039,bot_01039,73,1802,4217,61,Giveaway now,0,326,66,1,U01039,U02295
U01040,user_01040,8627,798,2202,1157,Writer | minimal,1,206,4,0,U01040,U00532
U01041,bot_01041,54,2242,6065,83,DM for investment,0,465,119,1,U01041,U02637
U01042,user_01042,8909,694,2226,2240,Photographer,1,88,20,0,U01042,U04784
U01043,user_01043,3694,424,1031,2151,Photographer,1,240,9,0,U01043,U01791
U01044,user_01044,6478,785,843,1832,Designer | coffee,1,85,19,0,U01044,U01101
U01045,user_01045,5134,655,2325,1740,AI engineer | research,1,78,20,0,U01045,U03812
U01046,user_01046,5811,636,2047,2215,Teacher | learning,1,130,15,0,U01046,U04076
U01047,user_01047,6564,225,935,2109,Designer | coffee,1,79,10,0,U01047,U02942
U01048,user_01048,5125,713,2300,2539,Data scientist,1,184,4,0,U01048,U01866
U01049,bot_01049,14,1937,3313,89,DM for investment,0,302,102,1,U01049,U02698
U01050,user_01050,11499,481,980,864,Data scientist,1,238,19,0,U01050,U00070
U01051,user_01051,4917,554,1854,1961,AI engineer | research,1,230,20,0,U01051,U03867
U01052,user_01052,2745,607,1132,1229,Writer | minimal,1,205,8,0,U01052,U01915
U01053,user_01053,9354,679,2089,1695,Teacher | learning,1,222,4,0,U01053,U01539
U01054,user_01054,11735,627,1058,2096,AI engineer | research,1,135,19,0,U01054,U03070
U01055,bot_01055,21,1825,3079,83,Click link,0,537,166,1,U01055,U02784
U01056,bot_01056,59,2026,8656,88,Promo only,0,353,101,1,U01056,U00191
U01057,user_01057,827,342,829,1652,Photographer,1,165,20,0,U01057,U03124
U01058,bot_01058,55,1330,7378,69,Earn fast,0,296,120,1,U01058,U02694
U01059,user_01059,7697,854,1447,681,Cybersecurity analyst,1,63,5,0,U01059,U00263
U01060,user_01060,10185,700,309,1064,Photographer,1,70,4,0,U01060,U02326
U01061,bot_01061,42,2273,3573,78,Promo only,0,229,107,1,U01061,U00091
U01062,bot_01062,57,2000,4286,34,Free followers,0,266,128,1,U01062,U03918
U01063,user_01063,6673,411,732,1142,Writer | minimal,1,99,15,0,U01063,U01301
U01064,user_01064,5384,801,1031,2358,Data scientist,1,203,16,0,U01064,U01653
U01065,bot_01065,23,2112,3524,71,DM for investment,0,509,163,1,U01065,U04308
U01066,user_01066,9626,702,2084,2195,Designer | coffee,1,167,3,0,U01066,U02359
U01067,user_01067,7776,555,1418,1901,Photographer,1,176,7,0,U01067,U02041
U01068,bot_01068,60,2137,6151,104,Promo only,0,293,149,1,U01068,U00783
U01069,user_01069,1015,445,846,1421,Data scientist,1,245,19,0,U01069,U00547
U01070,user_01070,3859,705,1884,2564,Designer | coffee,1,51,13,0,U01070,U00862
U01071,user_01071,5641,619,2047,975,AI engineer | research,1,84,8,0,U01071,U03787
U01072,bot_01072,64,1980,5815,115,DM for investment,0,404,169,1,U01072,U03250
U01073,bot_01073,37,1434,8808,37,Giveaway now,0,367,145,1,U01073,U03804
U01074,user_01074,1417,284,2446,1292,Cybersecurity analyst,1,202,16,0,U01074,U03857
U01075,user_01075,2943,374,273,711,Designer | coffee,1,65,11,0,U01075,U04380
U01076,user_01076,3059,279,245,1419,Teacher | learning,1,59,16,0,U01076,U01458
U01077,bot_01077,9,2290,4770,76,Giveaway now,0,556,66,1,U01077,U04284
U01078,user_01078,11114,305,1799,1562,AI engineer | research,1,133,3,0,U01078,U00399
U01079,user_01079,3605,455,1734,1277,AI engineer | research,1,71,4,0,U01079,U03455
U01080,bot_01080,6,1890,4574,107,DM for investment,0,542,68,1,U01080,U00792
U01081,user_01081,11180,371,884,480,Designer | coffee,1,126,18,0,U01081,U02680
U01082,user_01082,10569,394,1048,2518,Designer | coffee,1,121,15,0,U01082,U01904
U01083,bot_01083,50,1862,4422,21,Click link,0,405,143,1,U01083,U00099
U01084,user_01084,7816,425,470,1440,AI engineer | research,1,186,13,0,U01084,U00552
U01085,user_01085,7035,508,2246,717,Cybersecurity analyst,1,202,19,0,U01085,U02064
U01086,user_01086,10128,532,1791,844,Teacher | learning,1,105,7,0,U01086,U03950
U01087,bot_01087,7,2446,7792,77,Giveaway now,0,395,125,1,U01087,U01905
U01088,user_01088,11844,213,1152,386,Data scientist,1,177,5,0,U01088,U01937
U01089,user_01089,4290,834,525,545,Writer | minimal,1,55,13,0,U01089,U02430
U01090,bot_01090,53,1618,8259,24,Giveaway now,0,321,178,1,U01090,U04900
U01091,user_01091,7570,536,749,1439,Photographer,1,101,3,0,U01091,U02364
U01092,user_01092,4052,539,1603,1292,AI engineer | research,1,72,19,0,U01092,U02035
U01093,user_01093,11707,427,1762,2435,Writer | minimal,1,102,7,0,U01093,U00050
U01094,bot_01094,67,1343,4576,26,DM for investment,0,524,78,1,U01094,U01029
U01095,bot_01095,80,2324,4674,50,Free followers,0,459,70,1,U01095,U03827
U01096,user_01096,3536,450,1936,1022,Data scientist,1,175,9,0,U01096,U02338
U01097,user_01097,10713,406,1313,2270,Photographer,1,40,13,0,U01097,U03095
U01098,bot_01098,61,2065,7139,98,DM for investment,0,576,115,1,U01098,U03949
U01099,bot_01099,53,2075,3681,117,Promo only,0,353,136,1,U01099,U01252
U01100,user_01100,3178,463,1758,2199,Data scientist,1,98,16,0,U01100,U03074
U01101,user_01101,8178,273,1564,859,Product manager,1,203,17,0,U01101,U01268
U01102,user_01102,368,213,2250,1832,Photographer,1,145,14,0,U01102,U03233
U01103,user_01103,6413,593,2205,1560,Designer | coffee,1,184,20,0,U01103,U03349
U01104,user_01104,2339,594,865,1095,Data scientist,1,215,15,0,U01104,U02856
U01105,user_01105,8305,850,1708,536,Photographer,1,186,14,0,U01105,U02022
U01106,bot_01106,9,1940,8168,110,Giveaway now,0,546,63,1,U01106,U01212
U01107,user_01107,7762,897,803,1341,Cybersecurity analyst,1,83,20,0,U01107,U00102
U01108,bot_01108,16,1987,6257,110,Earn fast,0,500,175,1,U01108,U04248
U01109,user_01109,7229,369,1948,1335,Photographer,1,197,11,0,U01109,U04802
U01110,user_01110,7043,291,647,1710,Data scientist,1,228,6,0,U01110,U01717
U01111,user_01111,6820,515,226,989,AI engineer | research,1,228,17,0,U01111,U00794
U01112,bot_01112,58,2275,6414,103,Free followers,0,347,153,1,U01112,U01398
U01113,bot_01113,28,1475,4622,82,Earn fast,0,293,124,1,U01113,U03692
U01114,user_01114,3782,390,1023,541,Product manager,1,211,7,0,U01114,U02125
U01115,user_01115,6997,651,647,980,Designer | coffee,1,40,11,0,U01115,U03095
U01116,bot_01116,13,1900,3243,94,Free followers,0,320,121,1,U01116,U00826
U01117,bot_01117,39,1214,8450,94,DM for investment,0,221,72,1,U01117,U04279
U01118,user_01118,6454,817,2330,1388,Writer | minimal,1,258,17,0,U01118,U02761
U01119,user_01119,5814,579,1605,1591,Teacher | learning,1,229,9,0,U01119,U03265
U01120,user_01120,1237,564,1552,710,Photographer,1,20,16,0,U01120,U01138
U01121,bot_01121,20,2286,5289,109,DM for investment,0,584,164,1,U01121,U03019
U01122,user_01122,11542,874,2146,2409,AI engineer | research,1,125,8,0,U01122,U02640
U01123,bot_01123,51,1293,5666,106,Promo only,0,427,89,1,U01123,U03970
U01124,user_01124,10336,283,1626,2052,Designer | coffee,1,260,17,0,U01124,U03153
U01125,user_01125,3496,346,2330,2366,Writer | minimal,1,28,6,0,U01125,U00714
U01126,user_01126,11327,761,2112,988,Designer | coffee,1,249,16,0,U01126,U03950
U01127,user_01127,4246,449,1066,998,Designer | coffee,1,212,4,0,U01127,U03563
U01128,user_01128,778,364,1537,1870,Product manager,1,216,10,0,U01128,U02111
U01129,user_01129,11287,326,756,2489,Designer | coffee,1,182,17,0,U01129,U02727
U01130,user_01130,9736,815,464,1705,Photographer,1,116,14,0,U01130,U01912
U01131,bot_01131,19,1795,3718,34,Giveaway now,0,245,103,1,U01131,U04852
U01132,user_01132,2202,786,1706,821,Photographer,1,238,12,0,U01132,U04727
U01133,user_01133,5392,263,2393,1077,Photographer,1,236,14,0,U01133,U02619
U01134,user_01134,11429,329,2328,1209,AI engineer | research,1,47,14,0,U01134,U04410
U01135,user_01135,5476,348,1415,1196,Cybersecurity analyst,1,147,16,0,U01135,U04928
U01136,user_01136,11201,235,1511,1565,Data scientist,1,148,5,0,U01136,U04702
U01137,user_01137,3834,706,1393,1842,Cybersecurity analyst,1,35,12,0,U01137,U01726
U01138,user_01138,3987,253,933,2296,Data scientist,1,206,14,0,U01138,U01305
U01139,user_01139,9277,601,1582,2030,Teacher | learning,1,193,17,0,U01139,U03207
U01140,user_01140,8948,489,1356,1099,Photographer,1,199,19,0,U01140,U00798
U01141,bot_01141,79,1310,8812,58,DM for investment,0,434,143,1,U01141,U04729
U01142,bot_01142,66,1796,4186,46,Giveaway now,0,311,162,1,U01142,U01603
U01143,user_01143,449,570,617,904,Cybersecurity analyst,1,116,15,0,U01143,U00462
U01144,bot_01144,65,1567,3429,35,Click link,0,463,143,1,U01144,U04862
U01145,user_01145,2734,842,1854,1303,Product manager,1,28,5,0,U01145,U03250
U01146,user_01146,11571,810,906,1837,Writer | minimal,1,218,4,0,U01146,U03131
U01147,user_01147,11001,655,1704,347,Designer | coffee,1,50,5,0,U01147,U01000
U01148,user_01148,11257,721,1121,394,Writer | minimal,1,170,20,0,U01148,U02243
U01149,user_01149,1849,807,941,1872,Data scientist,1,143,15,0,U01149,U04682
U01150,bot_01150,46,1330,8847,88,Giveaway now,0,294,111,1,U01150,U00162
U01151,user_01151,9088,742,2201,561,Designer | coffee,1,152,20,0,U01151,U01700
U01152,user_01152,2222,385,937,321,Teacher | learning,1,162,16,0,U01152,U01008
U01153,bot_01153,78,1622,8346,40,Click link,0,244,131,1,U01153,U00287
U01154,bot_01154,20,2236,5445,66,Free followers,0,478,81,1,U01154,U00001
U01155,bot_01155,10,2263,5403,104,DM for investment,0,473,116,1,U01155,U04728
U01156,user_01156,5427,735,1642,2504,Designer | coffee,1,150,8,0,U01156,U00367
U01157,bot_01157,29,1490,5455,47,Promo only,0,268,137,1,U01157,U01770
U01158,user_01158,4844,331,1928,604,Data scientist,1,160,10,0,U01158,U03128
U01159,user_01159,2975,609,2068,641,Cybersecurity analyst,1,85,15,0,U01159,U04391
U01160,bot_01160,39,2496,8708,102,Click link,0,298,151,1,U01160,U04618
U01161,user_01161,8679,819,871,2019,Teacher | learning,1,230,6,0,U01161,U03553
U01162,user_01162,10189,453,517,1406,Designer | coffee,1,51,19,0,U01162,U04493
U01163,user_01163,5696,855,564,1786,Data scientist,1,252,12,0,U01163,U01199
U01164,user_01164,3998,480,240,701,Photographer,1,116,9,0,U01164,U00861
U01165,user_01165,2323,379,2356,1555,Designer | coffee,1,170,17,0,U01165,U04334
U01166,user_01166,9674,488,2459,1410,AI engineer | research,1,175,5,0,U01166,U01399
U01167,user_01167,6682,385,1613,2477,Writer | minimal,1,161,14,0,U01167,U04853
U01168,bot_01168,6,2251,8842,39,DM for investment,0,536,76,1,U01168,U03104
U01169,user_01169,4680,254,1716,1320,Writer | minimal,1,193,15,0,U01169,U01500
U01170,user_01170,6099,679,2257,1474,Product manager,1,90,15,0,U01170,U02501
U01171,user_01171,1724,512,1865,1580,Designer | coffee,1,236,4,0,U01171,U00629
U01172,user_01172,1834,369,435,646,Writer | minimal,1,210,11,0,U01172,U00088
U01173,user_01173,7246,893,2283,858,Designer | coffee,1,142,17,0,U01173,U03322
U01174,bot_01174,29,1214,8850,74,Giveaway now,0,559,128,1,U01174,U02827
U01175,bot_01175,72,2447,3346,97,Giveaway now,0,429,81,1,U01175,U04289
U01176,user_01176,3164,276,1703,846,AI engineer | research,1,151,13,0,U01176,U03463
U01177,user_01177,3093,582,663,1684,Designer | coffee,1,253,9,0,U01177,U02377
U01178,user_01178,5109,471,1072,309,Photographer,1,208,20,0,U01178,U01782
U01179,user_01179,10834,727,345,2196,AI engineer | research,1,248,17,0,U01179,U02915
U01180,bot_01180,63,1872,5444,65,Click link,0,254,60,1,U01180,U01526
U01181,user_01181,445,303,1964,2315,Cybersecurity analyst,1,70,4,0,U01181,U03365
U01182,bot_01182,67,1214,4274,118,DM for investment,0,536,92,1,U01182,U03856
U01183,user_01183,5203,573,1954,1046,Designer | coffee,1,157,10,0,U01183,U03593
U01184,user_01184,7498,365,772,1748,AI engineer | research,1,211,15,0,U01184,U02943
U01185,user_01185,11919,403,653,1076,Cybersecurity analyst,1,92,3,0,U01185,U03233
U01186,user_01186,5726,232,856,1115,Designer | coffee,1,142,10,0,U01186,U03450
U01187,user_01187,8419,898,721,1630,Photographer,1,212,14,0,U01187,U01077
U01188,bot_01188,18,1243,4033,39,Earn fast,0,376,124,1,U01188,U01938
U01189,bot_01189,48,2079,7891,114,Free followers,0,204,115,1,U01189,U02372
U01190,user_01190,1653,639,1214,924,Cybersecurity analyst,1,206,18,0,U01190,U02044
U01191,user_01191,2184,469,1213,2057,Designer | coffee,1,70,17,0,U01191,U04116
U01192,user_01192,3391,805,809,1239,Photographer,1,50,6,0,U01192,U00315
U01193,user_01193,3448,349,1946,372,Designer | coffee,1,177,8,0,U01193,U00418
U01194,user_01194,8901,513,1147,1208,Writer | minimal,1,106,15,0,U01194,U00503
U01195,user_01195,10849,252,1446,750,Data scientist,1,88,13,0,U01195,U02876
U01196,user_01196,4346,527,394,1044,AI engineer | research,1,30,2,0,U01196,U02635
U01197,bot_01197,65,1773,7968,32,Click link,0,420,83,1,U01197,U04025
U01198,user_01198,5286,314,596,355,Cybersecurity analyst,1,194,19,0,U01198,U02714
U01199,user_01199,6220,803,2366,1822,Product manager,1,80,10,0,U01199,U04787
U01200,user_01200,2042,333,692,468,Product manager,1,170,8,0,U01200,U03652
U01201,user_01201,1526,759,1604,1534,Product manager,1,205,17,0,U01201,U04371
U01202,user_01202,1017,330,985,2012,Teacher | learning,1,160,10,0,U01202,U02999
U01203,user_01203,2223,646,477,2277,AI engineer | research,1,127,18,0,U01203,U01368
U01204,user_01204,11714,332,1386,486,Product manager,1,164,3,0,U01204,U03257
U01205,user_01205,9023,725,507,977,Photographer,1,132,18,0,U01205,U04608
U01206,user_01206,6867,821,1312,1147,Cybersecurity analyst,1,67,2,0,U01206,U04685
U01207,bot_01207,6,2250,6730,84,Promo only,0,562,152,1,U01207,U02121
U01208,user_01208,3909,503,1299,2561,Product manager,1,50,7,0,U01208,U00374
U01209,user_01209,5081,240,806,1437,Data scientist,1,257,6,0,U01209,U00423
U01210,user_01210,4379,415,2389,775,Teacher | learning,1,20,13,0,U01210,U02659
U01211,bot_01211,75,1740,8915,37,Promo only,0,409,174,1,U01211,U02416
U01212,user_01212,1238,840,242,1756,Cybersecurity analyst,1,76,10,0,U01212,U02098
U01213,user_01213,9104,873,635,1864,Product manager,1,187,10,0,U01213,U03623
U01214,bot_01214,39,1617,7764,100,DM for investment,0,585,110,1,U01214,U03655
U01215,bot_01215,60,1954,4215,81,DM for investment,0,247,123,1,U01215,U03764
U01216,bot_01216,27,1586,7666,82,Giveaway now,0,573,83,1,U01216,U02311
U01217,bot_01217,25,1563,6229,107,Earn fast,0,511,84,1,U01217,U01176
U01218,bot_01218,36,2131,8284,71,Promo only,0,251,152,1,U01218,U01125
U01219,user_01219,493,817,608,1847,Designer | coffee,1,118,2,0,U01219,U00112
U01220,user_01220,10859,244,741,1317,Data scientist,1,217,4,0,U01220,U01169
U01221,user_01221,10124,213,238,735,Designer | coffee,1,158,12,0,U01221,U01658
U01222,bot_01222,77,2109,4336,59,DM for investment,0,369,121,1,U01222,U01998
U01223,bot_01223,39,2485,7453,35,Earn fast,0,210,165,1,U01223,U00843
U01224,user_01224,1980,723,1901,880,AI engineer | research,1,20,9,0,U01224,U01857
U01225,user_01225,2714,561,1374,1225,Designer | coffee,1,255,14,0,U01225,U04029
U01226,bot_01226,19,1659,3833,56,Promo only,0,382,69,1,U01226,U02734
U01227,bot_01227,15,1288,7952,39,Promo only,0,291,114,1,U01227,U02744
U01228,user_01228,11431,635,815,1535,Teacher | learning,1,179,11,0,U01228,U00852
U01229,user_01229,8479,877,1711,1387,AI engineer | research,1,227,4,0,U01229,U01218
U01230,user_01230,2701,527,805,1899,Designer | coffee,1,134,17,0,U01230,U00928
U01231,user_01231,4862,348,570,1623,Photographer,1,52,7,0,U01231,U02889
U01232,user_01232,7244,692,1895,1665,Photographer,1,55,9,0,U01232,U03430
U01233,user_01233,9126,746,2217,2481,Photographer,1,157,9,0,U01233,U00685
U01234,user_01234,7211,739,1098,657,AI engineer | research,1,80,13,0,U01234,U01666
U01235,user_01235,581,571,2487,2241,AI engineer | research,1,54,5,0,U01235,U02862
U01236,user_01236,2583,501,2085,890,Photographer,1,233,19,0,U01236,U01987
U01237,bot_01237,33,1314,4128,35,DM for investment,0,556,150,1,U01237,U03093
U01238,user_01238,11705,634,1722,521,Designer | coffee,1,199,5,0,U01238,U03907
U01239,user_01239,2891,230,801,1796,Product manager,1,56,4,0,U01239,U00632
U01240,bot_01240,58,1506,4494,80,Giveaway now,0,580,77,1,U01240,U04321
U01241,user_01241,5207,681,1885,1681,Data scientist,1,133,2,0,U01241,U00912
U01242,bot_01242,9,2437,4421,84,Free followers,0,282,61,1,U01242,U03471
U01243,user_01243,7743,767,1256,2355,Photographer,1,98,9,0,U01243,U01285
U01244,user_01244,1806,734,1746,812,Photographer,1,210,8,0,U01244,U00459
U01245,bot_01245,28,2345,7956,29,Free followers,0,554,119,1,U01245,U02566
U01246,user_01246,6937,589,875,523,Photographer,1,225,13,0,U01246,U01596
U01247,user_01247,2010,279,1685,1674,Data scientist,1,27,9,0,U01247,U01334
U01248,user_01248,1370,416,244,1566,Product manager,1,68,19,0,U01248,U00266
U01249,bot_01249,15,2367,7626,25,Free followers,0,488,161,1,U01249,U00375
U01250,bot_01250,16,1832,3069,65,Free followers,0,584,96,1,U01250,U04098
U01251,bot_01251,55,1928,4061,109,Click link,0,545,72,1,U01251,U03337
U01252,user_01252,8550,303,2256,915,Photographer,1,26,20,0,U01252,U03908
U01253,user_01253,912,497,860,920,Designer | coffee,1,194,16,0,U01253,U00765
U01254,user_01254,4094,420,776,959,Teacher | learning,1,148,18,0,U01254,U03666
U01255,user_01255,5854,497,1675,2064,Product manager,1,30,14,0,U01255,U01711
U01256,user_01256,10243,276,824,2337,Cybersecurity analyst,1,44,2,0,U01256,U02536
U01257,user_01257,1728,710,585,2162,Data scientist,1,100,7,0,U01257,U01323
U01258,bot_01258,78,1944,5894,31,Giveaway now,0,236,82,1,U01258,U03775
U01259,user_01259,8053,462,2010,875,Writer | minimal,1,260,5,0,U01259,U00325
U01260,user_01260,4996,610,1875,828,Teacher | learning,1,132,13,0,U01260,U03062
U01261,bot_01261,57,2236,6687,53,Promo only,0,549,65,1,U01261,U00468
U01262,user_01262,4311,774,232,933,Data scientist,1,238,5,0,U01262,U03079
U01263,bot_01263,56,1349,4827,69,Earn fast,0,436,145,1,U01263,U02859
U01264,user_01264,10826,747,2104,746,Designer | coffee,1,41,7,0,U01264,U03252
U01265,user_01265,3568,611,1546,564,Writer | minimal,1,101,12,0,U01265,U01742
U01266,user_01266,8102,317,1340,2161,Cybersecurity analyst,1,29,19,0,U01266,U03850
U01267,bot_01267,32,1855,7654,24,Free followers,0,507,159,1,U01267,U00512
U01268,user_01268,6222,640,2139,1174,AI engineer | research,1,33,8,0,U01268,U03465
U01269,user_01269,10715,380,542,880,Photographer,1,37,10,0,U01269,U00670
U01270,user_01270,11968,662,1919,2449,Cybersecurity analyst,1,74,10,0,U01270,U00441
U01271,bot_01271,59,1900,5432,41,Free followers,0,301,104,1,U01271,U03946
U01272,user_01272,11585,364,1989,1752,Photographer,1,253,20,0,U01272,U00082
U01273,user_01273,10083,403,518,892,AI engineer | research,1,102,12,0,U01273,U01233
U01274,user_01274,2716,711,1496,765,Data scientist,1,222,15,0,U01274,U04266
U01275,user_01275,7681,328,2040,699,Product manager,1,29,8,0,U01275,U03443
U01276,user_01276,3021,815,1746,1185,Product manager,1,109,8,0,U01276,U04726
U01277,user_01277,6366,572,266,1536,Designer | coffee,1,249,11,0,U01277,U04089
U01278,user_01278,7771,623,1880,1740,Photographer,1,110,19,0,U01278,U04286
U01279,user_01279,5802,316,920,2179,Cybersecurity analyst,1,129,13,0,U01279,U04529
U01280,user_01280,9192,646,1762,1467,Data scientist,1,236,15,0,U01280,U00813
U01281,user_01281,2000,291,267,1984,Designer | coffee,1,46,17,0,U01281,U03639
U01282,user_01282,834,883,1387,2022,Writer | minimal,1,74,9,0,U01282,U04519
U01283,user_01283,3504,680,709,1736,Photographer,1,223,16,0,U01283,U03243
U01284,bot_01284,52,1658,7157,56,Giveaway now,0,337,172,1,U01284,U02167
U01285,user_01285,7094,889,1189,317,AI engineer | research,1,250,15,0,U01285,U00128
U01286,bot_01286,52,2262,7914,60,Promo only,0,371,81,1,U01286,U03523
U01287,bot_01287,55,1594,8048,102,Earn fast,0,401,166,1,U01287,U04734
U01288,user_01288,10724,599,911,1951,Cybersecurity analyst,1,251,12,0,U01288,U03584
U01289,bot_01289,21,2232,3969,100,Free followers,0,495,160,1,U01289,U02132
U01290,user_01290,2905,530,1034,681,Photographer,1,43,2,0,U01290,U00095
U01291,user_01291,10020,356,313,2526,Photographer,1,255,4,0,U01291,U00208
U01292,user_01292,2438,664,1666,1064,Data scientist,1,81,9,0,U01292,U01588
U01293,user_01293,4318,587,1266,511,Cybersecurity analyst,1,90,4,0,U01293,U00190
U01294,user_01294,9792,305,654,2180,Designer | coffee,1,257,5,0,U01294,U01162
U01295,user_01295,3259,295,516,2324,Product manager,1,236,13,0,U01295,U03202
U01296,bot_01296,7,2047,3602,82,DM for investment,0,520,69,1,U01296,U03440
U01297,user_01297,5437,848,2046,959,AI engineer | research,1,66,11,0,U01297,U01464
U01298,user_01298,10641,821,328,780,Writer | minimal,1,107,13,0,U01298,U04916
U01299,user_01299,2895,734,1242,798,AI engineer | research,1,69,2,0,U01299,U04244
U01300,user_01300,2796,421,1694,770,AI engineer | research,1,250,8,0,U01300,U02684
U01301,bot_01301,15,1459,5192,55,Earn fast,0,446,85,1,U01301,U02856
U01302,user_01302,10981,501,2113,2330,Photographer,1,131,18,0,U01302,U01582
U01303,user_01303,3542,487,1809,721,Data scientist,1,169,20,0,U01303,U01358
U01304,user_01304,8292,643,2027,2035,Teacher | learning,1,172,10,0,U01304,U00882
U01305,user_01305,7333,404,1645,1831,Writer | minimal,1,249,4,0,U01305,U01371
U01306,user_01306,8678,459,1878,1502,Teacher | learning,1,174,18,0,U01306,U03263
U01307,bot_01307,28,1860,6517,43,Earn fast,0,383,91,1,U01307,U01763
U01308,user_01308,6394,348,1487,800,AI engineer | research,1,22,12,0,U01308,U02695
U01309,bot_01309,77,1858,4905,91,Click link,0,233,109,1,U01309,U04930
U01310,bot_01310,32,1410,7595,55,Giveaway now,0,566,137,1,U01310,U00613
U01311,user_01311,10888,631,1982,1601,Product manager,1,228,12,0,U01311,U01615
U01312,bot_01312,68,2221,3383,55,Earn fast,0,415,75,1,U01312,U03710
U01313,bot_01313,46,2410,6136,50,Click link,0,495,62,1,U01313,U00147
U01314,user_01314,9733,204,2091,1464,AI engineer | research,1,53,14,0,U01314,U04371
U01315,user_01315,940,545,266,584,Photographer,1,140,5,0,U01315,U02466
U01316,user_01316,5965,609,526,2579,Writer | minimal,1,218,12,0,U01316,U00386
U01317,user_01317,11710,665,2220,797,Designer | coffee,1,235,13,0,U01317,U00240
U01318,bot_01318,6,1484,3861,61,Free followers,0,552,152,1,U01318,U01855
U01319,bot_01319,29,1955,7403,20,Earn fast,0,552,171,1,U01319,U02128
U01320,user_01320,1005,313,396,1546,Teacher | learning,1,39,10,0,U01320,U03110
U01321,user_01321,3090,341,2087,791,Cybersecurity analyst,1,52,12,0,U01321,U04786
U01322,user_01322,7071,852,2030,801,Product manager,1,153,18,0,U01322,U04735
U01323,user_01323,8329,487,1518,2277,Data scientist,1,77,4,0,U01323,U02427
U01324,user_01324,6083,771,1192,1143,Designer | coffee,1,197,4,0,U01324,U04052
U01325,bot_01325,6,1642,6835,69,Earn fast,0,296,122,1,U01325,U02789
U01326,bot_01326,80,2280,7210,60,Click link,0,589,180,1,U01326,U03720
U01327,user_01327,8565,308,732,1196,Photographer,1,254,13,0,U01327,U03707
U01328,user_01328,8712,407,1839,1069,Photographer,1,37,10,0,U01328,U01346
U01329,user_01329,9757,863,618,903,Designer | coffee,1,138,5,0,U01329,U01971
U01330,bot_01330,63,1583,5185,23,Promo only,0,443,144,1,U01330,U03709
U01331,user_01331,2238,763,544,1751,Cybersecurity analyst,1,130,8,0,U01331,U03252
U01332,user_01332,8621,541,417,2107,Designer | coffee,1,89,13,0,U01332,U00403
U01333,user_01333,7223,398,1404,1075,Data scientist,1,123,7,0,U01333,U04339
U01334,user_01334,8797,643,647,504,Designer | coffee,1,185,9,0,U01334,U01799
U01335,bot_01335,9,2378,5180,50,Earn fast,0,233,128,1,U01335,U02257
U01336,bot_01336,56,2002,6218,32,Giveaway now,0,312,153,1,U01336,U02198
U01337,user_01337,3102,408,1623,1479,AI engineer | research,1,200,11,0,U01337,U00773
U01338,bot_01338,66,1825,8635,50,Giveaway now,0,287,100,1,U01338,U00569
U01339,bot_01339,47,2132,4161,21,Free followers,0,541,120,1,U01339,U02737
U01340,bot_01340,38,1357,4398,106,Earn fast,0,589,169,1,U01340,U04867
U01341,user_01341,8063,797,204,2300,Writer | minimal,1,243,9,0,U01341,U00897
U01342,bot_01342,7,2361,8570,57,Promo only,0,316,127,1,U01342,U01371
U01343,user_01343,1838,302,1447,1674,Teacher | learning,1,135,17,0,U01343,U04471
U01344,user_01344,8270,459,1692,2179,Data scientist,1,23,13,0,U01344,U02734
U01345,user_01345,11177,810,2183,761,AI engineer | research,1,89,18,0,U01345,U01212
U01346,user_01346,3908,875,780,1763,Product manager,1,147,2,0,U01346,U04732
U01347,user_01347,7356,568,1045,665,Designer | coffee,1,69,14,0,U01347,U02244
U01348,user_01348,11421,757,2040,2458,Teacher | learning,1,64,10,0,U01348,U02714
U01349,user_01349,7136,482,1466,1080,Teacher | learning,1,30,20,0,U01349,U01008
U01350,user_01350,7755,780,1621,1481,Writer | minimal,1,48,2,0,U01350,U01206
U01351,user_01351,2761,735,1386,2586,Data scientist,1,190,7,0,U01351,U03989
U01352,user_01352,5128,215,2059,467,Designer | coffee,1,75,11,0,U01352,U00436
U01353,user_01353,383,640,1642,302,Cybersecurity analyst,1,32,10,0,U01353,U02869
U01354,user_01354,8524,881,2496,935,Cybersecurity analyst,1,42,10,0,U01354,U01612
U01355,user_01355,1622,497,1096,431,Product manager,1,141,13,0,U01355,U03165
U01356,user_01356,1907,467,1437,1572,Photographer,1,64,20,0,U01356,U02642
U01357,user_01357,2580,899,1017,1324,Product manager,1,54,15,0,U01357,U02467
U01358,user_01358,5171,780,2088,2535,Photographer,1,66,14,0,U01358,U00787
U01359,bot_01359,61,1841,7127,107,Free followers,0,564,105,1,U01359,U02902
U01360,user_01360,7189,620,2089,413,AI engineer | research,1,253,19,0,U01360,U03449
U01361,bot_01361,22,2459,5477,120,Promo only,0,324,134,1,U01361,U03057
U01362,bot_01362,74,2358,5403,26,Free followers,0,586,168,1,U01362,U01032
U01363,user_01363,397,673,2321,2185,Designer | coffee,1,234,3,0,U01363,U00449
U01364,user_01364,10947,309,1565,698,Writer | minimal,1,230,11,0,U01364,U02715
U01365,user_01365,2289,798,2292,517,Cybersecurity analyst,1,199,8,0,U01365,U04605
U01366,user_01366,8415,339,1115,933,AI engineer | research,1,97,11,0,U01366,U03973
U01367,user_01367,3588,317,475,300,Designer | coffee,1,59,5,0,U01367,U02026
U01368,bot_01368,65,1250,7143,76,Earn fast,0,400,67,1,U01368,U02457
U01369,user_01369,3315,440,2439,1366,Designer | coffee,1,230,16,0,U01369,U03542
U01370,bot_01370,7,1578,4160,115,DM for investment,0,536,90,1,U01370,U04191
U01371,user_01371,9256,405,2150,2267,Designer | coffee,1,94,11,0,U01371,U04824
U01372,user_01372,11239,481,1802,1880,Writer | minimal,1,198,5,0,U01372,U03416
U01373,user_01373,2727,228,1360,2172,Photographer,1,50,20,0,U01373,U00091
U01374,user_01374,858,860,2020,474,Cybersecurity analyst,1,252,13,0,U01374,U03834
U01375,user_01375,7809,483,237,948,Product manager,1,111,18,0,U01375,U02858
U01376,user_01376,8902,599,2301,557,Teacher | learning,1,64,6,0,U01376,U04614
U01377,user_01377,2594,485,1440,1913,Photographer,1,37,17,0,U01377,U03865
U01378,user_01378,3255,789,2276,2452,Teacher | learning,1,86,6,0,U01378,U04824
U01379,user_01379,6003,798,1853,576,Cybersecurity analyst,1,31,2,0,U01379,U01899
U01380,bot_01380,18,2222,8565,80,DM for investment,0,365,157,1,U01380,U01939
U01381,bot_01381,27,1986,6441,28,Click link,0,231,138,1,U01381,U00938
U01382,bot_01382,14,2104,6066,97,Earn fast,0,523,167,1,U01382,U01426
U01383,user_01383,11747,660,1746,845,Product manager,1,183,20,0,U01383,U01604
U01384,user_01384,7468,895,1371,1223,Photographer,1,71,7,0,U01384,U04330
U01385,user_01385,3450,288,299,694,Cybersecurity analyst,1,72,3,0,U01385,U00043
U01386,user_01386,6985,781,2438,594,Writer | minimal,1,107,7,0,U01386,U01558
U01387,user_01387,9644,685,2251,1742,Cybersecurity analyst,1,111,19,0,U01387,U00551
U01388,user_01388,10547,585,490,620,Data scientist,1,52,18,0,U01388,U00827
U01389,bot_01389,34,1305,7927,89,DM for investment,0,369,62,1,U01389,U02375
U01390,user_01390,4418,599,1665,578,Data scientist,1,243,7,0,U01390,U00613
U01391,user_01391,4255,730,2248,1578,Designer | coffee,1,122,3,0,U01391,U04775
U01392,user_01392,4609,868,322,432,Data scientist,1,106,15,0,U01392,U01643
U01393,user_01393,1273,342,1036,2540,AI engineer | research,1,229,12,0,U01393,U01931
U01394,user_01394,9538,824,344,1716,Designer | coffee,1,38,15,0,U01394,U04518
U01395,user_01395,2421,477,370,726,Product manager,1,29,17,0,U01395,U02870
U01396,user_01396,5271,433,287,526,Photographer,1,26,8,0,U01396,U00149
U01397,user_01397,1154,596,1745,812,Cybersecurity analyst,1,130,15,0,U01397,U00947
U01398,user_01398,10386,576,1640,1093,AI engineer | research,1,107,15,0,U01398,U01952
U01399,bot_01399,80,1220,4860,72,Promo only,0,582,156,1,U01399,U04654
U01400,bot_01400,6,1711,3465,29,Free followers,0,229,76,1,U01400,U01480
U01401,user_01401,5446,558,1200,1497,Writer | minimal,1,53,14,0,U01401,U01003
U01402,user_01402,1551,456,2426,1143,Product manager,1,146,13,0,U01402,U03634
U01403,user_01403,6311,764,1398,1300,Teacher | learning,1,154,10,0,U01403,U04436
U01404,user_01404,1184,554,1882,2291,Product manager,1,91,4,0,U01404,U01124
U01405,user_01405,8835,436,1449,2564,Teacher | learning,1,73,5,0,U01405,U01163
U01406,bot_01406,35,2101,8324,117,Earn fast,0,432,74,1,U01406,U04088
U01407,user_01407,4728,484,1773,1530,AI engineer | research,1,231,4,0,U01407,U02287
U01408,user_01408,6590,707,277,1867,AI engineer | research,1,118,16,0,U01408,U01839
U01409,bot_01409,28,2082,7362,26,Earn fast,0,538,99,1,U01409,U04437
U01410,user_01410,725,823,1577,1375,Product manager,1,227,20,0,U01410,U00225
U01411,user_01411,10483,644,1951,533,Photographer,1,226,5,0,U01411,U02355
U01412,user_01412,9061,674,1936,2425,Photographer,1,86,7,0,U01412,U03829
U01413,user_01413,4203,335,262,1449,Designer | coffee,1,224,10,0,U01413,U02048
U01414,user_01414,5146,545,1816,458,Teacher | learning,1,177,10,0,U01414,U02202
U01415,user_01415,10999,822,250,809,Teacher | learning,1,98,20,0,U01415,U02167
U01416,user_01416,7571,673,270,2101,AI engineer | research,1,22,16,0,U01416,U02939
U01417,user_01417,9419,423,1873,539,Data scientist,1,168,4,0,U01417,U05000
U01418,user_01418,1349,651,936,1356,Data scientist,1,216,10,0,U01418,U04055
U01419,bot_01419,27,1500,8062,103,Earn fast,0,225,89,1,U01419,U00316
U01420,bot_01420,69,2101,7750,60,Giveaway now,0,221,130,1,U01420,U01868
U01421,bot_01421,38,1727,3132,106,Giveaway now,0,380,129,1,U01421,U00367
U01422,user_01422,6029,311,517,2376,Designer | coffee,1,133,5,0,U01422,U01942
U01423,bot_01423,78,1960,8578,73,Free followers,0,236,142,1,U01423,U02320
U01424,bot_01424,46,2443,5951,62,Giveaway now,0,408,174,1,U01424,U03070
U01425,user_01425,5117,836,327,956,Data scientist,1,114,3,0,U01425,U01230
U01426,user_01426,718,308,1066,1582,Teacher | learning,1,150,18,0,U01426,U01761
U01427,user_01427,9846,233,814,1860,Designer | coffee,1,215,4,0,U01427,U01840
U01428,user_01428,9711,845,2445,2012,AI engineer | research,1,157,5,0,U01428,U04974
U01429,user_01429,8892,732,2006,1598,Data scientist,1,88,8,0,U01429,U02000
U01430,user_01430,6230,436,2067,1589,Product manager,1,211,5,0,U01430,U03646
U01431,user_01431,7016,570,526,1741,Designer | coffee,1,163,18,0,U01431,U02968
U01432,user_01432,10215,435,2038,2015,Cybersecurity analyst,1,78,20,0,U01432,U04405
U01433,bot_01433,57,2397,8455,37,Click link,0,510,93,1,U01433,U02799
U01434,user_01434,1635,618,1924,2368,Writer | minimal,1,57,20,0,U01434,U01623
U01435,user_01435,7739,215,883,794,Writer | minimal,1,127,10,0,U01435,U00828
U01436,bot_01436,9,2083,3196,108,DM for investment,0,285,69,1,U01436,U04219
U01437,user_01437,6658,632,1651,822,Product manager,1,122,19,0,U01437,U02404
U01438,bot_01438,48,2411,7986,98,Earn fast,0,255,152,1,U01438,U00605
U01439,user_01439,6115,659,1874,2142,Data scientist,1,209,15,0,U01439,U03909
U01440,user_01440,3305,803,2286,643,Teacher | learning,1,58,2,0,U01440,U03716
U01441,user_01441,7485,380,2283,1444,Product manager,1,217,5,0,U01441,U02436
U01442,user_01442,1091,777,2320,2451,Photographer,1,168,18,0,U01442,U02337
U01443,user_01443,5519,382,786,471,Photographer,1,228,8,0,U01443,U04253
U01444,user_01444,10383,521,607,1722,Designer | coffee,1,92,7,0,U01444,U02359
U01445,user_01445,7491,429,893,1481,Designer | coffee,1,260,10,0,U01445,U01898
U01446,user_01446,2610,298,1047,2561,Cybersecurity analyst,1,234,18,0,U01446,U00225
U01447,user_01447,951,752,2403,1099,AI engineer | research,1,21,17,0,U01447,U03028
U01448,bot_01448,78,2073,8997,76,Free followers,0,466,76,1,U01448,U02417
U01449,user_01449,11872,322,2020,2070,Designer | coffee,1,146,10,0,U01449,U01121
U01450,user_01450,11256,319,1648,623,Designer | coffee,1,210,9,0,U01450,U02680
U01451,bot_01451,47,1765,6714,100,Giveaway now,0,576,125,1,U01451,U00607
U01452,user_01452,5457,239,1975,711,Teacher | learning,1,258,18,0,U01452,U01560
U01453,user_01453,11131,841,345,332,Photographer,1,82,6,0,U01453,U01804
U01454,user_01454,4646,681,820,2284,Writer | minimal,1,228,7,0,U01454,U02316
U01455,bot_01455,16,2257,8925,115,Free followers,0,309,60,1,U01455,U00552
U01456,user_01456,10314,413,929,458,Photographer,1,127,10,0,U01456,U04784
U01457,bot_01457,49,2191,7345,104,Click link,0,292,172,1,U01457,U01900
U01458,user_01458,11244,696,2207,1906,Writer | minimal,1,173,13,0,U01458,U02421
U01459,bot_01459,19,1788,6437,77,Giveaway now,0,366,91,1,U01459,U03481
U01460,bot_01460,64,1853,8411,34,Free followers,0,377,149,1,U01460,U01050
U01461,user_01461,8225,700,1887,1261,Data scientist,1,27,11,0,U01461,U04158
U01462,bot_01462,57,1324,7606,118,Giveaway now,0,365,93,1,U01462,U02602
U01463,user_01463,7540,635,1832,1367,Data scientist,1,253,3,0,U01463,U03978
U01464,user_01464,5867,851,386,1563,Product manager,1,134,15,0,U01464,U04690
U01465,user_01465,9082,411,651,1650,AI engineer | research,1,53,19,0,U01465,U00173
U01466,user_01466,1778,541,1644,2564,Product manager,1,36,3,0,U01466,U02967
U01467,user_01467,2872,748,1820,1239,Teacher | learning,1,94,7,0,U01467,U02716
U01468,user_01468,9359,454,255,447,Designer | coffee,1,236,2,0,U01468,U04109
U01469,user_01469,8244,243,842,1459,Product manager,1,97,2,0,U01469,U02026
U01470,bot_01470,20,1973,8368,71,Giveaway now,0,267,164,1,U01470,U02212
U01471,user_01471,1553,275,2266,2001,Cybersecurity analyst,1,25,2,0,U01471,U00783
U01472,user_01472,6708,398,1478,1625,AI engineer | research,1,128,18,0,U01472,U02476
U01473,user_01473,3620,302,1282,2230,Photographer,1,116,11,0,U01473,U00763
U01474,bot_01474,57,2348,5281,81,Giveaway now,0,345,176,1,U01474,U04369
U01475,user_01475,6565,217,2235,1912,Designer | coffee,1,115,19,0,U01475,U03705
U01476,bot_01476,8,2013,4901,77,Promo only,0,389,121,1,U01476,U00893
U01477,user_01477,5746,347,542,690,Product manager,1,163,7,0,U01477,U04013
U01478,user_01478,1674,344,1851,2239,Product manager,1,153,20,0,U01478,U00483
U01479,user_01479,4429,621,1475,1683,AI engineer | research,1,233,6,0,U01479,U02634
U01480,user_01480,10109,616,222,1398,Writer | minimal,1,196,8,0,U01480,U04470
U01481,user_01481,10982,441,1518,2189,Designer | coffee,1,201,17,0,U01481,U00861
U01482,user_01482,1569,584,721,355,Designer | coffee,1,61,18,0,U01482,U01362
U01483,bot_01483,19,1279,6474,83,Promo only,0,287,140,1,U01483,U03992
U01484,bot_01484,75,2056,6271,21,Free followers,0,351,75,1,U01484,U02411
U01485,user_01485,11386,477,2340,1620,Cybersecurity analyst,1,177,13,0,U01485,U01160
U01486,user_01486,11523,409,1720,2427,Writer | minimal,1,174,10,0,U01486,U03792
U01487,bot_01487,47,1477,4345,87,Free followers,0,566,166,1,U01487,U00081
U01488,user_01488,3236,353,2127,574,Product manager,1,21,11,0,U01488,U01633
U01489,user_01489,9110,669,1555,687,Cybersecurity analyst,1,35,16,0,U01489,U00547
U01490,user_01490,9461,431,1612,357,Data scientist,1,257,8,0,U01490,U02329
U01491,user_01491,7282,798,1452,1804,Data scientist,1,179,14,0,U01491,U04597
U01492,user_01492,11103,407,517,924,Data scientist,1,46,8,0,U01492,U01461
U01493,user_01493,1976,329,2339,1868,Data scientist,1,104,20,0,U01493,U03879
U01494,bot_01494,5,1674,4773,31,DM for investment,0,514,78,1,U01494,U01351
U01495,user_01495,304,531,518,513,Writer | minimal,1,55,18,0,U01495,U03485
U01496,user_01496,5659,509,2249,780,Photographer,1,81,19,0,U01496,U03091
U01497,user_01497,11871,685,1654,1576,Teacher | learning,1,234,18,0,U01497,U04348
U01498,bot_01498,32,1540,8191,55,Free followers,0,564,78,1,U01498,U04592
U01499,user_01499,11688,456,692,2585,Teacher | learning,1,250,15,0,U01499,U01459
U01500,bot_01500,51,2154,8488,64,DM for investment,0,572,114,1,U01500,U04586
U01501,user_01501,3429,591,1732,1033,Product manager,1,258,2,0,U01501,U03622
U01502,user_01502,3493,205,1471,1645,Data scientist,1,44,13,0,U01502,U04119
U01503,user_01503,10241,479,337,1426,Photographer,1,184,17,0,U01503,U00360
U01504,user_01504,11838,459,1323,534,Writer | minimal,1,166,2,0,U01504,U04978
U01505,user_01505,8333,377,2139,2534,AI engineer | research,1,226,5,0,U01505,U03028
U01506,bot_01506,24,1562,4078,30,Earn fast,0,414,166,1,U01506,U00460
U01507,user_01507,11942,263,1487,699,Data scientist,1,239,19,0,U01507,U01591
U01508,user_01508,573,540,1496,993,Teacher | learning,1,251,20,0,U01508,U04230
U01509,bot_01509,56,2052,8469,105,DM for investment,0,231,68,1,U01509,U04109
U01510,bot_01510,39,1371,4413,76,Promo only,0,222,95,1,U01510,U01628
U01511,user_01511,7005,377,213,1574,Teacher | learning,1,90,19,0,U01511,U00965
U01512,user_01512,9608,288,2096,661,Cybersecurity analyst,1,49,4,0,U01512,U00708
U01513,bot_01513,80,2483,3164,118,Earn fast,0,286,160,1,U01513,U01782
U01514,user_01514,7842,283,1210,1560,Cybersecurity analyst,1,234,8,0,U01514,U02544
U01515,bot_01515,41,1564,5285,37,Free followers,0,489,100,1,U01515,U01852
U01516,user_01516,4769,404,925,1508,Data scientist,1,86,16,0,U01516,U00758
U01517,user_01517,9781,572,1628,2442,AI engineer | research,1,135,7,0,U01517,U04795
U01518,user_01518,9113,782,1062,2077,Product manager,1,108,11,0,U01518,U02804
U01519,user_01519,8553,764,1301,671,Data scientist,1,151,8,0,U01519,U01788
U01520,user_01520,815,318,2317,1063,Writer | minimal,1,141,6,0,U01520,U04808
U01521,user_01521,9536,586,338,1620,Teacher | learning,1,199,5,0,U01521,U00065
U01522,bot_01522,65,1885,5758,102,Click link,0,251,83,1,U01522,U02510
U01523,bot_01523,74,1581,3178,76,Promo only,0,515,118,1,U01523,U04719
U01524,user_01524,6842,684,1197,1334,Teacher | learning,1,205,13,0,U01524,U03954
U01525,user_01525,5218,241,1159,2376,Photographer,1,47,15,0,U01525,U02207
U01526,user_01526,6865,807,316,971,Data scientist,1,151,7,0,U01526,U04890
U01527,user_01527,8886,403,771,832,AI engineer | research,1,189,12,0,U01527,U00741
U01528,user_01528,2617,554,2078,1921,AI engineer | research,1,62,16,0,U01528,U01209
U01529,bot_01529,27,1817,5519,30,DM for investment,0,294,90,1,U01529,U03577
U01530,bot_01530,36,1515,8609,91,Earn fast,0,597,107,1,U01530,U03911
U01531,bot_01531,17,2164,7504,107,DM for investment,0,401,149,1,U01531,U03870
U01532,user_01532,7893,448,592,1887,Cybersecurity analyst,1,52,12,0,U01532,U03276
U01533,user_01533,4939,890,1939,1913,Teacher | learning,1,156,4,0,U01533,U04001
U01534,user_01534,9908,227,1108,1029,Teacher | learning,1,216,9,0,U01534,U02968
U01535,user_01535,326,825,1830,616,Cybersecurity analyst,1,185,9,0,U01535,U04096
U01536,bot_01536,32,1818,6566,31,Giveaway now,0,373,109,1,U01536,U01474
U01537,user_01537,4968,518,1784,2268,Photographer,1,28,10,0,U01537,U01471
U01538,bot_01538,71,1417,6808,30,Giveaway now,0,377,147,1,U01538,U00831
U01539,user_01539,6926,212,858,1606,Photographer,1,52,20,0,U01539,U03725
U01540,bot_01540,56,2065,3446,58,Giveaway now,0,417,93,1,U01540,U00950
U01541,user_01541,7677,714,1727,2239,Teacher | learning,1,202,12,0,U01541,U00915
U01542,user_01542,7247,744,1770,627,Teacher | learning,1,58,2,0,U01542,U04835
U01543,user_01543,8736,829,2063,2081,Data scientist,1,32,16,0,U01543,U00327
U01544,bot_01544,67,2142,6007,26,Click link,0,506,147,1,U01544,U02068
U01545,user_01545,11359,503,296,2523,Data scientist,1,88,7,0,U01545,U02924
U01546,user_01546,7619,532,1419,445,Teacher | learning,1,172,5,0,U01546,U00300
U01547,user_01547,6791,454,917,644,Cybersecurity analyst,1,156,5,0,U01547,U01185
U01548,user_01548,7363,481,1614,2176,Writer | minimal,1,196,9,0,U01548,U00333
U01549,bot_01549,52,1278,4202,97,Earn fast,0,570,141,1,U01549,U03129
U01550,user_01550,1590,545,1436,2030,Cybersecurity analyst,1,122,2,0,U01550,U02105
U01551,user_01551,1598,643,676,1084,Data scientist,1,166,10,0,U01551,U04212
U01552,user_01552,4293,250,1732,2237,Data scientist,1,75,15,0,U01552,U01522
U01553,user_01553,11300,246,1832,1042,Data scientist,1,193,11,0,U01553,U00042
U01554,user_01554,606,624,731,1425,Teacher | learning,1,88,16,0,U01554,U00796
U01555,bot_01555,7,1864,4810,28,Giveaway now,0,513,96,1,U01555,U04992
U01556,user_01556,9932,630,1546,2517,AI engineer | research,1,119,17,0,U01556,U02810
U01557,user_01557,5974,655,821,2192,Product manager,1,238,17,0,U01557,U04361
U01558,user_01558,11326,599,1247,1950,Designer | coffee,1,28,20,0,U01558,U03986
U01559,user_01559,5957,285,1050,2469,Data scientist,1,114,11,0,U01559,U02584
U01560,user_01560,7957,230,838,982,Photographer,1,179,13,0,U01560,U03403
U01561,user_01561,683,490,2479,2310,Cybersecurity analyst,1,80,14,0,U01561,U03101
U01562,user_01562,2323,299,1820,1194,Data scientist,1,74,5,0,U01562,U01464
U01563,user_01563,6871,763,1873,1741,Photographer,1,212,8,0,U01563,U04910
U01564,user_01564,6250,845,632,1601,Photographer,1,148,19,0,U01564,U01845
U01565,user_01565,8407,675,1372,2140,Photographer,1,60,7,0,U01565,U02363
U01566,bot_01566,47,2150,8375,42,Earn fast,0,549,176,1,U01566,U03141
U01567,user_01567,7150,628,1880,1073,Product manager,1,182,2,0,U01567,U01136
U01568,user_01568,8547,282,1874,393,Cybersecurity analyst,1,103,9,0,U01568,U04664
U01569,user_01569,11512,293,1716,393,Product manager,1,210,14,0,U01569,U01323
U01570,user_01570,4220,379,2134,1118,Data scientist,1,102,6,0,U01570,U00531
U01571,user_01571,3691,791,2088,2180,Product manager,1,82,16,0,U01571,U01449
U01572,user_01572,8495,856,655,1656,Product manager,1,243,7,0,U01572,U03787
U01573,user_01573,1444,207,332,1964,Writer | minimal,1,241,18,0,U01573,U03157
U01574,bot_01574,58,1732,8865,88,Promo only,0,261,151,1,U01574,U04376
U01575,user_01575,7484,692,444,1499,AI engineer | research,1,227,14,0,U01575,U02977
U01576,user_01576,8681,844,2002,2055,Designer | coffee,1,221,5,0,U01576,U01196
U01577,user_01577,9799,314,892,1801,Cybersecurity analyst,1,125,12,0,U01577,U01992
U01578,user_01578,3742,470,597,1651,Writer | minimal,1,184,4,0,U01578,U04027
U01579,user_01579,4559,550,1409,2121,Data scientist,1,104,16,0,U01579,U04655
U01580,user_01580,885,343,806,2437,Product manager,1,93,2,0,U01580,U03039
U01581,user_01581,11994,498,1456,948,Writer | minimal,1,165,11,0,U01581,U03604
U01582,user_01582,2830,331,800,1497,Data scientist,1,239,14,0,U01582,U01868
U01583,bot_01583,32,2394,5481,38,Click link,0,499,61,1,U01583,U02984
U01584,user_01584,8767,615,2153,997,Teacher | learning,1,108,6,0,U01584,U04288
U01585,user_01585,8250,863,892,2451,Writer | minimal,1,143,7,0,U01585,U03112
U01586,bot_01586,13,1901,4841,59,DM for investment,0,305,88,1,U01586,U02280
U01587,user_01587,2259,865,1006,1760,AI engineer | research,1,147,16,0,U01587,U04294
U01588,user_01588,3618,572,334,1932,Teacher | learning,1,180,5,0,U01588,U04157
U01589,bot_01589,75,2295,7405,30,Promo only,0,228,117,1,U01589,U04284
U01590,bot_01590,37,1574,8650,103,Giveaway now,0,325,89,1,U01590,U03737
U01591,bot_01591,39,2330,5273,31,Giveaway now,0,580,84,1,U01591,U00522
U01592,user_01592,2471,735,1440,549,Product manager,1,73,9,0,U01592,U04798
U01593,user_01593,8119,675,602,2499,Teacher | learning,1,245,3,0,U01593,U00599
U01594,bot_01594,19,2105,3683,80,Promo only,0,301,72,1,U01594,U04829
U01595,bot_01595,67,1814,7663,21,Earn fast,0,497,115,1,U01595,U03627
U01596,user_01596,3491,803,2068,302,Data scientist,1,84,15,0,U01596,U04036
U01597,user_01597,5684,719,2179,2406,Data scientist,1,92,11,0,U01597,U04360
U01598,bot_01598,40,2349,7121,59,Earn fast,0,520,116,1,U01598,U01493
U01599,user_01599,5529,721,2127,2330,Designer | coffee,1,61,7,0,U01599,U03540
U01600,user_01600,1849,653,1602,2506,Product manager,1,230,7,0,U01600,U00891
U01601,user_01601,3793,514,2255,1550,Writer | minimal,1,101,18,0,U01601,U00844
U01602,user_01602,10286,415,833,1626,Photographer,1,60,8,0,U01602,U01408
U01603,user_01603,10296,878,843,1633,Photographer,1,152,17,0,U01603,U02207
U01604,bot_01604,38,2166,5487,67,Click link,0,274,99,1,U01604,U02900
U01605,user_01605,5466,660,1461,2042,Photographer,1,164,14,0,U01605,U00047
U01606,user_01606,6920,256,1874,1748,Writer | minimal,1,185,6,0,U01606,U02247
U01607,bot_01607,30,1627,8423,111,Click link,0,331,97,1,U01607,U00194
U01608,user_01608,6565,533,2485,2593,Product manager,1,209,8,0,U01608,U04121
U01609,user_01609,4788,309,504,1295,Writer | minimal,1,61,12,0,U01609,U04858
U01610,user_01610,1053,875,1797,2294,Photographer,1,83,10,0,U01610,U00486
U01611,bot_01611,48,1765,7406,67,Click link,0,424,178,1,U01611,U00910
U01612,user_01612,1512,532,1894,921,Data scientist,1,243,6,0,U01612,U04703
U01613,bot_01613,16,2097,5008,61,Giveaway now,0,493,129,1,U01613,U02136
U01614,user_01614,5074,222,775,578,Teacher | learning,1,242,12,0,U01614,U03653
U01615,user_01615,3819,388,1515,2218,Teacher | learning,1,78,16,0,U01615,U02729
U01616,bot_01616,38,1722,7944,115,Earn fast,0,211,77,1,U01616,U03366
U01617,user_01617,8268,249,2364,546,Teacher | learning,1,253,18,0,U01617,U00133
U01618,user_01618,825,716,1539,2506,Teacher | learning,1,145,11,0,U01618,U00550
U01619,user_01619,9561,294,2486,760,Designer | coffee,1,156,7,0,U01619,U04702
U01620,user_01620,10294,865,981,599,Data scientist,1,216,15,0,U01620,U03816
U01621,user_01621,2793,866,1553,599,Teacher | learning,1,66,20,0,U01621,U03720
U01622,user_01622,11647,642,287,1944,AI engineer | research,1,167,11,0,U01622,U03195
U01623,bot_01623,33,1860,6499,39,DM for investment,0,332,169,1,U01623,U04788
U01624,user_01624,5651,745,2074,1120,Teacher | learning,1,217,20,0,U01624,U04726
U01625,bot_01625,23,1622,5527,43,Promo only,0,251,63,1,U01625,U04931
U01626,user_01626,946,330,2412,1727,Teacher | learning,1,37,12,0,U01626,U01886
U01627,user_01627,3604,510,868,2037,Product manager,1,89,9,0,U01627,U02911
U01628,bot_01628,61,1452,6072,23,Giveaway now,0,427,171,1,U01628,U01709
U01629,user_01629,7620,649,1835,1113,Designer | coffee,1,72,14,0,U01629,U00761
U01630,user_01630,8601,792,2315,798,Designer | coffee,1,61,8,0,U01630,U04007
U01631,user_01631,6171,524,1900,1082,Teacher | learning,1,73,4,0,U01631,U03916
U01632,user_01632,2134,667,266,329,Photographer,1,117,15,0,U01632,U00820
U01633,user_01633,5378,266,1978,1531,Photographer,1,78,4,0,U01633,U03862
U01634,bot_01634,40,1862,3371,38,Promo only,0,327,82,1,U01634,U00076
U01635,bot_01635,24,1487,8694,80,Earn fast,0,590,64,1,U01635,U04885
U01636,user_01636,11129,500,1722,1999,Photographer,1,230,7,0,U01636,U01413
U01637,bot_01637,71,1510,8477,43,Earn fast,0,386,172,1,U01637,U01331
U01638,bot_01638,31,1826,6306,100,Click link,0,391,176,1,U01638,U02631
U01639,bot_01639,8,1879,3233,80,DM for investment,0,217,154,1,U01639,U03340
U01640,bot_01640,53,2425,8918,87,Earn fast,0,286,80,1,U01640,U00123
U01641,user_01641,3948,294,1919,571,Writer | minimal,1,48,17,0,U01641,U03401
U01642,user_01642,9093,650,750,302,Writer | minimal,1,99,17,0,U01642,U02105
U01643,bot_01643,74,1948,8026,105,Free followers,0,566,72,1,U01643,U04038
U01644,user_01644,9659,400,715,1198,Cybersecurity analyst,1,151,6,0,U01644,U01848
U01645,user_01645,1853,613,1356,731,Data scientist,1,83,9,0,U01645,U01513
U01646,user_01646,5233,536,2092,2429,Data scientist,1,152,20,0,U01646,U01079
U01647,user_01647,6440,877,794,440,AI engineer | research,1,211,14,0,U01647,U01622
U01648,user_01648,534,346,339,1274,Teacher | learning,1,61,14,0,U01648,U00096
U01649,user_01649,8227,552,969,1961,Writer | minimal,1,135,8,0,U01649,U02153
U01650,user_01650,2230,486,2307,1681,Data scientist,1,106,7,0,U01650,U02794
U01651,user_01651,8284,762,2069,695,Data scientist,1,191,12,0,U01651,U00518
U01652,user_01652,7288,857,304,2525,Product manager,1,52,5,0,U01652,U03748
U01653,user_01653,2270,763,1411,817,Data scientist,1,243,13,0,U01653,U03708
U01654,user_01654,1659,716,947,1928,Product manager,1,229,18,0,U01654,U01161
U01655,user_01655,3934,217,1013,1749,AI engineer | research,1,154,6,0,U01655,U04368
U01656,user_01656,4075,743,883,1833,Cybersecurity analyst,1,60,5,0,U01656,U01854
U01657,user_01657,2791,753,1936,1128,Photographer,1,91,3,0,U01657,U02429
U01658,user_01658,8848,631,2151,2216,Data scientist,1,102,6,0,U01658,U00003
U01659,bot_01659,76,1838,4710,113,Earn fast,0,513,136,1,U01659,U00486
U01660,user_01660,2598,347,2169,956,Photographer,1,215,9,0,U01660,U01307
U01661,user_01661,6706,805,992,1318,Designer | coffee,1,233,13,0,U01661,U01854
U01662,user_01662,4825,343,1844,805,Cybersecurity analyst,1,205,20,0,U01662,U01687
U01663,user_01663,11313,482,1541,344,Data scientist,1,183,5,0,U01663,U04295
U01664,bot_01664,65,1675,8410,76,Earn fast,0,352,165,1,U01664,U04434
U01665,user_01665,7744,357,488,1698,AI engineer | research,1,244,10,0,U01665,U03126
U01666,user_01666,4485,315,2110,2044,Writer | minimal,1,169,7,0,U01666,U02385
U01667,bot_01667,18,1381,8994,97,Click link,0,506,170,1,U01667,U01977
U01668,user_01668,11193,706,1971,2027,Data scientist,1,34,5,0,U01668,U02260
U01669,user_01669,10790,720,1546,2018,Teacher | learning,1,190,10,0,U01669,U00681
U01670,bot_01670,67,1697,7798,83,Free followers,0,313,135,1,U01670,U02178
U01671,bot_01671,67,2348,7969,92,Promo only,0,392,137,1,U01671,U03135
U01672,bot_01672,18,2409,8264,32,Earn fast,0,494,72,1,U01672,U01955
U01673,user_01673,11320,818,1927,1912,Teacher | learning,1,203,3,0,U01673,U03607
U01674,user_01674,9693,735,352,1933,AI engineer | research,1,228,15,0,U01674,U01770
U01675,user_01675,695,845,1547,704,AI engineer | research,1,94,15,0,U01675,U03741
U01676,user_01676,4453,567,1609,1743,Writer | minimal,1,83,10,0,U01676,U00392
U01677,user_01677,11754,850,1277,957,Teacher | learning,1,73,19,0,U01677,U03288
U01678,user_01678,3118,711,564,1667,Product manager,1,110,19,0,U01678,U02594
U01679,user_01679,1959,292,1863,1581,Cybersecurity analyst,1,179,17,0,U01679,U03136
U01680,bot_01680,67,1918,5760,76,DM for investment,0,385,156,1,U01680,U01381
U01681,user_01681,2126,394,1471,2373,Data scientist,1,199,19,0,U01681,U04587
U01682,user_01682,6820,833,511,1113,Photographer,1,43,4,0,U01682,U02158
U01683,bot_01683,48,2291,5898,70,Free followers,0,268,177,1,U01683,U00849
U01684,user_01684,5115,828,536,1626,AI engineer | research,1,77,16,0,U01684,U02015
U01685,user_01685,11236,480,307,2325,Product manager,1,77,9,0,U01685,U01851
U01686,user_01686,3838,348,250,1515,Writer | minimal,1,82,2,0,U01686,U03596
U01687,user_01687,9331,781,987,1988,Photographer,1,67,18,0,U01687,U04715
U01688,user_01688,6642,467,1690,1379,Teacher | learning,1,130,13,0,U01688,U01923
U01689,user_01689,6150,278,750,1617,Cybersecurity analyst,1,240,9,0,U01689,U00792
U01690,user_01690,8614,687,2392,1584,Teacher | learning,1,46,9,0,U01690,U04539
U01691,user_01691,3969,676,1302,517,Writer | minimal,1,137,16,0,U01691,U04842
U01692,user_01692,3107,222,2493,2136,Teacher | learning,1,163,3,0,U01692,U03905
U01693,user_01693,2722,265,1651,567,Data scientist,1,204,10,0,U01693,U00226
U01694,user_01694,8341,641,746,1923,Data scientist,1,75,16,0,U01694,U04411
U01695,user_01695,5291,538,1152,2380,Teacher | learning,1,124,6,0,U01695,U00056
U01696,user_01696,1167,566,690,590,Photographer,1,177,4,0,U01696,U01321
U01697,user_01697,4376,815,934,1042,Designer | coffee,1,27,17,0,U01697,U02719
U01698,bot_01698,56,2375,8742,107,Free followers,0,398,163,1,U01698,U03124
U01699,user_01699,2569,551,949,692,Cybersecurity analyst,1,99,13,0,U01699,U03526
U01700,user_01700,8486,292,955,1367,Product manager,1,122,8,0,U01700,U02878
U01701,user_01701,10671,283,1591,2150,Data scientist,1,212,5,0,U01701,U00168
U01702,user_01702,1297,770,442,1828,AI engineer | research,1,44,7,0,U01702,U04335
U01703,bot_01703,46,1987,5508,23,Click link,0,490,132,1,U01703,U00569
U01704,user_01704,3388,851,2240,1044,Teacher | learning,1,157,8,0,U01704,U00795
U01705,user_01705,2834,814,1732,1024,Cybersecurity analyst,1,248,16,0,U01705,U04157
U01706,bot_01706,61,1262,8096,24,Earn fast,0,475,173,1,U01706,U02554
U01707,user_01707,2065,557,938,2423,Writer | minimal,1,62,5,0,U01707,U01583
U01708,user_01708,10346,545,2062,2544,Writer | minimal,1,232,14,0,U01708,U00954
U01709,user_01709,1372,546,1208,1797,Writer | minimal,1,56,9,0,U01709,U01543
U01710,user_01710,981,566,440,2267,Designer | coffee,1,227,20,0,U01710,U04259
U01711,bot_01711,46,2279,7612,93,Promo only,0,559,128,1,U01711,U03230
U01712,user_01712,10838,405,1357,1612,Product manager,1,54,16,0,U01712,U02400
U01713,user_01713,7284,613,1982,1844,AI engineer | research,1,41,17,0,U01713,U04025
U01714,bot_01714,76,2191,7994,69,Click link,0,356,123,1,U01714,U00452
U01715,user_01715,982,392,565,1557,Cybersecurity analyst,1,248,20,0,U01715,U02570
U01716,user_01716,9053,228,393,1540,Teacher | learning,1,118,8,0,U01716,U04406
U01717,bot_01717,60,2241,7292,42,Giveaway now,0,460,107,1,U01717,U00367
U01718,user_01718,1916,668,960,1207,Designer | coffee,1,202,12,0,U01718,U01668
U01719,user_01719,9657,855,263,485,Product manager,1,256,14,0,U01719,U00953
U01720,user_01720,377,446,1554,1025,Teacher | learning,1,119,9,0,U01720,U03293
U01721,bot_01721,23,2426,5016,99,Free followers,0,542,93,1,U01721,U04674
U01722,user_01722,10559,517,1039,1416,Photographer,1,124,2,0,U01722,U03389
U01723,user_01723,3404,699,1238,342,AI engineer | research,1,180,14,0,U01723,U03680
U01724,bot_01724,33,1344,8223,34,Free followers,0,259,80,1,U01724,U00545
U01725,bot_01725,46,1542,5101,107,Giveaway now,0,566,179,1,U01725,U03263
U01726,user_01726,4993,491,1271,744,Photographer,1,214,5,0,U01726,U01656
U01727,user_01727,9389,709,1022,820,Writer | minimal,1,152,3,0,U01727,U03923
U01728,bot_01728,34,1277,6179,43,Giveaway now,0,242,157,1,U01728,U00553
U01729,bot_01729,52,2097,4169,76,Earn fast,0,505,158,1,U01729,U04126
U01730,user_01730,3396,415,1502,479,Cybersecurity analyst,1,165,2,0,U01730,U02797
U01731,user_01731,4409,379,1634,2192,Photographer,1,71,3,0,U01731,U03114
U01732,bot_01732,42,2235,3521,48,DM for investment,0,294,140,1,U01732,U02752
U01733,user_01733,7490,225,2004,584,Data scientist,1,235,9,0,U01733,U04562
U01734,bot_01734,75,1850,3464,34,Free followers,0,550,68,1,U01734,U04244
U01735,user_01735,10434,373,1517,1817,Designer | coffee,1,29,6,0,U01735,U01915
U01736,bot_01736,5,2352,3478,69,Earn fast,0,593,132,1,U01736,U01840
U01737,user_01737,876,777,2434,602,Photographer,1,25,17,0,U01737,U02314
U01738,user_01738,6636,660,1173,2309,Teacher | learning,1,176,10,0,U01738,U03728
U01739,user_01739,2809,665,2397,1775,Data scientist,1,77,6,0,U01739,U01429
U01740,user_01740,6664,463,856,1807,Photographer,1,209,2,0,U01740,U02457
U01741,bot_01741,63,2040,8821,89,DM for investment,0,316,111,1,U01741,U02892
U01742,bot_01742,56,2062,6422,78,Free followers,0,575,117,1,U01742,U03183
U01743,user_01743,5834,533,1833,845,Product manager,1,205,18,0,U01743,U02016
U01744,bot_01744,29,2364,4594,113,Promo only,0,537,160,1,U01744,U02978
U01745,user_01745,9281,618,1735,1557,Cybersecurity analyst,1,74,14,0,U01745,U03853
U01746,bot_01746,62,1815,8108,72,DM for investment,0,226,85,1,U01746,U02767
U01747,user_01747,2867,875,1774,2419,Writer | minimal,1,130,7,0,U01747,U00196
U01748,user_01748,6623,781,905,1419,Cybersecurity analyst,1,210,20,0,U01748,U03293
U01749,user_01749,3540,354,1884,1596,Cybersecurity analyst,1,139,9,0,U01749,U03987
U01750,user_01750,10332,743,344,697,Designer | coffee,1,221,4,0,U01750,U00176
U01751,bot_01751,11,1878,3736,60,Giveaway now,0,382,85,1,U01751,U01234
U01752,user_01752,5339,267,1686,1592,Writer | minimal,1,169,16,0,U01752,U02774
U01753,user_01753,5047,510,615,954,Cybersecurity analyst,1,250,6,0,U01753,U03402
U01754,bot_01754,57,1524,7601,90,Giveaway now,0,521,120,1,U01754,U02304
U01755,user_01755,4386,316,800,2122,Cybersecurity analyst,1,44,3,0,U01755,U03121
U01756,user_01756,8113,374,281,1784,Cybersecurity analyst,1,258,16,0,U01756,U03665
U01757,user_01757,8357,887,1608,1691,Designer | coffee,1,41,13,0,U01757,U01452
U01758,bot_01758,43,2006,4224,34,Giveaway now,0,542,85,1,U01758,U02628
U01759,user_01759,1661,563,2226,365,Photographer,1,179,20,0,U01759,U01385
U01760,user_01760,4440,396,2302,1447,Writer | minimal,1,153,2,0,U01760,U02610
U01761,user_01761,1152,864,1178,1555,Photographer,1,87,16,0,U01761,U02765
U01762,bot_01762,63,1364,5727,90,Promo only,0,216,76,1,U01762,U00088
U01763,user_01763,614,509,1759,1117,Photographer,1,251,17,0,U01763,U03182
U01764,bot_01764,39,1968,5749,66,Free followers,0,462,169,1,U01764,U03336
U01765,user_01765,2468,554,1271,2562,Data scientist,1,69,17,0,U01765,U02185
U01766,bot_01766,62,1373,8457,60,Earn fast,0,460,174,1,U01766,U00189
U01767,user_01767,2053,448,504,1025,Cybersecurity analyst,1,115,4,0,U01767,U04686
U01768,user_01768,1731,277,239,355,Designer | coffee,1,208,12,0,U01768,U01280
U01769,user_01769,7849,846,1555,733,AI engineer | research,1,176,5,0,U01769,U01137
U01770,bot_01770,15,1580,3751,111,Free followers,0,246,60,1,U01770,U01910
U01771,bot_01771,15,1992,5624,100,Free followers,0,471,84,1,U01771,U01617
U01772,user_01772,8415,819,962,2221,AI engineer | research,1,93,20,0,U01772,U03626
U01773,bot_01773,5,1362,4440,45,Promo only,0,334,78,1,U01773,U04714
U01774,user_01774,11768,326,510,1070,Product manager,1,67,12,0,U01774,U01331
U01775,user_01775,10004,503,1888,2375,Product manager,1,183,11,0,U01775,U03495
U01776,user_01776,5948,446,2373,328,Data scientist,1,187,10,0,U01776,U01322
U01777,bot_01777,13,2211,5819,113,Free followers,0,230,139,1,U01777,U00655
U01778,user_01778,7606,212,561,1604,Designer | coffee,1,170,13,0,U01778,U04663
U01779,user_01779,5527,661,1666,2267,Data scientist,1,114,17,0,U01779,U04007
U01780,user_01780,3417,433,898,474,Photographer,1,196,13,0,U01780,U03809
U01781,user_01781,5614,612,2099,2202,Cybersecurity analyst,1,135,6,0,U01781,U03159
U01782,user_01782,701,342,1497,1862,Photographer,1,242,6,0,U01782,U02996
U01783,bot_01783,27,1509,7857,43,Earn fast,0,311,72,1,U01783,U03206
U01784,user_01784,4738,545,1010,388,Cybersecurity analyst,1,147,14,0,U01784,U02487
U01785,user_01785,9300,484,1132,1078,Photographer,1,144,17,0,U01785,U03565
U01786,user_01786,2918,699,444,1747,Teacher | learning,1,47,4,0,U01786,U03906
U01787,user_01787,2617,440,2324,2324,Photographer,1,225,8,0,U01787,U04019
U01788,bot_01788,44,2493,4299,63,Giveaway now,0,522,99,1,U01788,U03515
U01789,user_01789,10115,332,2369,1454,Cybersecurity analyst,1,107,13,0,U01789,U03028
U01790,user_01790,8058,264,272,2131,Product manager,1,114,15,0,U01790,U01716
U01791,user_01791,11576,439,1480,2250,Teacher | learning,1,221,10,0,U01791,U04729
U01792,user_01792,11741,399,720,1618,Product manager,1,220,20,0,U01792,U04857
U01793,user_01793,4381,700,2124,379,Designer | coffee,1,100,18,0,U01793,U03147
U01794,user_01794,10517,529,533,2467,Data scientist,1,145,16,0,U01794,U00549
U01795,user_01795,3465,482,786,1790,Writer | minimal,1,237,3,0,U01795,U02021
U01796,bot_01796,5,1870,5917,99,DM for investment,0,447,131,1,U01796,U02235
U01797,user_01797,8241,521,2396,1119,Designer | coffee,1,230,8,0,U01797,U02422
U01798,user_01798,3493,736,2264,1456,Photographer,1,83,14,0,U01798,U00090
U01799,user_01799,3646,347,1412,403,Designer | coffee,1,27,15,0,U01799,U03020
U01800,user_01800,2718,657,1764,2574,Teacher | learning,1,60,16,0,U01800,U00883
U01801,user_01801,7770,482,1010,2156,Cybersecurity analyst,1,92,7,0,U01801,U02645
U01802,user_01802,2330,253,1537,2563,Cybersecurity analyst,1,142,13,0,U01802,U02583
U01803,user_01803,6444,763,304,2078,Photographer,1,185,12,0,U01803,U01459
U01804,user_01804,865,859,1358,1627,AI engineer | research,1,164,20,0,U01804,U04192
U01805,bot_01805,21,2217,3523,28,Earn fast,0,271,79,1,U01805,U04283
U01806,bot_01806,35,1388,5951,65,Free followers,0,373,70,1,U01806,U02815
U01807,user_01807,8368,610,2432,554,Photographer,1,154,15,0,U01807,U01270
U01808,user_01808,1765,412,2037,951,Product manager,1,49,10,0,U01808,U01961
U01809,bot_01809,76,1249,3429,102,Free followers,0,557,88,1,U01809,U00348
U01810,bot_01810,34,1512,4127,84,Free followers,0,363,101,1,U01810,U03243
U01811,bot_01811,42,2208,3192,105,Free followers,0,565,149,1,U01811,U04506
U01812,bot_01812,30,2407,3294,46,Free followers,0,317,134,1,U01812,U00059
U01813,user_01813,1620,795,1707,2385,Photographer,1,250,7,0,U01813,U01744
U01814,bot_01814,5,2485,8101,56,Click link,0,336,131,1,U01814,U04186
U01815,user_01815,3602,822,1249,1670,Data scientist,1,70,12,0,U01815,U03217
U01816,bot_01816,41,2124,3236,77,Giveaway now,0,508,143,1,U01816,U04193
U01817,user_01817,3652,389,661,470,Product manager,1,119,5,0,U01817,U01640
U01818,user_01818,5192,890,1077,1542,AI engineer | research,1,112,16,0,U01818,U01883
U01819,user_01819,4434,422,2293,397,Product manager,1,99,2,0,U01819,U01483
U01820,user_01820,3680,711,1791,1640,Cybersecurity analyst,1,137,14,0,U01820,U04028
U01821,user_01821,10076,492,1217,618,AI engineer | research,1,177,5,0,U01821,U00256
U01822,user_01822,483,480,200,1542,Cybersecurity analyst,1,133,14,0,U01822,U00797
U01823,bot_01823,32,1590,6466,114,Click link,0,390,69,1,U01823,U03421
U01824,user_01824,5173,235,691,1537,Writer | minimal,1,56,10,0,U01824,U01677
U01825,bot_01825,8,2175,4430,21,Giveaway now,0,257,71,1,U01825,U01924
U01826,user_01826,9799,770,1318,1406,Writer | minimal,1,25,20,0,U01826,U00519
U01827,user_01827,2811,420,466,1928,AI engineer | research,1,193,14,0,U01827,U00305
U01828,user_01828,7930,622,916,354,Designer | coffee,1,167,3,0,U01828,U02301
U01829,user_01829,8150,407,1294,399,Product manager,1,191,10,0,U01829,U01924
U01830,user_01830,331,865,380,2083,Product manager,1,163,17,0,U01830,U00388
U01831,user_01831,1748,812,1704,2168,Cybersecurity analyst,1,230,17,0,U01831,U03058
U01832,user_01832,6382,764,2414,896,Photographer,1,102,13,0,U01832,U01426
U01833,user_01833,6396,678,1623,1497,Photographer,1,57,17,0,U01833,U02952
U01834,user_01834,1716,816,1237,863,Writer | minimal,1,105,13,0,U01834,U03693
U01835,user_01835,11446,368,375,1706,Teacher | learning,1,149,6,0,U01835,U04426
U01836,user_01836,2912,787,771,1143,Designer | coffee,1,231,14,0,U01836,U03433
U01837,user_01837,8514,757,371,2428,AI engineer | research,1,46,20,0,U01837,U02087
U01838,user_01838,11189,368,1128,1671,Teacher | learning,1,145,5,0,U01838,U03059
U01839,user_01839,6771,735,1808,1197,Photographer,1,167,13,0,U01839,U00872
U01840,bot_01840,63,1518,8684,116,Earn fast,0,296,151,1,U01840,U04133
U01841,user_01841,8413,347,495,1555,Data scientist,1,81,14,0,U01841,U01715
U01842,user_01842,1882,395,296,366,Designer | coffee,1,27,11,0,U01842,U01697
U01843,bot_01843,14,1337,5076,77,Click link,0,260,114,1,U01843,U03302
U01844,bot_01844,43,1902,6176,67,Free followers,0,306,98,1,U01844,U04831
U01845,user_01845,10707,829,371,2312,Teacher | learning,1,28,17,0,U01845,U02880
U01846,bot_01846,65,1985,7415,118,Giveaway now,0,250,114,1,U01846,U04810
U01847,user_01847,6051,702,311,1856,Designer | coffee,1,29,17,0,U01847,U03891
U01848,user_01848,1808,284,1205,685,Teacher | learning,1,136,14,0,U01848,U01978
U01849,user_01849,7988,235,1522,1568,Product manager,1,161,16,0,U01849,U03364
U01850,bot_01850,21,2415,8531,119,Promo only,0,214,179,1,U01850,U03641
U01851,bot_01851,28,2148,5250,109,Promo only,0,489,109,1,U01851,U00400
U01852,user_01852,2227,729,2211,1012,Data scientist,1,250,16,0,U01852,U01334
U01853,bot_01853,47,2073,3898,107,Earn fast,0,279,167,1,U01853,U01632
U01854,user_01854,4380,205,1786,1023,AI engineer | research,1,217,14,0,U01854,U02477
U01855,bot_01855,48,2395,7041,49,Giveaway now,0,565,116,1,U01855,U00952
U01856,bot_01856,22,1470,7957,92,Free followers,0,212,116,1,U01856,U03004
U01857,user_01857,7344,221,2351,1808,Designer | coffee,1,182,19,0,U01857,U03430
U01858,user_01858,4869,646,2482,2029,Designer | coffee,1,37,4,0,U01858,U02153
U01859,user_01859,11190,566,2144,1943,Cybersecurity analyst,1,149,9,0,U01859,U00992
U01860,bot_01860,16,2368,4530,105,Giveaway now,0,300,117,1,U01860,U04473
U01861,user_01861,4609,689,473,1059,Designer | coffee,1,169,15,0,U01861,U04585
U01862,bot_01862,30,1501,5460,37,Free followers,0,582,149,1,U01862,U00092
U01863,user_01863,8659,212,661,2448,AI engineer | research,1,190,10,0,U01863,U02485
U01864,user_01864,2545,527,1198,2267,Product manager,1,225,8,0,U01864,U03890
U01865,user_01865,3808,301,906,1888,Designer | coffee,1,161,19,0,U01865,U01197
U01866,user_01866,8653,348,478,2256,Cybersecurity analyst,1,151,4,0,U01866,U02024
U01867,user_01867,7074,840,1681,1223,Photographer,1,231,10,0,U01867,U00489
U01868,user_01868,1003,528,1816,413,Photographer,1,69,13,0,U01868,U03685
U01869,user_01869,3981,330,2163,2387,Cybersecurity analyst,1,247,15,0,U01869,U01978
U01870,user_01870,5012,709,507,2072,Photographer,1,173,2,0,U01870,U00544
U01871,user_01871,11842,349,363,1813,Data scientist,1,91,14,0,U01871,U03806
U01872,user_01872,5894,510,2392,1639,Writer | minimal,1,255,11,0,U01872,U04190
U01873,user_01873,11579,803,2494,862,Designer | coffee,1,140,12,0,U01873,U04012
U01874,user_01874,9028,729,457,1330,Data scientist,1,181,10,0,U01874,U02368
U01875,user_01875,4032,520,1527,1280,Teacher | learning,1,164,8,0,U01875,U02510
U01876,bot_01876,47,2260,8538,72,Promo only,0,342,93,1,U01876,U03473
U01877,user_01877,3385,827,770,1508,Teacher | learning,1,68,13,0,U01877,U01675
U01878,user_01878,9831,732,910,780,Product manager,1,205,11,0,U01878,U01686
U01879,user_01879,10678,545,949,2335,Photographer,1,115,9,0,U01879,U03968
U01880,user_01880,9609,670,2401,1698,Designer | coffee,1,57,10,0,U01880,U02069
U01881,bot_01881,53,2327,6220,20,Click link,0,234,84,1,U01881,U04056
U01882,user_01882,9321,797,1334,2393,Product manager,1,165,15,0,U01882,U02177
U01883,bot_01883,59,2486,7010,96,Free followers,0,255,120,1,U01883,U03170
U01884,user_01884,2589,385,703,1780,AI engineer | research,1,214,3,0,U01884,U00576
U01885,user_01885,9286,748,1299,821,Photographer,1,220,5,0,U01885,U01679
U01886,bot_01886,77,1322,3080,34,Giveaway now,0,372,139,1,U01886,U02271
U01887,user_01887,4243,436,1102,1392,Teacher | learning,1,257,19,0,U01887,U01937
U01888,bot_01888,75,2396,5594,117,Free followers,0,312,81,1,U01888,U01665
U01889,user_01889,585,364,573,1404,Designer | coffee,1,227,17,0,U01889,U00784
U01890,bot_01890,57,1652,4982,78,DM for investment,0,512,81,1,U01890,U01806
U01891,user_01891,351,444,1463,2082,Writer | minimal,1,168,14,0,U01891,U01749
U01892,bot_01892,15,2036,8836,76,Giveaway now,0,426,79,1,U01892,U03150
U01893,user_01893,6528,223,2417,1412,Photographer,1,72,17,0,U01893,U04293
U01894,user_01894,639,711,2278,1888,Product manager,1,234,16,0,U01894,U03056
U01895,bot_01895,14,2430,8725,107,Free followers,0,393,81,1,U01895,U01697
U01896,bot_01896,50,2029,5245,51,DM for investment,0,566,97,1,U01896,U03109
U01897,user_01897,7995,224,1199,564,Photographer,1,135,2,0,U01897,U04684
U01898,user_01898,6541,220,2210,2087,Photographer,1,205,16,0,U01898,U00733
U01899,user_01899,6005,434,1302,1801,Writer | minimal,1,253,10,0,U01899,U01296
U01900,bot_01900,79,2259,7907,87,Earn fast,0,300,168,1,U01900,U03125
U01901,user_01901,4045,292,850,678,AI engineer | research,1,177,19,0,U01901,U02052
U01902,bot_01902,37,2127,4220,57,Free followers,0,272,169,1,U01902,U02282
U01903,user_01903,3347,434,1877,1576,Designer | coffee,1,62,18,0,U01903,U01900
U01904,user_01904,10473,253,920,1480,Photographer,1,160,17,0,U01904,U01376
U01905,bot_01905,30,2434,8837,29,Earn fast,0,234,158,1,U01905,U02205
U01906,user_01906,3228,746,708,2194,Cybersecurity analyst,1,161,13,0,U01906,U01252
U01907,user_01907,3360,451,235,1633,Data scientist,1,238,7,0,U01907,U04205
U01908,user_01908,8506,716,432,1913,AI engineer | research,1,54,7,0,U01908,U03843
U01909,bot_01909,21,1695,7988,67,Click link,0,493,160,1,U01909,U03789
U01910,bot_01910,27,1425,8844,51,Promo only,0,282,141,1,U01910,U00347
U01911,bot_01911,53,1478,3004,56,Free followers,0,435,127,1,U01911,U03236
U01912,user_01912,6917,737,2111,2428,Photographer,1,110,20,0,U01912,U02060
U01913,user_01913,6979,370,2260,2346,Product manager,1,52,3,0,U01913,U00602
U01914,user_01914,6321,505,673,1989,Data scientist,1,117,14,0,U01914,U03061
U01915,bot_01915,67,1606,3131,47,Giveaway now,0,422,159,1,U01915,U01206
U01916,user_01916,9973,343,1436,1923,AI engineer | research,1,82,6,0,U01916,U01861
U01917,user_01917,4443,698,1835,2210,Teacher | learning,1,202,16,0,U01917,U01677
U01918,user_01918,7112,252,1205,896,Data scientist,1,249,5,0,U01918,U03065
U01919,bot_01919,64,1991,8352,75,Click link,0,239,136,1,U01919,U02907
U01920,user_01920,9337,688,365,2263,Teacher | learning,1,37,13,0,U01920,U01585
U01921,user_01921,8602,369,245,714,Data scientist,1,57,19,0,U01921,U00491
U01922,bot_01922,32,2491,7268,67,Free followers,0,212,117,1,U01922,U02737
U01923,user_01923,7841,555,1537,1467,Designer | coffee,1,114,3,0,U01923,U03592
U01924,user_01924,7400,726,348,2544,Designer | coffee,1,206,20,0,U01924,U01257
U01925,user_01925,6491,538,2001,1394,Product manager,1,56,6,0,U01925,U00764
U01926,user_01926,4818,603,1102,471,AI engineer | research,1,31,11,0,U01926,U01090
U01927,bot_01927,77,1596,6420,39,Promo only,0,418,130,1,U01927,U02091
U01928,user_01928,3750,200,471,969,Data scientist,1,239,3,0,U01928,U03954
U01929,user_01929,3889,679,878,2321,Writer | minimal,1,49,4,0,U01929,U02808
U01930,user_01930,6396,680,1257,2587,Teacher | learning,1,160,12,0,U01930,U04315
U01931,bot_01931,80,2265,8591,55,DM for investment,0,504,159,1,U01931,U01854
U01932,user_01932,7408,694,1314,1644,Data scientist,1,260,18,0,U01932,U04087
U01933,user_01933,6930,252,1430,1355,Product manager,1,47,6,0,U01933,U01794
U01934,user_01934,4375,675,827,703,Teacher | learning,1,198,19,0,U01934,U03381
U01935,user_01935,7169,780,1556,1525,Cybersecurity analyst,1,40,9,0,U01935,U03942
U01936,user_01936,11160,267,1485,533,Photographer,1,131,14,0,U01936,U01262
U01937,user_01937,801,541,1717,784,Writer | minimal,1,98,9,0,U01937,U04030
U01938,user_01938,6793,802,1076,1960,Data scientist,1,130,9,0,U01938,U01993
U01939,user_01939,3001,544,852,1639,Designer | coffee,1,171,14,0,U01939,U00825
U01940,bot_01940,6,1507,7426,74,Earn fast,0,452,174,1,U01940,U01245
U01941,user_01941,334,682,927,433,Teacher | learning,1,54,11,0,U01941,U02927
U01942,user_01942,1733,241,876,1568,AI engineer | research,1,104,5,0,U01942,U04775
U01943,bot_01943,10,2458,3001,44,Free followers,0,287,174,1,U01943,U04018
U01944,bot_01944,80,1796,8041,87,Promo only,0,236,166,1,U01944,U02331
U01945,bot_01945,64,2441,5129,40,Giveaway now,0,529,159,1,U01945,U04218
U01946,bot_01946,33,1781,3262,70,DM for investment,0,373,145,1,U01946,U03873
U01947,user_01947,6177,721,1455,1502,Photographer,1,187,14,0,U01947,U01927
U01948,user_01948,5367,882,1537,1162,Cybersecurity analyst,1,81,16,0,U01948,U01272
U01949,bot_01949,12,2403,3964,38,DM for investment,0,255,117,1,U01949,U01224
U01950,user_01950,4928,540,1510,1279,Photographer,1,203,17,0,U01950,U03358
U01951,bot_01951,75,2403,5478,110,Free followers,0,307,174,1,U01951,U00278
U01952,user_01952,6702,396,1613,570,Data scientist,1,32,3,0,U01952,U03192
U01953,bot_01953,68,2149,8393,70,Click link,0,563,170,1,U01953,U03684
U01954,bot_01954,46,2064,8393,60,Giveaway now,0,584,132,1,U01954,U01508
U01955,bot_01955,26,1713,6406,31,Click link,0,449,172,1,U01955,U01214
U01956,bot_01956,22,1691,7200,97,DM for investment,0,453,95,1,U01956,U01479
U01957,user_01957,451,846,1677,1704,Teacher | learning,1,224,13,0,U01957,U00023
U01958,bot_01958,69,1613,4729,38,Giveaway now,0,370,147,1,U01958,U04137
U01959,user_01959,6701,741,1005,2081,Writer | minimal,1,217,3,0,U01959,U04842
U01960,user_01960,9127,667,382,1465,Photographer,1,105,2,0,U01960,U04828
U01961,user_01961,1328,685,1909,2198,Product manager,1,254,20,0,U01961,U02582
U01962,user_01962,3951,660,1284,1529,Product manager,1,248,3,0,U01962,U04748
U01963,user_01963,4647,204,2373,1238,Writer | minimal,1,30,9,0,U01963,U01958
U01964,user_01964,7345,248,511,1420,Photographer,1,157,19,0,U01964,U00134
U01965,user_01965,10786,513,409,2334,Data scientist,1,168,8,0,U01965,U00950
U01966,user_01966,6673,774,1545,1025,AI engineer | research,1,159,8,0,U01966,U03519
U01967,bot_01967,36,2182,3169,32,Giveaway now,0,266,179,1,U01967,U02116
U01968,bot_01968,42,1726,6404,40,Giveaway now,0,418,86,1,U01968,U01343
U01969,user_01969,5031,516,2421,2547,Designer | coffee,1,183,4,0,U01969,U01275
U01970,user_01970,354,445,470,1406,Writer | minimal,1,65,5,0,U01970,U02766
U01971,bot_01971,73,2152,7184,35,Promo only,0,446,145,1,U01971,U02280
U01972,user_01972,6136,294,1646,1022,Data scientist,1,119,8,0,U01972,U00150
U01973,user_01973,10463,288,459,964,Cybersecurity analyst,1,57,12,0,U01973,U04277
U01974,user_01974,9062,398,2160,1739,Photographer,1,27,12,0,U01974,U03543
U01975,bot_01975,70,2024,4739,41,Giveaway now,0,297,139,1,U01975,U03961
U01976,user_01976,11725,268,1128,2324,Photographer,1,162,16,0,U01976,U02640
U01977,user_01977,3562,242,349,2155,Teacher | learning,1,68,2,0,U01977,U00141
U01978,user_01978,6403,864,1587,2002,Teacher | learning,1,211,2,0,U01978,U03797
U01979,bot_01979,17,2417,7264,91,Promo only,0,592,74,1,U01979,U01113
U01980,user_01980,9369,764,1595,790,Teacher | learning,1,179,3,0,U01980,U02016
U01981,user_01981,7273,500,359,736,Cybersecurity analyst,1,34,11,0,U01981,U02116
U01982,user_01982,2807,487,1592,1987,Teacher | learning,1,39,18,0,U01982,U00616
U01983,user_01983,5212,616,293,407,Cybersecurity analyst,1,92,12,0,U01983,U00763
U01984,user_01984,8900,817,610,1784,Data scientist,1,49,5,0,U01984,U02735
U01985,user_01985,2327,387,1069,622,Data scientist,1,79,3,0,U01985,U02552
U01986,user_01986,9314,754,526,2548,Data scientist,1,259,20,0,U01986,U04525
U01987,user_01987,1945,613,366,1577,Designer | coffee,1,255,15,0,U01987,U02731
U01988,user_01988,1152,340,481,686,Designer | coffee,1,170,2,0,U01988,U03908
U01989,bot_01989,51,2031,7439,33,Promo only,0,335,80,1,U01989,U04598
U01990,user_01990,4356,283,1568,989,Designer | coffee,1,67,20,0,U01990,U00138
U01991,user_01991,11902,329,893,2387,AI engineer | research,1,81,15,0,U01991,U04285
U01992,user_01992,9748,392,2217,2542,Photographer,1,80,3,0,U01992,U01729
U01993,user_01993,6664,397,2361,1498,Photographer,1,108,6,0,U01993,U04840
U01994,user_01994,9775,494,1303,1320,Photographer,1,177,5,0,U01994,U02089
U01995,user_01995,8453,201,669,1961,Data scientist,1,171,8,0,U01995,U01051
U01996,user_01996,10799,794,691,1319,Product manager,1,53,3,0,U01996,U02048
U01997,user_01997,1482,900,1816,844,Designer | coffee,1,75,10,0,U01997,U04707
U01998,bot_01998,31,1426,8703,21,Click link,0,411,73,1,U01998,U01691
U01999,user_01999,2708,863,704,1810,Photographer,1,103,15,0,U01999,U04251
U02000,user_02000,7564,879,1025,897,Teacher | learning,1,72,14,0,U02000,U01541
U02001,user_02001,11151,448,2206,2302,AI engineer | research,1,90,15,0,U02001,U02066
U02002,bot_02002,64,1524,3503,120,Free followers,0,230,155,1,U02002,U04295
U02003,user_02003,7073,313,1376,876,Cybersecurity analyst,1,92,10,0,U02003,U03492
U02004,user_02004,8053,742,467,2161,Product manager,1,109,11,0,U02004,U03682
U02005,bot_02005,40,2176,6199,54,DM for investment,0,282,121,1,U02005,U03590
U02006,user_02006,580,440,2190,1875,Cybersecurity analyst,1,76,19,0,U02006,U00900
U02007,user_02007,6375,734,1243,704,Data scientist,1,89,18,0,U02007,U03308
U02008,bot_02008,77,1419,4976,56,DM for investment,0,329,163,1,U02008,U04555
U02009,user_02009,9711,742,949,2335,Cybersecurity analyst,1,155,2,0,U02009,U00161
U02010,user_02010,11599,767,1919,1697,Product manager,1,20,17,0,U02010,U01535
U02011,bot_02011,44,2070,5057,109,DM for investment,0,339,135,1,U02011,U03293
U02012,user_02012,10156,778,1661,693,Product manager,1,117,17,0,U02012,U02007
U02013,user_02013,5807,565,2130,1287,Writer | minimal,1,156,12,0,U02013,U01865
U02014,user_02014,9514,216,512,722,Product manager,1,164,6,0,U02014,U03365
U02015,user_02015,3658,678,1889,2491,Designer | coffee,1,209,4,0,U02015,U04494
U02016,user_02016,2523,426,1078,1194,AI engineer | research,1,114,5,0,U02016,U02101
U02017,bot_02017,80,2037,3985,55,Free followers,0,529,135,1,U02017,U01713
U02018,bot_02018,35,2452,3973,31,Promo only,0,328,161,1,U02018,U04399
U02019,user_02019,4251,245,2149,1434,AI engineer | research,1,158,7,0,U02019,U04011
U02020,user_02020,3844,621,1554,709,Product manager,1,42,18,0,U02020,U04716
U02021,user_02021,7297,557,1661,2152,AI engineer | research,1,162,7,0,U02021,U00799
U02022,user_02022,9666,221,1327,1088,Product manager,1,64,7,0,U02022,U00371
U02023,user_02023,3508,414,1009,843,AI engineer | research,1,95,16,0,U02023,U03683
U02024,bot_02024,22,1264,3965,112,Click link,0,570,86,1,U02024,U02455
U02025,user_02025,7374,357,459,951,AI engineer | research,1,141,14,0,U02025,U01404
U02026,user_02026,9033,379,1921,744,Product manager,1,41,7,0,U02026,U00600
U02027,bot_02027,18,2090,4878,109,Giveaway now,0,285,94,1,U02027,U04262
U02028,user_02028,11394,743,1551,2155,Product manager,1,60,19,0,U02028,U03679
U02029,user_02029,10309,655,1343,1593,AI engineer | research,1,86,8,0,U02029,U01608
U02030,user_02030,6452,748,2104,672,Designer | coffee,1,243,20,0,U02030,U01039
U02031,user_02031,4064,746,663,2594,Cybersecurity analyst,1,142,14,0,U02031,U00433
U02032,user_02032,9131,437,717,1285,Designer | coffee,1,252,3,0,U02032,U01979
U02033,user_02033,1669,547,2350,2501,Data scientist,1,43,10,0,U02033,U02721
U02034,user_02034,3221,245,1951,2309,Cybersecurity analyst,1,237,8,0,U02034,U01807
U02035,user_02035,1764,730,805,2111,Designer | coffee,1,38,15,0,U02035,U02637
U02036,user_02036,11463,482,1583,422,AI engineer | research,1,28,2,0,U02036,U00199
U02037,user_02037,797,285,1520,975,Designer | coffee,1,213,20,0,U02037,U00677
U02038,user_02038,8177,300,1998,2507,AI engineer | research,1,185,13,0,U02038,U04956
U02039,bot_02039,24,1923,5562,68,Promo only,0,544,74,1,U02039,U02375
U02040,user_02040,4573,363,548,2535,Writer | minimal,1,228,6,0,U02040,U02353
U02041,user_02041,1555,354,919,1483,Teacher | learning,1,148,3,0,U02041,U03109
U02042,user_02042,8609,645,2114,407,AI engineer | research,1,31,3,0,U02042,U02141
U02043,user_02043,6491,553,1598,663,Data scientist,1,112,18,0,U02043,U04343
U02044,bot_02044,53,2353,4007,50,Click link,0,411,79,1,U02044,U04192
U02045,bot_02045,46,1956,8417,26,DM for investment,0,387,99,1,U02045,U04726
U02046,user_02046,986,765,361,2224,Product manager,1,33,15,0,U02046,U01970
U02047,user_02047,10363,771,2084,1754,Cybersecurity analyst,1,221,2,0,U02047,U01031
U02048,bot_02048,39,1296,4002,70,Promo only,0,329,166,1,U02048,U01018
U02049,user_02049,8971,205,1271,1359,Writer | minimal,1,239,7,0,U02049,U04084
U02050,user_02050,4379,728,994,1848,Designer | coffee,1,203,8,0,U02050,U03275
U02051,user_02051,2837,889,468,879,Data scientist,1,198,14,0,U02051,U01400
U02052,user_02052,10870,885,1459,1969,AI engineer | research,1,96,7,0,U02052,U01989
U02053,user_02053,2438,577,2364,2064,Data scientist,1,74,5,0,U02053,U02064
U02054,bot_02054,10,1999,5388,100,Click link,0,399,80,1,U02054,U03062
U02055,user_02055,993,391,1851,1238,Teacher | learning,1,204,13,0,U02055,U04453
U02056,user_02056,5114,396,295,646,Data scientist,1,140,14,0,U02056,U03369
U02057,user_02057,5061,725,2372,2369,Product manager,1,254,2,0,U02057,U00893
U02058,user_02058,9410,712,2324,1030,Teacher | learning,1,232,10,0,U02058,U01100
U02059,user_02059,11722,263,1592,453,Data scientist,1,94,3,0,U02059,U01957
U02060,bot_02060,32,1627,5908,44,Promo only,0,469,92,1,U02060,U02582
U02061,user_02061,2301,604,1108,879,Designer | coffee,1,226,5,0,U02061,U00775
U02062,user_02062,7750,738,2110,806,Product manager,1,159,3,0,U02062,U01976
U02063,user_02063,10636,895,1010,2317,Photographer,1,75,6,0,U02063,U02647
U02064,user_02064,942,616,342,614,Writer | minimal,1,41,18,0,U02064,U02683
U02065,user_02065,1861,672,2250,1967,AI engineer | research,1,219,19,0,U02065,U00088
U02066,user_02066,3719,227,320,737,Designer | coffee,1,105,15,0,U02066,U04504
U02067,bot_02067,72,1226,5002,108,Free followers,0,393,102,1,U02067,U04075
U02068,user_02068,4947,810,690,2001,Product manager,1,254,2,0,U02068,U03210
U02069,user_02069,5965,337,437,612,Designer | coffee,1,99,4,0,U02069,U04309
U02070,user_02070,9721,493,645,2508,Product manager,1,94,9,0,U02070,U03253
U02071,user_02071,5918,227,770,1968,Cybersecurity analyst,1,69,7,0,U02071,U01767
U02072,user_02072,8587,351,501,1283,Teacher | learning,1,135,10,0,U02072,U02767
U02073,user_02073,1811,461,349,1504,Photographer,1,53,18,0,U02073,U00352
U02074,user_02074,10629,221,1582,1273,Photographer,1,146,14,0,U02074,U03567
U02075,user_02075,1059,731,593,777,Photographer,1,211,6,0,U02075,U00148
U02076,user_02076,3461,256,2330,1132,Photographer,1,112,14,0,U02076,U04977
U02077,bot_02077,8,1991,4261,107,Click link,0,433,69,1,U02077,U01744
U02078,bot_02078,27,1647,5080,63,Free followers,0,382,66,1,U02078,U04171
U02079,user_02079,7447,785,645,2288,Photographer,1,180,17,0,U02079,U04599
U02080,user_02080,2636,836,1063,2448,Data scientist,1,232,10,0,U02080,U00331
U02081,bot_02081,43,2335,3040,87,DM for investment,0,429,159,1,U02081,U02807
U02082,user_02082,8113,883,2453,2465,AI engineer | research,1,54,15,0,U02082,U01737
U02083,bot_02083,52,2458,8929,35,Giveaway now,0,227,73,1,U02083,U03036
U02084,user_02084,11669,218,394,2378,Designer | coffee,1,114,20,0,U02084,U02371
U02085,user_02085,3278,216,2055,1345,Photographer,1,169,7,0,U02085,U04898
U02086,user_02086,10519,840,1923,1839,Writer | minimal,1,242,11,0,U02086,U00735
U02087,user_02087,5142,348,2392,1799,Product manager,1,168,14,0,U02087,U01204
U02088,user_02088,1986,501,287,2349,Product manager,1,247,11,0,U02088,U01435
U02089,user_02089,2075,389,1113,1505,Photographer,1,219,6,0,U02089,U03312
U02090,user_02090,1197,617,294,2585,Photographer,1,141,6,0,U02090,U00965
U02091,user_02091,7143,231,2010,1012,Data scientist,1,211,8,0,U02091,U04602
U02092,user_02092,4037,732,1102,1634,Product manager,1,191,13,0,U02092,U04262
U02093,bot_02093,76,1235,5332,20,Giveaway now,0,376,112,1,U02093,U00966
U02094,user_02094,11689,779,1978,1698,Cybersecurity analyst,1,27,19,0,U02094,U03328
U02095,user_02095,6177,757,800,2078,Designer | coffee,1,189,10,0,U02095,U04511
U02096,user_02096,6498,552,1866,598,AI engineer | research,1,256,8,0,U02096,U04603
U02097,user_02097,7278,300,796,1079,Teacher | learning,1,226,18,0,U02097,U04682
U02098,user_02098,2269,457,986,1393,Cybersecurity analyst,1,122,19,0,U02098,U01972
U02099,user_02099,5391,721,1313,466,Cybersecurity analyst,1,238,2,0,U02099,U03920
U02100,user_02100,316,206,2304,2078,Photographer,1,173,14,0,U02100,U00513
U02101,user_02101,2213,596,2263,1127,Product manager,1,39,4,0,U02101,U02744
U02102,user_02102,717,249,471,1836,Data scientist,1,155,3,0,U02102,U00657
U02103,user_02103,10237,274,1516,522,Cybersecurity analyst,1,136,15,0,U02103,U04275
U02104,bot_02104,79,2107,8259,72,Earn fast,0,521,78,1,U02104,U03018
U02105,bot_02105,40,1753,3137,83,Promo only,0,425,116,1,U02105,U02307
U02106,user_02106,1253,659,772,1951,Cybersecurity analyst,1,215,15,0,U02106,U04885
U02107,bot_02107,7,2337,3754,115,Giveaway now,0,451,152,1,U02107,U03885
U02108,user_02108,1081,364,473,1379,Data scientist,1,25,14,0,U02108,U00551
U02109,user_02109,3551,407,2059,1250,Teacher | learning,1,42,6,0,U02109,U02932
U02110,user_02110,3105,407,1612,1943,Designer | coffee,1,47,16,0,U02110,U03804
U02111,bot_02111,26,1408,3643,97,Free followers,0,283,60,1,U02111,U00923
U02112,bot_02112,59,1687,7204,105,Free followers,0,362,76,1,U02112,U04062
U02113,user_02113,5951,585,696,1079,Designer | coffee,1,75,16,0,U02113,U04467
U02114,user_02114,4635,806,401,990,Teacher | learning,1,241,20,0,U02114,U00392
U02115,bot_02115,55,1802,7180,25,Click link,0,248,115,1,U02115,U02333
U02116,user_02116,4174,662,1039,1324,Photographer,1,232,5,0,U02116,U03854
U02117,user_02117,2622,674,2246,2402,Designer | coffee,1,63,7,0,U02117,U00115
U02118,user_02118,10770,294,2213,2496,Designer | coffee,1,231,7,0,U02118,U01585
U02119,user_02119,7179,375,2436,1693,Writer | minimal,1,208,17,0,U02119,U01916
U02120,user_02120,4095,752,1195,770,Cybersecurity analyst,1,237,18,0,U02120,U04453
U02121,user_02121,5517,618,319,1686,Writer | minimal,1,78,20,0,U02121,U00188
U02122,user_02122,11814,802,2430,2055,Writer | minimal,1,123,5,0,U02122,U03919
U02123,user_02123,6897,708,1166,1959,AI engineer | research,1,152,6,0,U02123,U02991
U02124,user_02124,6462,753,788,645,Cybersecurity analyst,1,188,7,0,U02124,U01835
U02125,user_02125,5672,890,852,653,AI engineer | research,1,120,13,0,U02125,U02745
U02126,user_02126,7628,307,1285,1958,Designer | coffee,1,165,6,0,U02126,U04284
U02127,user_02127,3154,274,768,1640,Writer | minimal,1,165,14,0,U02127,U04868
U02128,user_02128,9434,804,2388,1399,Data scientist,1,80,15,0,U02128,U04479
U02129,user_02129,2894,329,354,1655,Product manager,1,224,3,0,U02129,U04443
U02130,user_02130,10101,456,2278,1495,Data scientist,1,185,6,0,U02130,U04962
U02131,user_02131,10289,724,2467,570,Data scientist,1,185,4,0,U02131,U02841
U02132,user_02132,9240,719,2075,446,Designer | coffee,1,197,16,0,U02132,U02925
U02133,user_02133,4154,757,1845,2133,Product manager,1,119,17,0,U02133,U04418
U02134,user_02134,11059,391,307,2151,Designer | coffee,1,90,14,0,U02134,U00521
U02135,user_02135,11173,672,2227,2479,Cybersecurity analyst,1,146,14,0,U02135,U04708
U02136,user_02136,8587,709,830,830,Product manager,1,101,18,0,U02136,U04047
U02137,user_02137,925,858,2379,1603,AI engineer | research,1,194,18,0,U02137,U03266
U02138,user_02138,11479,840,1172,1810,AI engineer | research,1,33,10,0,U02138,U02953
U02139,user_02139,6692,590,1559,2170,AI engineer | research,1,165,3,0,U02139,U01023
U02140,bot_02140,74,1560,5806,67,DM for investment,0,337,92,1,U02140,U04290
U02141,user_02141,10025,603,1003,874,Cybersecurity analyst,1,110,11,0,U02141,U02021
U02142,user_02142,2480,899,2381,1402,Product manager,1,222,14,0,U02142,U01594
U02143,user_02143,9681,305,1593,1958,Designer | coffee,1,62,10,0,U02143,U02686
U02144,bot_02144,48,2189,4457,63,Promo only,0,399,81,1,U02144,U01408
U02145,user_02145,9952,426,1110,1706,Designer | coffee,1,155,13,0,U02145,U01832
U02146,user_02146,8565,308,2493,1902,AI engineer | research,1,114,13,0,U02146,U04012
U02147,user_02147,6628,772,1528,364,Writer | minimal,1,176,12,0,U02147,U02354
U02148,user_02148,3973,207,995,1555,Designer | coffee,1,180,5,0,U02148,U00928
U02149,user_02149,10114,695,875,492,Teacher | learning,1,70,18,0,U02149,U04768
U02150,bot_02150,9,1376,5983,46,Earn fast,0,401,99,1,U02150,U02665
U02151,user_02151,2061,534,1542,1128,Cybersecurity analyst,1,47,8,0,U02151,U03000
U02152,user_02152,3813,629,2149,2448,Photographer,1,44,9,0,U02152,U03665
U02153,user_02153,1050,216,1288,913,Data scientist,1,198,5,0,U02153,U00714
U02154,bot_02154,50,1563,6740,69,Earn fast,0,515,127,1,U02154,U04848
U02155,user_02155,9499,261,739,2257,Teacher | learning,1,21,10,0,U02155,U01064
U02156,bot_02156,70,2278,7569,118,DM for investment,0,378,111,1,U02156,U01122
U02157,user_02157,9432,638,1904,539,Photographer,1,103,20,0,U02157,U03685
U02158,user_02158,4879,505,886,866,Teacher | learning,1,146,12,0,U02158,U02291
U02159,user_02159,5862,802,1928,1789,Data scientist,1,223,12,0,U02159,U01457
U02160,user_02160,5289,829,686,639,Teacher | learning,1,227,15,0,U02160,U00209
U02161,bot_02161,5,1280,3351,39,Giveaway now,0,357,107,1,U02161,U01881
U02162,user_02162,4102,274,1168,837,Teacher | learning,1,184,5,0,U02162,U02600
U02163,bot_02163,5,1863,5784,81,DM for investment,0,217,126,1,U02163,U03488
U02164,user_02164,3284,898,611,1462,Photographer,1,97,11,0,U02164,U03161
U02165,user_02165,8338,347,2246,1209,Writer | minimal,1,128,16,0,U02165,U02398
U02166,user_02166,2752,206,731,1800,Cybersecurity analyst,1,236,18,0,U02166,U03022
U02167,user_02167,1440,738,1094,1008,Designer | coffee,1,201,19,0,U02167,U01096
U02168,bot_02168,13,1458,4639,97,Giveaway now,0,273,172,1,U02168,U00059
U02169,user_02169,10524,294,441,1844,Designer | coffee,1,209,2,0,U02169,U04257
U02170,bot_02170,38,2202,4311,46,Free followers,0,567,130,1,U02170,U02827
U02171,bot_02171,26,2165,6309,86,Giveaway now,0,561,71,1,U02171,U03736
U02172,bot_02172,28,1916,6932,79,Giveaway now,0,364,93,1,U02172,U02976
U02173,user_02173,4652,695,755,1852,AI engineer | research,1,59,20,0,U02173,U02666
U02174,bot_02174,16,2246,8486,114,Giveaway now,0,432,108,1,U02174,U04537
U02175,bot_02175,18,2003,3434,90,Free followers,0,293,151,1,U02175,U00991
U02176,user_02176,3176,264,2072,1180,Product manager,1,70,16,0,U02176,U04625
U02177,user_02177,3349,229,1534,1044,Product manager,1,64,6,0,U02177,U03375
U02178,user_02178,1951,637,1539,608,Product manager,1,183,11,0,U02178,U04532
U02179,user_02179,4174,370,1531,1789,Product manager,1,199,9,0,U02179,U02624
U02180,user_02180,5347,473,1911,800,Writer | minimal,1,145,16,0,U02180,U01793
U02181,bot_02181,55,1793,5024,22,Click link,0,492,102,1,U02181,U02080
U02182,user_02182,8461,825,677,1039,Writer | minimal,1,248,16,0,U02182,U00023
U02183,bot_02183,27,2101,3572,40,DM for investment,0,228,102,1,U02183,U04882
U02184,user_02184,8934,709,660,1177,Cybersecurity analyst,1,145,12,0,U02184,U04748
U02185,user_02185,8802,448,735,911,Cybersecurity analyst,1,27,5,0,U02185,U02985
U02186,user_02186,1189,761,971,1009,Data scientist,1,29,3,0,U02186,U04541
U02187,user_02187,11539,676,2324,2362,Writer | minimal,1,149,20,0,U02187,U02862
U02188,user_02188,11659,581,2306,1763,Photographer,1,67,9,0,U02188,U00499
U02189,user_02189,962,406,271,1439,Photographer,1,97,9,0,U02189,U00672
U02190,user_02190,9701,528,648,2185,Cybersecurity analyst,1,37,13,0,U02190,U01721
U02191,user_02191,9647,295,293,911,Cybersecurity analyst,1,184,20,0,U02191,U04808
U02192,user_02192,11179,224,578,1540,Data scientist,1,70,17,0,U02192,U04190
U02193,bot_02193,30,1210,7723,73,DM for investment,0,440,70,1,U02193,U04862
U02194,user_02194,10272,317,794,1929,Cybersecurity analyst,1,32,6,0,U02194,U00947
U02195,bot_02195,20,2142,6359,79,DM for investment,0,585,144,1,U02195,U00439
U02196,bot_02196,16,1437,3923,68,DM for investment,0,406,73,1,U02196,U01481
U02197,bot_02197,9,2114,4114,112,Giveaway now,0,375,144,1,U02197,U04335
U02198,user_02198,4374,402,1076,451,Product manager,1,95,20,0,U02198,U03535
U02199,user_02199,3714,749,254,1032,Designer | coffee,1,136,11,0,U02199,U01226
U02200,user_02200,4921,380,611,669,Photographer,1,92,2,0,U02200,U04300
U02201,bot_02201,48,1217,7722,105,DM for investment,0,367,77,1,U02201,U04886
U02202,user_02202,2410,217,993,1802,Designer | coffee,1,109,14,0,U02202,U00011
U02203,user_02203,3816,882,1614,825,Writer | minimal,1,219,20,0,U02203,U00140
U02204,user_02204,4049,664,685,881,Photographer,1,90,8,0,U02204,U02942
U02205,user_02205,9141,575,1786,1557,Product manager,1,215,6,0,U02205,U00222
U02206,user_02206,1527,359,305,876,Photographer,1,143,3,0,U02206,U01009
U02207,user_02207,2953,690,1145,2583,AI engineer | research,1,146,10,0,U02207,U01363
U02208,user_02208,1307,653,549,2066,AI engineer | research,1,129,20,0,U02208,U03378
U02209,bot_02209,21,1776,7350,103,Click link,0,254,103,1,U02209,U02139
U02210,user_02210,2898,900,231,1208,AI engineer | research,1,199,11,0,U02210,U02046
U02211,bot_02211,7,2461,5975,71,Giveaway now,0,454,132,1,U02211,U03699
U02212,user_02212,5350,837,465,1819,Teacher | learning,1,133,20,0,U02212,U03048
U02213,user_02213,3125,452,1229,2264,Cybersecurity analyst,1,235,5,0,U02213,U02058
U02214,user_02214,344,313,380,2573,Designer | coffee,1,35,5,0,U02214,U00318
U02215,bot_02215,57,2334,4882,32,Click link,0,430,111,1,U02215,U00738
U02216,user_02216,7243,728,374,2529,Designer | coffee,1,23,18,0,U02216,U03001
U02217,user_02217,2726,806,324,743,Writer | minimal,1,107,3,0,U02217,U00692
U02218,bot_02218,10,2036,6710,33,Free followers,0,326,66,1,U02218,U01878
U02219,user_02219,1083,494,1679,2473,Data scientist,1,90,17,0,U02219,U01635
U02220,user_02220,3166,316,1005,401,Photographer,1,24,20,0,U02220,U01489
U02221,user_02221,8952,892,1655,2130,Data scientist,1,129,15,0,U02221,U04065
U02222,bot_02222,20,2349,3044,62,DM for investment,0,301,145,1,U02222,U04973
U02223,user_02223,7500,460,1991,1912,Designer | coffee,1,131,6,0,U02223,U02894
U02224,user_02224,8895,446,766,2245,AI engineer | research,1,24,3,0,U02224,U02180
U02225,user_02225,7272,302,1472,1653,AI engineer | research,1,180,20,0,U02225,U00556
U02226,user_02226,1128,657,2189,2214,AI engineer | research,1,51,10,0,U02226,U00161
U02227,user_02227,4603,799,1166,2527,Designer | coffee,1,216,19,0,U02227,U04612
U02228,user_02228,11891,846,1304,312,Designer | coffee,1,100,9,0,U02228,U02595
U02229,user_02229,992,461,2255,455,Data scientist,1,226,20,0,U02229,U04899
U02230,user_02230,6771,820,2367,2318,Designer | coffee,1,183,9,0,U02230,U01628
U02231,user_02231,7492,323,1898,1865,Data scientist,1,174,19,0,U02231,U00837
U02232,user_02232,6558,301,808,1185,AI engineer | research,1,144,11,0,U02232,U03974
U02233,user_02233,4660,454,1155,1013,Photographer,1,215,12,0,U02233,U01500
U02234,bot_02234,70,2410,7875,57,Earn fast,0,498,132,1,U02234,U03655
U02235,user_02235,1397,470,876,2064,AI engineer | research,1,237,6,0,U02235,U01756
U02236,user_02236,8747,671,2414,1002,Photographer,1,47,4,0,U02236,U00450
U02237,user_02237,11125,881,312,1362,Designer | coffee,1,44,19,0,U02237,U01927
U02238,user_02238,11798,829,2301,2366,Writer | minimal,1,246,20,0,U02238,U01201
U02239,user_02239,1668,655,291,2501,Data scientist,1,148,20,0,U02239,U04164
U02240,bot_02240,14,2319,6268,53,DM for investment,0,355,128,1,U02240,U01317
U02241,user_02241,7693,564,2337,2401,Writer | minimal,1,208,9,0,U02241,U04153
U02242,user_02242,488,752,906,552,Data scientist,1,227,2,0,U02242,U04425
U02243,bot_02243,65,1855,6877,105,DM for investment,0,247,166,1,U02243,U01548
U02244,user_02244,1694,506,1851,674,Cybersecurity analyst,1,215,4,0,U02244,U04186
U02245,user_02245,11348,804,1307,977,Cybersecurity analyst,1,173,15,0,U02245,U03796
U02246,user_02246,6724,792,2154,504,Teacher | learning,1,88,3,0,U02246,U01879
U02247,user_02247,4537,290,1934,760,AI engineer | research,1,110,15,0,U02247,U04050
U02248,user_02248,10823,454,925,2296,Product manager,1,92,19,0,U02248,U02731
U02249,user_02249,6100,309,2085,1930,AI engineer | research,1,66,11,0,U02249,U04955
U02250,user_02250,11801,855,1359,1841,Product manager,1,118,19,0,U02250,U02170
U02251,user_02251,7333,226,1288,2155,Cybersecurity analyst,1,150,11,0,U02251,U00531
U02252,user_02252,2805,774,1584,718,Cybersecurity analyst,1,118,6,0,U02252,U02913
U02253,user_02253,4283,845,1865,1427,Cybersecurity analyst,1,158,19,0,U02253,U00003
U02254,user_02254,9702,427,1289,2489,Product manager,1,122,19,0,U02254,U00337
U02255,user_02255,2552,464,1818,2264,Writer | minimal,1,58,18,0,U02255,U04932
U02256,user_02256,7261,222,459,665,Product manager,1,96,4,0,U02256,U00926
U02257,user_02257,4367,566,868,1137,Designer | coffee,1,202,15,0,U02257,U01906
U02258,bot_02258,57,1200,5799,43,Click link,0,327,65,1,U02258,U02632
U02259,user_02259,1846,610,1561,389,Teacher | learning,1,252,7,0,U02259,U02281
U02260,user_02260,8419,348,1273,810,Photographer,1,177,5,0,U02260,U02605
U02261,user_02261,3466,496,1320,415,Photographer,1,221,20,0,U02261,U03294
U02262,user_02262,8001,695,467,2412,AI engineer | research,1,52,10,0,U02262,U04479
U02263,user_02263,346,610,2091,2557,Data scientist,1,57,5,0,U02263,U00653
U02264,user_02264,7078,729,628,1227,Cybersecurity analyst,1,234,12,0,U02264,U03232
U02265,user_02265,4642,759,1929,2505,Photographer,1,178,9,0,U02265,U04502
U02266,user_02266,8602,590,1479,669,Data scientist,1,103,12,0,U02266,U02569
U02267,user_02267,1107,313,708,852,AI engineer | research,1,204,7,0,U02267,U03914
U02268,user_02268,4336,590,382,1738,Writer | minimal,1,49,4,0,U02268,U00644
U02269,user_02269,1313,432,2402,2574,Product manager,1,226,14,0,U02269,U03451
U02270,user_02270,7030,863,715,709,Data scientist,1,151,20,0,U02270,U02685
U02271,user_02271,1214,588,2188,331,Data scientist,1,32,2,0,U02271,U01114
U02272,user_02272,9808,456,932,492,Photographer,1,95,14,0,U02272,U02245
U02273,user_02273,9421,828,1981,2066,AI engineer | research,1,147,15,0,U02273,U02678
U02274,user_02274,4594,365,258,1572,Teacher | learning,1,100,15,0,U02274,U04015
U02275,user_02275,5869,750,319,2145,Teacher | learning,1,220,11,0,U02275,U01809
U02276,bot_02276,69,2446,3236,74,Click link,0,266,91,1,U02276,U02115
U02277,user_02277,6546,333,954,2015,AI engineer | research,1,106,11,0,U02277,U00889
U02278,user_02278,5772,818,1621,1237,AI engineer | research,1,256,3,0,U02278,U03486
U02279,bot_02279,28,1442,4432,39,Free followers,0,350,83,1,U02279,U03508
U02280,user_02280,8137,872,2141,1572,Teacher | learning,1,122,6,0,U02280,U00552
U02281,user_02281,1998,280,924,1450,Designer | coffee,1,201,5,0,U02281,U03052
U02282,user_02282,8547,457,2384,2417,AI engineer | research,1,183,14,0,U02282,U00051
U02283,user_02283,9095,215,643,2243,Photographer,1,170,18,0,U02283,U03942
U02284,user_02284,9455,330,1002,624,Teacher | learning,1,64,20,0,U02284,U03638
U02285,user_02285,523,479,2027,852,Data scientist,1,203,15,0,U02285,U01345
U02286,user_02286,7263,277,803,754,AI engineer | research,1,255,7,0,U02286,U01671
U02287,user_02287,4048,690,1601,1233,Photographer,1,130,13,0,U02287,U04361
U02288,bot_02288,75,1917,8206,41,Promo only,0,388,93,1,U02288,U01433
U02289,user_02289,2321,887,2483,1252,Data scientist,1,148,12,0,U02289,U02966
U02290,user_02290,4696,248,328,2058,Teacher | learning,1,85,11,0,U02290,U02337
U02291,user_02291,5846,349,1006,614,Product manager,1,48,6,0,U02291,U01263
U02292,user_02292,7631,492,2400,2312,Writer | minimal,1,194,4,0,U02292,U03592
U02293,user_02293,6823,411,1194,1502,Writer | minimal,1,185,7,0,U02293,U01391
U02294,bot_02294,76,2303,6108,107,Earn fast,0,286,164,1,U02294,U03890
U02295,user_02295,506,870,2423,548,Photographer,1,225,4,0,U02295,U02023
U02296,user_02296,4476,536,996,435,Teacher | learning,1,118,9,0,U02296,U04468
U02297,user_02297,2672,473,1139,1655,Data scientist,1,237,9,0,U02297,U00097
U02298,bot_02298,18,2254,3566,111,Free followers,0,402,116,1,U02298,U04139
U02299,user_02299,1397,635,1614,1005,Data scientist,1,91,10,0,U02299,U02945
U02300,user_02300,7304,254,2377,1161,Teacher | learning,1,229,19,0,U02300,U00541
U02301,user_02301,10450,422,2044,2562,Teacher | learning,1,47,2,0,U02301,U01974
U02302,user_02302,2320,350,2398,2169,Data scientist,1,148,18,0,U02302,U04415
U02303,user_02303,10492,781,1943,2461,AI engineer | research,1,151,6,0,U02303,U02508
U02304,user_02304,5452,692,744,2263,Writer | minimal,1,46,10,0,U02304,U01127
U02305,user_02305,4110,237,566,2513,Data scientist,1,211,14,0,U02305,U01434
U02306,user_02306,3637,770,1127,2141,Product manager,1,61,18,0,U02306,U01952
U02307,user_02307,1990,354,661,2551,Photographer,1,147,2,0,U02307,U01288
U02308,user_02308,9582,415,906,2417,AI engineer | research,1,241,18,0,U02308,U04736
U02309,user_02309,3774,371,796,796,AI engineer | research,1,31,5,0,U02309,U01517
U02310,bot_02310,5,1233,3516,108,Free followers,0,467,109,1,U02310,U03556
U02311,user_02311,1042,230,2280,2586,Photographer,1,255,17,0,U02311,U00997
U02312,bot_02312,15,1805,4551,67,Earn fast,0,396,161,1,U02312,U02366
U02313,bot_02313,35,2332,5370,60,Giveaway now,0,532,91,1,U02313,U00697
U02314,user_02314,1076,694,1331,2024,Cybersecurity analyst,1,220,19,0,U02314,U01598
U02315,user_02315,6995,802,1495,700,Product manager,1,28,2,0,U02315,U00139
U02316,user_02316,6923,386,214,1815,Teacher | learning,1,229,10,0,U02316,U04820
U02317,user_02317,1521,539,280,488,Photographer,1,131,15,0,U02317,U03458
U02318,user_02318,1509,213,1809,1819,Designer | coffee,1,96,4,0,U02318,U01842
U02319,user_02319,325,657,2418,1626,Data scientist,1,45,14,0,U02319,U03846
U02320,bot_02320,6,1952,7601,117,Free followers,0,299,115,1,U02320,U04492
U02321,bot_02321,75,1488,6095,88,Promo only,0,571,132,1,U02321,U03320
U02322,bot_02322,63,1231,7325,49,Promo only,0,476,115,1,U02322,U04551
U02323,user_02323,10708,779,684,2235,Designer | coffee,1,155,17,0,U02323,U02983
U02324,bot_02324,80,2078,4479,66,Earn fast,0,432,168,1,U02324,U04665
U02325,user_02325,6477,223,1169,818,Cybersecurity analyst,1,25,4,0,U02325,U03536
U02326,user_02326,6173,665,2338,2589,Photographer,1,232,7,0,U02326,U00121
U02327,user_02327,1588,766,223,1809,Designer | coffee,1,259,6,0,U02327,U03777
U02328,user_02328,8663,521,682,2186,Data scientist,1,144,16,0,U02328,U00740
U02329,user_02329,2560,699,1415,1877,Designer | coffee,1,174,7,0,U02329,U00792
U02330,user_02330,10867,764,792,1448,Photographer,1,43,20,0,U02330,U01129
U02331,user_02331,3200,366,777,2255,Designer | coffee,1,105,18,0,U02331,U03681
U02332,bot_02332,38,1950,5182,36,Promo only,0,253,165,1,U02332,U02840
U02333,user_02333,6408,697,385,1606,Cybersecurity analyst,1,131,18,0,U02333,U00024
U02334,user_02334,2618,329,1703,2335,AI engineer | research,1,232,2,0,U02334,U00408
U02335,bot_02335,56,1649,8768,63,Earn fast,0,409,95,1,U02335,U03764
U02336,bot_02336,22,1770,6850,42,Promo only,0,457,80,1,U02336,U02688
U02337,user_02337,4887,205,439,664,Cybersecurity analyst,1,144,18,0,U02337,U01319
U02338,user_02338,7715,446,569,858,Photographer,1,127,4,0,U02338,U04443
U02339,user_02339,6413,206,2172,569,AI engineer | research,1,35,13,0,U02339,U00750
U02340,bot_02340,52,1202,8000,42,Earn fast,0,437,173,1,U02340,U00706
U02341,user_02341,7302,282,378,1785,AI engineer | research,1,78,16,0,U02341,U04666
U02342,bot_02342,10,1267,6787,29,Click link,0,420,135,1,U02342,U00121
U02343,bot_02343,66,1725,8739,103,Promo only,0,244,172,1,U02343,U04703
U02344,user_02344,9504,535,1400,1229,Writer | minimal,1,227,6,0,U02344,U03385
U02345,user_02345,9689,418,1888,1711,Data scientist,1,53,10,0,U02345,U03869
U02346,user_02346,7073,290,2308,878,Data scientist,1,141,8,0,U02346,U04411
U02347,bot_02347,14,1272,5112,62,Click link,0,223,79,1,U02347,U04600
U02348,user_02348,6907,427,950,581,Product manager,1,139,11,0,U02348,U02949
U02349,user_02349,8885,447,1581,920,AI engineer | research,1,127,18,0,U02349,U03323
U02350,user_02350,9240,645,359,2058,Product manager,1,134,8,0,U02350,U02060
U02351,user_02351,9179,715,999,2541,Teacher | learning,1,97,7,0,U02351,U01867
U02352,user_02352,10632,505,1862,864,Teacher | learning,1,158,3,0,U02352,U02737
U02353,bot_02353,61,1766,8772,26,Free followers,0,401,106,1,U02353,U02749
U02354,user_02354,6267,606,853,1143,AI engineer | research,1,164,7,0,U02354,U04867
U02355,bot_02355,47,1864,3877,25,Giveaway now,0,452,140,1,U02355,U02536
U02356,user_02356,11213,814,616,1256,Designer | coffee,1,45,4,0,U02356,U03791
U02357,user_02357,6655,297,278,882,Writer | minimal,1,104,11,0,U02357,U03188
U02358,bot_02358,27,1544,8192,23,Promo only,0,407,151,1,U02358,U03039
U02359,user_02359,5463,474,540,1025,Cybersecurity analyst,1,20,4,0,U02359,U01493
U02360,user_02360,5440,779,1663,543,Photographer,1,22,7,0,U02360,U00416
U02361,bot_02361,19,1890,4757,112,Click link,0,293,176,1,U02361,U04819
U02362,user_02362,10682,832,1591,431,AI engineer | research,1,132,11,0,U02362,U04034
U02363,bot_02363,61,1591,4057,79,Earn fast,0,504,130,1,U02363,U02899
U02364,user_02364,9964,890,1699,414,Designer | coffee,1,253,9,0,U02364,U00395
U02365,bot_02365,55,1789,8550,99,Giveaway now,0,310,98,1,U02365,U00100
U02366,bot_02366,79,1442,3024,55,Earn fast,0,378,76,1,U02366,U01758
U02367,user_02367,8598,826,1364,563,Data scientist,1,38,19,0,U02367,U00769
U02368,user_02368,11014,544,913,2534,Product manager,1,111,13,0,U02368,U03063
U02369,user_02369,5878,350,387,1780,AI engineer | research,1,119,4,0,U02369,U00486
U02370,user_02370,8277,783,253,378,Photographer,1,121,20,0,U02370,U04486
U02371,bot_02371,74,1992,8874,76,Earn fast,0,444,93,1,U02371,U01980
U02372,user_02372,8507,473,713,1192,Data scientist,1,189,8,0,U02372,U02513
U02373,user_02373,6443,430,284,311,Writer | minimal,1,120,17,0,U02373,U03089
U02374,user_02374,2875,542,1543,332,Teacher | learning,1,75,7,0,U02374,U00091
U02375,bot_02375,32,1977,5564,52,Free followers,0,266,175,1,U02375,U01505
U02376,user_02376,7826,750,1243,1052,Cybersecurity analyst,1,169,3,0,U02376,U04692
U02377,user_02377,2748,424,1106,1560,Designer | coffee,1,104,5,0,U02377,U00125
U02378,user_02378,823,785,363,2027,Teacher | learning,1,234,3,0,U02378,U02002
U02379,bot_02379,74,2338,6391,85,Earn fast,0,329,91,1,U02379,U01241
U02380,user_02380,2211,290,1772,1908,Cybersecurity analyst,1,133,9,0,U02380,U00054
U02381,user_02381,11413,542,2069,1668,Writer | minimal,1,213,20,0,U02381,U02649
U02382,user_02382,3348,289,900,2034,Photographer,1,99,7,0,U02382,U00381
U02383,bot_02383,35,2058,8497,42,Giveaway now,0,204,173,1,U02383,U01159
U02384,user_02384,6095,733,964,618,Writer | minimal,1,85,16,0,U02384,U00203
U02385,user_02385,2365,201,2022,769,Cybersecurity analyst,1,43,13,0,U02385,U01849
U02386,user_02386,9323,206,941,1074,Designer | coffee,1,130,7,0,U02386,U04981
U02387,user_02387,3100,269,1644,2448,Writer | minimal,1,221,5,0,U02387,U00036
U02388,user_02388,9565,296,1976,735,Photographer,1,217,5,0,U02388,U01733
U02389,user_02389,5744,763,2455,634,Teacher | learning,1,206,20,0,U02389,U04662
U02390,user_02390,11609,681,885,685,AI engineer | research,1,117,19,0,U02390,U00413
U02391,user_02391,5865,442,2160,2491,Designer | coffee,1,215,8,0,U02391,U04486
U02392,user_02392,10272,358,2282,2264,Data scientist,1,250,7,0,U02392,U02718
U02393,user_02393,5395,254,593,2404,Writer | minimal,1,55,7,0,U02393,U01332
U02394,bot_02394,27,2328,4751,98,DM for investment,0,350,128,1,U02394,U01874
U02395,bot_02395,24,1321,5064,31,Free followers,0,342,95,1,U02395,U02284
U02396,user_02396,2457,737,649,570,Product manager,1,127,13,0,U02396,U00084
U02397,user_02397,10577,213,722,447,AI engineer | research,1,182,8,0,U02397,U02270
U02398,user_02398,11701,352,1097,837,Writer | minimal,1,53,16,0,U02398,U02943
U02399,user_02399,2383,305,1198,1827,AI engineer | research,1,203,8,0,U02399,U01071
U02400,user_02400,7147,543,392,1967,Product manager,1,84,14,0,U02400,U00024
U02401,user_02401,1241,552,1145,2102,Teacher | learning,1,136,16,0,U02401,U03260
U02402,user_02402,1872,825,2400,1218,AI engineer | research,1,53,4,0,U02402,U01327
U02403,user_02403,1768,625,503,2223,AI engineer | research,1,96,14,0,U02403,U01304
U02404,user_02404,8998,423,688,419,Data scientist,1,87,9,0,U02404,U00548
U02405,user_02405,6720,366,817,632,Designer | coffee,1,225,8,0,U02405,U03439
U02406,user_02406,8509,257,1702,1962,Photographer,1,162,13,0,U02406,U03222
U02407,user_02407,964,592,1157,1913,Designer | coffee,1,258,6,0,U02407,U04673
U02408,user_02408,6750,570,1681,547,Data scientist,1,97,20,0,U02408,U02087
U02409,user_02409,892,651,1967,1903,Product manager,1,70,11,0,U02409,U01841
U02410,user_02410,5932,208,1438,1843,Product manager,1,62,16,0,U02410,U01061
U02411,user_02411,6613,337,1977,781,Cybersecurity analyst,1,42,11,0,U02411,U02095
U02412,bot_02412,57,1481,5814,103,Click link,0,484,149,1,U02412,U02184
U02413,user_02413,1961,895,2308,2402,Writer | minimal,1,182,3,0,U02413,U04868
U02414,user_02414,10420,300,1869,904,Data scientist,1,183,9,0,U02414,U00694
U02415,user_02415,9653,899,1757,1379,Teacher | learning,1,76,8,0,U02415,U01962
U02416,user_02416,4915,671,964,1797,Teacher | learning,1,190,3,0,U02416,U04356
U02417,bot_02417,36,1733,4657,24,Earn fast,0,553,90,1,U02417,U00645
U02418,user_02418,6293,884,2366,2345,Teacher | learning,1,123,2,0,U02418,U02188
U02419,user_02419,7949,599,1300,2345,Photographer,1,104,16,0,U02419,U04808
U02420,user_02420,4695,850,1574,1116,Photographer,1,112,9,0,U02420,U03037
U02421,user_02421,4737,602,1783,2359,Photographer,1,117,4,0,U02421,U01710
U02422,user_02422,2372,280,925,1705,AI engineer | research,1,93,13,0,U02422,U04387
U02423,user_02423,429,786,1560,1554,Teacher | learning,1,150,4,0,U02423,U01519
U02424,user_02424,10063,346,1523,1820,Photographer,1,167,14,0,U02424,U02475
U02425,user_02425,3277,315,1181,355,Cybersecurity analyst,1,136,10,0,U02425,U01963
U02426,user_02426,9942,321,1288,1043,Data scientist,1,118,5,0,U02426,U00432
U02427,user_02427,4638,866,2430,1100,Photographer,1,83,7,0,U02427,U00954
U02428,user_02428,5489,516,1074,528,Photographer,1,135,20,0,U02428,U01803
U02429,user_02429,7802,431,627,374,Designer | coffee,1,27,19,0,U02429,U04061
U02430,user_02430,6137,371,781,792,Writer | minimal,1,40,13,0,U02430,U00757
U02431,user_02431,9425,487,1503,940,Data scientist,1,73,13,0,U02431,U01444
U02432,user_02432,8581,671,1263,1393,AI engineer | research,1,236,17,0,U02432,U00922
U02433,user_02433,10831,367,303,2466,Cybersecurity analyst,1,125,12,0,U02433,U01824
U02434,user_02434,7882,663,740,2061,Photographer,1,122,12,0,U02434,U01543
U02435,bot_02435,5,1428,5282,27,Earn fast,0,530,165,1,U02435,U02926
U02436,user_02436,7497,749,457,400,Teacher | learning,1,257,13,0,U02436,U04253
U02437,user_02437,1047,237,303,922,Cybersecurity analyst,1,143,7,0,U02437,U00539
U02438,user_02438,5539,674,998,791,Data scientist,1,128,2,0,U02438,U01858
U02439,user_02439,11642,326,1091,1930,Writer | minimal,1,155,4,0,U02439,U01348
U02440,user_02440,3551,324,1011,1848,Teacher | learning,1,179,13,0,U02440,U01263
U02441,user_02441,6702,380,309,1063,Product manager,1,167,17,0,U02441,U02818
U02442,bot_02442,52,2460,5885,104,DM for investment,0,549,87,1,U02442,U01216
U02443,bot_02443,61,1664,8728,98,Promo only,0,297,174,1,U02443,U04943
U02444,user_02444,323,494,1689,2240,Teacher | learning,1,196,9,0,U02444,U01848
U02445,bot_02445,59,2074,3713,84,Free followers,0,379,64,1,U02445,U03254
U02446,bot_02446,11,2328,6761,25,Free followers,0,461,83,1,U02446,U04974
U02447,user_02447,2279,717,848,1118,Designer | coffee,1,117,3,0,U02447,U00116
U02448,user_02448,2855,605,608,1750,Product manager,1,185,19,0,U02448,U04574
U02449,user_02449,10656,387,567,2319,Data scientist,1,190,15,0,U02449,U04376
U02450,user_02450,6895,689,1020,1628,Cybersecurity analyst,1,133,10,0,U02450,U01190
U02451,bot_02451,32,1512,4160,40,Earn fast,0,564,125,1,U02451,U00870
U02452,user_02452,5084,459,830,1717,Cybersecurity analyst,1,163,20,0,U02452,U01509
U02453,bot_02453,50,2029,3468,68,Promo only,0,293,165,1,U02453,U02766
U02454,bot_02454,11,1997,4984,101,DM for investment,0,569,121,1,U02454,U00547
U02455,user_02455,2179,744,427,1412,Data scientist,1,121,17,0,U02455,U00857
U02456,user_02456,403,697,1491,1238,Data scientist,1,239,19,0,U02456,U01000
U02457,user_02457,5607,352,255,593,Cybersecurity analyst,1,76,14,0,U02457,U03288
U02458,user_02458,8634,493,1835,1238,Teacher | learning,1,166,17,0,U02458,U03164
U02459,bot_02459,40,2175,3368,66,Promo only,0,363,92,1,U02459,U00596
U02460,user_02460,10559,875,475,1808,Data scientist,1,42,15,0,U02460,U00590
U02461,bot_02461,48,1875,6508,54,Giveaway now,0,208,132,1,U02461,U00749
U02462,user_02462,6459,806,1066,1614,Writer | minimal,1,135,19,0,U02462,U02931
U02463,user_02463,1286,688,202,861,Cybersecurity analyst,1,24,10,0,U02463,U03561
U02464,user_02464,11222,215,491,2332,Designer | coffee,1,44,6,0,U02464,U01227
U02465,user_02465,3606,785,1197,2061,Writer | minimal,1,251,14,0,U02465,U04358
U02466,user_02466,7736,615,348,2443,Designer | coffee,1,141,8,0,U02466,U01352
U02467,user_02467,8227,436,527,1059,Photographer,1,53,16,0,U02467,U00232
U02468,user_02468,5856,790,2372,2490,Photographer,1,179,17,0,U02468,U02887
U02469,bot_02469,31,2492,8611,93,Click link,0,557,148,1,U02469,U01664
U02470,bot_02470,16,2490,6131,62,Earn fast,0,358,84,1,U02470,U04199
U02471,user_02471,9773,852,1571,1044,Cybersecurity analyst,1,79,5,0,U02471,U00375
U02472,bot_02472,80,1341,5883,23,Free followers,0,596,104,1,U02472,U03098
U02473,user_02473,4933,776,2068,1463,AI engineer | research,1,142,2,0,U02473,U00010
U02474,bot_02474,76,2150,6241,59,Giveaway now,0,358,129,1,U02474,U03566
U02475,user_02475,5178,786,2034,2143,Designer | coffee,1,256,11,0,U02475,U03439
U02476,user_02476,6618,555,1947,438,AI engineer | research,1,85,12,0,U02476,U00189
U02477,user_02477,6083,522,1103,2226,Photographer,1,70,3,0,U02477,U02232
U02478,user_02478,10400,390,2102,2107,Teacher | learning,1,40,5,0,U02478,U01126
U02479,user_02479,6528,428,1515,1143,Writer | minimal,1,32,13,0,U02479,U00066
U02480,bot_02480,49,1425,4323,87,Free followers,0,282,119,1,U02480,U01691
U02481,user_02481,4146,280,1486,1487,Teacher | learning,1,254,18,0,U02481,U03224
U02482,user_02482,4915,623,1980,1315,Data scientist,1,96,12,0,U02482,U02394
U02483,user_02483,5336,463,498,1550,Photographer,1,176,5,0,U02483,U04665
U02484,user_02484,9951,450,1193,1358,Writer | minimal,1,90,20,0,U02484,U02336
U02485,bot_02485,39,2039,5161,22,Giveaway now,0,469,157,1,U02485,U04599
U02486,bot_02486,33,1297,7860,62,DM for investment,0,456,113,1,U02486,U04960
U02487,user_02487,3880,789,2383,2439,Designer | coffee,1,169,10,0,U02487,U02042
U02488,bot_02488,6,2369,6649,36,DM for investment,0,231,148,1,U02488,U00944
U02489,user_02489,1010,690,1538,1534,Teacher | learning,1,250,18,0,U02489,U01579
U02490,user_02490,11928,622,1717,1679,Cybersecurity analyst,1,140,20,0,U02490,U01030
U02491,bot_02491,6,1287,5472,55,Click link,0,490,115,1,U02491,U03126
U02492,user_02492,2731,825,1115,523,Cybersecurity analyst,1,230,2,0,U02492,U02915
U02493,bot_02493,19,1617,6780,62,Click link,0,401,170,1,U02493,U04332
U02494,user_02494,6716,394,1554,1681,AI engineer | research,1,180,17,0,U02494,U04550
U02495,user_02495,1592,787,1094,581,Data scientist,1,86,13,0,U02495,U01550
U02496,user_02496,5661,606,1788,1206,Product manager,1,41,4,0,U02496,U04441
U02497,user_02497,1087,409,1414,1051,Cybersecurity analyst,1,68,15,0,U02497,U01112
U02498,bot_02498,36,1599,5539,78,Click link,0,349,83,1,U02498,U03331
U02499,bot_02499,18,1238,5467,49,Giveaway now,0,539,117,1,U02499,U04747
U02500,user_02500,11656,890,1823,2512,AI engineer | research,1,232,2,0,U02500,U04524
U02501,user_02501,10968,521,776,1449,AI engineer | research,1,117,20,0,U02501,U01254
U02502,user_02502,11012,291,2195,2094,Designer | coffee,1,247,11,0,U02502,U03816
U02503,user_02503,915,509,1051,1604,Product manager,1,34,6,0,U02503,U04396
U02504,user_02504,6306,248,869,963,Data scientist,1,228,19,0,U02504,U03459
U02505,user_02505,3268,659,1579,953,Cybersecurity analyst,1,70,8,0,U02505,U04263
U02506,user_02506,10517,439,238,858,Teacher | learning,1,24,6,0,U02506,U03288
U02507,user_02507,2066,420,1037,340,Product manager,1,78,2,0,U02507,U01617
U02508,user_02508,7975,651,477,803,Writer | minimal,1,191,15,0,U02508,U02992
U02509,user_02509,475,648,1948,881,Teacher | learning,1,218,17,0,U02509,U02583
U02510,bot_02510,12,1555,5277,102,Earn fast,0,389,86,1,U02510,U00641
U02511,user_02511,3135,436,2477,1358,Cybersecurity analyst,1,228,17,0,U02511,U01926
U02512,bot_02512,39,1469,3382,36,Free followers,0,476,97,1,U02512,U00558
U02513,user_02513,9827,216,572,2160,Cybersecurity analyst,1,203,7,0,U02513,U01085
U02514,user_02514,6416,259,1999,1994,Writer | minimal,1,254,10,0,U02514,U00833
U02515,user_02515,8103,857,2228,1615,Photographer,1,231,10,0,U02515,U00868
U02516,user_02516,10142,387,1280,504,Product manager,1,118,13,0,U02516,U04398
U02517,user_02517,7520,357,2121,907,Designer | coffee,1,106,18,0,U02517,U01474
U02518,bot_02518,10,2397,8636,63,Promo only,0,397,110,1,U02518,U02309
U02519,user_02519,8608,350,1213,2288,Writer | minimal,1,83,8,0,U02519,U04698
U02520,user_02520,1550,390,608,832,AI engineer | research,1,41,4,0,U02520,U00977
U02521,user_02521,8713,242,1165,1719,Photographer,1,196,19,0,U02521,U00410
U02522,user_02522,1511,665,402,2285,Product manager,1,94,3,0,U02522,U04901
U02523,bot_02523,18,2403,8074,99,Click link,0,328,148,1,U02523,U01460
U02524,user_02524,2092,705,617,1007,Writer | minimal,1,64,6,0,U02524,U03177
U02525,user_02525,4392,425,2483,2161,AI engineer | research,1,66,7,0,U02525,U02955
U02526,user_02526,2751,347,662,1838,Teacher | learning,1,65,14,0,U02526,U02136
U02527,user_02527,10884,591,987,1099,Product manager,1,209,2,0,U02527,U01658
U02528,user_02528,5123,509,2013,375,Writer | minimal,1,98,18,0,U02528,U04167
U02529,user_02529,5716,212,1309,2203,AI engineer | research,1,25,7,0,U02529,U03066
U02530,user_02530,6485,719,1630,592,Product manager,1,176,12,0,U02530,U03672
U02531,user_02531,10522,386,1827,2049,Cybersecurity analyst,1,182,8,0,U02531,U04897
U02532,user_02532,7084,438,1297,1057,Writer | minimal,1,135,17,0,U02532,U02613
U02533,user_02533,2921,567,829,371,Photographer,1,127,4,0,U02533,U02862
U02534,user_02534,2622,819,748,413,Cybersecurity analyst,1,187,13,0,U02534,U01237
U02535,user_02535,2217,273,1521,1981,Cybersecurity analyst,1,75,3,0,U02535,U04845
U02536,user_02536,11192,795,1847,1252,Writer | minimal,1,131,9,0,U02536,U01263
U02537,user_02537,3123,837,1415,1036,Photographer,1,30,15,0,U02537,U00623
U02538,user_02538,4546,838,2306,410,Teacher | learning,1,185,19,0,U02538,U00796
U02539,bot_02539,18,1656,8363,88,Earn fast,0,589,168,1,U02539,U00358
U02540,user_02540,9056,429,843,563,Cybersecurity analyst,1,229,4,0,U02540,U01244
U02541,bot_02541,27,1356,6048,115,Giveaway now,0,351,125,1,U02541,U00923
U02542,user_02542,9119,357,1983,2525,Writer | minimal,1,126,19,0,U02542,U03289
U02543,user_02543,438,306,649,2474,AI engineer | research,1,103,10,0,U02543,U03191
U02544,user_02544,5306,336,203,474,Cybersecurity analyst,1,223,14,0,U02544,U04670
U02545,user_02545,8456,652,2348,2267,Teacher | learning,1,82,12,0,U02545,U03177
U02546,user_02546,4916,608,1473,786,Cybersecurity analyst,1,172,15,0,U02546,U01784
U02547,user_02547,3253,314,777,2086,Cybersecurity analyst,1,227,6,0,U02547,U00616
U02548,bot_02548,7,1825,8653,28,DM for investment,0,223,96,1,U02548,U02073
U02549,user_02549,2147,488,2189,2393,Designer | coffee,1,254,20,0,U02549,U00738
U02550,user_02550,10376,657,828,1964,Designer | coffee,1,170,10,0,U02550,U01318
U02551,user_02551,3563,313,2450,381,Photographer,1,34,9,0,U02551,U03460
U02552,user_02552,11575,372,208,555,Product manager,1,21,13,0,U02552,U01322
U02553,user_02553,3468,757,1822,1072,AI engineer | research,1,243,5,0,U02553,U02636
U02554,user_02554,5651,383,1306,1300,Product manager,1,246,18,0,U02554,U04505
U02555,user_02555,6120,766,862,2011,AI engineer | research,1,235,7,0,U02555,U00489
U02556,user_02556,9048,642,871,2173,Product manager,1,213,15,0,U02556,U01861
U02557,bot_02557,76,1623,7109,98,DM for investment,0,397,146,1,U02557,U01758
U02558,user_02558,6976,285,2271,1677,Photographer,1,182,5,0,U02558,U01451
U02559,user_02559,2016,453,1977,2561,AI engineer | research,1,98,5,0,U02559,U00610
U02560,bot_02560,69,1521,4647,48,DM for investment,0,567,137,1,U02560,U00813
U02561,user_02561,8624,429,1630,1065,Writer | minimal,1,138,4,0,U02561,U02666
U02562,user_02562,11773,220,1863,2275,Designer | coffee,1,146,14,0,U02562,U00356
U02563,user_02563,10607,579,884,325,Designer | coffee,1,182,19,0,U02563,U02183
U02564,bot_02564,14,2472,4043,79,Free followers,0,510,116,1,U02564,U00957
U02565,user_02565,8543,313,1643,2016,Product manager,1,168,19,0,U02565,U04433
U02566,user_02566,6033,876,2237,1029,Cybersecurity analyst,1,208,2,0,U02566,U03202
U02567,user_02567,11702,608,2386,1874,Teacher | learning,1,215,7,0,U02567,U04709
U02568,user_02568,2566,531,2035,1136,Cybersecurity analyst,1,98,18,0,U02568,U02814
U02569,user_02569,10168,479,1982,336,Data scientist,1,215,16,0,U02569,U01119
U02570,user_02570,10258,223,2022,1398,Cybersecurity analyst,1,180,17,0,U02570,U03376
U02571,user_02571,5289,264,1993,1923,AI engineer | research,1,144,2,0,U02571,U04533
U02572,user_02572,7792,514,2239,1344,Data scientist,1,163,13,0,U02572,U03323
U02573,user_02573,8640,398,2264,1538,Writer | minimal,1,48,15,0,U02573,U01987
U02574,user_02574,7809,731,1606,1144,Designer | coffee,1,122,20,0,U02574,U03120
U02575,user_02575,9872,746,314,1386,AI engineer | research,1,94,12,0,U02575,U04956
U02576,bot_02576,70,2007,3081,61,Earn fast,0,287,75,1,U02576,U01344
U02577,user_02577,7815,240,1824,1939,AI engineer | research,1,94,19,0,U02577,U00149
U02578,user_02578,3235,477,2389,1334,Designer | coffee,1,111,18,0,U02578,U01815
U02579,bot_02579,74,2373,7551,44,Earn fast,0,540,162,1,U02579,U02703
U02580,user_02580,11224,753,2457,1270,Data scientist,1,178,17,0,U02580,U00869
U02581,user_02581,7115,442,259,911,Teacher | learning,1,256,16,0,U02581,U00105
U02582,bot_02582,32,1294,8567,64,Giveaway now,0,568,109,1,U02582,U03304
U02583,bot_02583,50,1616,3141,65,Earn fast,0,398,97,1,U02583,U04571
U02584,user_02584,9562,396,1995,2517,Photographer,1,190,11,0,U02584,U03677
U02585,user_02585,8535,691,279,784,Cybersecurity analyst,1,155,17,0,U02585,U03396
U02586,user_02586,872,231,662,1135,Designer | coffee,1,129,13,0,U02586,U00390
U02587,bot_02587,42,1820,5064,36,Earn fast,0,507,136,1,U02587,U03223
U02588,user_02588,11199,551,1928,2588,Teacher | learning,1,251,14,0,U02588,U01351
U02589,user_02589,932,586,780,816,Teacher | learning,1,49,12,0,U02589,U04894
U02590,user_02590,8126,340,1491,2042,Cybersecurity analyst,1,216,7,0,U02590,U01482
U02591,bot_02591,6,1879,4932,47,Giveaway now,0,525,142,1,U02591,U02416
U02592,user_02592,781,464,2243,1558,Data scientist,1,142,14,0,U02592,U04434
U02593,user_02593,5635,581,1112,2090,Designer | coffee,1,103,7,0,U02593,U01899
U02594,user_02594,5420,206,2203,635,Teacher | learning,1,55,11,0,U02594,U02849
U02595,bot_02595,26,2420,3461,20,Free followers,0,579,91,1,U02595,U01047
U02596,user_02596,1797,269,2134,1270,Writer | minimal,1,256,6,0,U02596,U04053
U02597,bot_02597,39,2297,8263,89,Promo only,0,574,91,1,U02597,U02839
U02598,user_02598,11971,891,1515,2569,Cybersecurity analyst,1,103,7,0,U02598,U04788
U02599,user_02599,3090,897,1618,873,Designer | coffee,1,202,12,0,U02599,U03327
U02600,bot_02600,69,1871,7007,67,Free followers,0,514,70,1,U02600,U00546
U02601,bot_02601,11,2283,8216,26,Promo only,0,385,99,1,U02601,U00760
U02602,user_02602,7740,514,1302,2231,Product manager,1,78,13,0,U02602,U02922
U02603,user_02603,5175,648,2366,1511,Designer | coffee,1,48,16,0,U02603,U02920
U02604,user_02604,11806,784,2081,1116,Product manager,1,86,11,0,U02604,U00301
U02605,user_02605,8300,722,2388,424,Designer | coffee,1,76,8,0,U02605,U04341
U02606,bot_02606,15,1340,8639,45,Giveaway now,0,322,165,1,U02606,U04270
U02607,user_02607,3285,637,353,2401,Cybersecurity analyst,1,141,18,0,U02607,U04562
U02608,bot_02608,27,2182,7450,80,Click link,0,300,61,1,U02608,U04546
U02609,user_02609,5476,900,456,1583,Writer | minimal,1,66,5,0,U02609,U02505
U02610,user_02610,11128,417,1541,1227,AI engineer | research,1,143,18,0,U02610,U00832
U02611,user_02611,2059,564,1940,2259,Data scientist,1,68,11,0,U02611,U03126
U02612,user_02612,8151,653,1751,965,Designer | coffee,1,171,14,0,U02612,U02543
U02613,bot_02613,55,1479,7814,97,Free followers,0,494,92,1,U02613,U03523
U02614,user_02614,5894,253,318,451,Teacher | learning,1,48,3,0,U02614,U03930
U02615,bot_02615,7,2288,4916,107,DM for investment,0,562,103,1,U02615,U00780
U02616,user_02616,9152,808,1877,2438,Cybersecurity analyst,1,94,11,0,U02616,U02416
U02617,user_02617,8731,729,1418,2175,Writer | minimal,1,169,13,0,U02617,U01399
U02618,user_02618,6377,702,1545,1727,Cybersecurity analyst,1,213,18,0,U02618,U04247
U02619,user_02619,10004,252,933,887,Writer | minimal,1,38,16,0,U02619,U04414
U02620,user_02620,11155,846,503,863,Product manager,1,96,18,0,U02620,U04985
U02621,user_02621,7703,283,2092,358,Data scientist,1,257,12,0,U02621,U02152
U02622,user_02622,1920,472,1044,2042,Photographer,1,147,7,0,U02622,U04288
U02623,bot_02623,28,1645,8228,23,Promo only,0,307,127,1,U02623,U02800
U02624,user_02624,9087,316,535,1306,Designer | coffee,1,176,17,0,U02624,U02254
U02625,user_02625,5814,790,246,392,Cybersecurity analyst,1,208,20,0,U02625,U00864
U02626,user_02626,9755,248,1717,1592,Photographer,1,57,19,0,U02626,U03465
U02627,user_02627,3921,582,566,1582,AI engineer | research,1,210,18,0,U02627,U03807
U02628,user_02628,494,884,1504,1099,AI engineer | research,1,52,14,0,U02628,U00996
U02629,bot_02629,35,2397,3653,21,Promo only,0,327,169,1,U02629,U01030
U02630,user_02630,8071,514,750,1590,Product manager,1,109,5,0,U02630,U03495
U02631,bot_02631,12,2287,5687,88,Promo only,0,251,169,1,U02631,U01008
U02632,bot_02632,46,1324,4111,58,Free followers,0,308,151,1,U02632,U01693
U02633,user_02633,5923,743,2232,1142,Cybersecurity analyst,1,117,14,0,U02633,U03604
U02634,bot_02634,49,2243,8903,96,DM for investment,0,405,132,1,U02634,U01713
U02635,user_02635,10436,261,229,1667,Photographer,1,159,12,0,U02635,U00741
U02636,user_02636,5082,661,1208,652,Photographer,1,186,12,0,U02636,U03077
U02637,bot_02637,67,2363,4523,65,Earn fast,0,377,161,1,U02637,U00830
U02638,user_02638,4332,602,374,848,Product manager,1,234,18,0,U02638,U03863
U02639,user_02639,7786,228,848,2531,Photographer,1,172,15,0,U02639,U03358
U02640,bot_02640,36,1804,4450,86,Click link,0,242,108,1,U02640,U02101
U02641,bot_02641,57,1356,3286,33,Free followers,0,519,149,1,U02641,U02649
U02642,user_02642,3654,542,2393,1527,AI engineer | research,1,124,10,0,U02642,U03059
U02643,user_02643,913,393,2494,2539,Writer | minimal,1,20,6,0,U02643,U01754
U02644,bot_02644,23,2196,6438,46,Promo only,0,416,77,1,U02644,U00840
U02645,user_02645,4546,892,1308,2156,Product manager,1,49,18,0,U02645,U04850
U02646,user_02646,3763,222,1886,483,Photographer,1,127,17,0,U02646,U02131
U02647,user_02647,11101,821,214,1011,Data scientist,1,64,18,0,U02647,U04171
U02648,user_02648,4717,527,1636,758,Teacher | learning,1,239,9,0,U02648,U04405
U02649,user_02649,7733,339,2210,804,Product manager,1,136,10,0,U02649,U00175
U02650,user_02650,7260,766,2493,790,Photographer,1,221,5,0,U02650,U02220
U02651,user_02651,875,407,1449,1153,Designer | coffee,1,171,18,0,U02651,U04156
U02652,user_02652,9284,681,2015,1771,Product manager,1,151,9,0,U02652,U01757
U02653,user_02653,8080,660,257,1328,AI engineer | research,1,44,9,0,U02653,U04957
U02654,bot_02654,19,1914,4581,85,Free followers,0,526,171,1,U02654,U00190
U02655,bot_02655,21,2010,4091,64,DM for investment,0,335,160,1,U02655,U00324
U02656,user_02656,1411,870,897,1252,AI engineer | research,1,248,4,0,U02656,U02918
U02657,user_02657,2494,207,1299,1444,AI engineer | research,1,36,2,0,U02657,U04053
U02658,user_02658,11836,478,608,1181,Teacher | learning,1,60,10,0,U02658,U01968
U02659,user_02659,10838,277,443,2277,Designer | coffee,1,202,11,0,U02659,U01184
U02660,bot_02660,40,2314,6814,23,Giveaway now,0,500,153,1,U02660,U04572
U02661,user_02661,6686,461,1866,1138,Teacher | learning,1,66,7,0,U02661,U00641
U02662,user_02662,5191,347,959,1486,Product manager,1,23,10,0,U02662,U01413
U02663,user_02663,2067,746,411,445,Photographer,1,69,11,0,U02663,U04308
U02664,user_02664,11564,590,1081,505,Cybersecurity analyst,1,141,2,0,U02664,U04475
U02665,user_02665,11678,868,895,529,AI engineer | research,1,259,6,0,U02665,U00261
U02666,user_02666,4173,600,1896,855,Teacher | learning,1,37,20,0,U02666,U01611
U02667,user_02667,9208,797,327,340,Writer | minimal,1,106,16,0,U02667,U04956
U02668,user_02668,1281,298,2227,1296,AI engineer | research,1,54,12,0,U02668,U00213
U02669,user_02669,3842,830,2090,666,Writer | minimal,1,68,3,0,U02669,U01407
U02670,bot_02670,18,1618,7428,68,Giveaway now,0,489,65,1,U02670,U04173
U02671,user_02671,1538,870,1796,2330,Designer | coffee,1,56,7,0,U02671,U00205
U02672,user_02672,4459,523,1344,1969,Writer | minimal,1,222,5,0,U02672,U00909
U02673,user_02673,9264,270,2141,325,Data scientist,1,136,10,0,U02673,U02007
U02674,user_02674,2670,430,1435,1500,Cybersecurity analyst,1,239,6,0,U02674,U02954
U02675,bot_02675,55,1231,4180,63,Promo only,0,292,87,1,U02675,U02211
U02676,user_02676,2625,880,269,1412,Writer | minimal,1,98,16,0,U02676,U01477
U02677,user_02677,670,413,948,2023,Teacher | learning,1,184,13,0,U02677,U00774
U02678,bot_02678,21,2163,6350,30,Promo only,0,533,119,1,U02678,U02459
U02679,user_02679,694,893,748,1407,Teacher | learning,1,108,13,0,U02679,U00918
U02680,user_02680,2453,308,635,752,Designer | coffee,1,101,19,0,U02680,U01399
U02681,user_02681,9155,614,1369,2494,Data scientist,1,246,15,0,U02681,U03924
U02682,user_02682,8716,890,1925,819,Photographer,1,74,16,0,U02682,U00482
U02683,user_02683,8495,738,1302,1577,AI engineer | research,1,136,10,0,U02683,U04188
U02684,user_02684,7481,873,2483,662,AI engineer | research,1,164,5,0,U02684,U04020
U02685,user_02685,9593,333,551,2090,AI engineer | research,1,96,3,0,U02685,U03307
U02686,user_02686,8968,406,1809,823,Teacher | learning,1,233,8,0,U02686,U01888
U02687,user_02687,4707,722,1990,1407,Cybersecurity analyst,1,134,3,0,U02687,U00961
U02688,bot_02688,72,2040,5609,55,DM for investment,0,421,83,1,U02688,U00080
U02689,bot_02689,26,1608,8954,82,Giveaway now,0,551,180,1,U02689,U01216
U02690,user_02690,6186,536,206,1152,AI engineer | research,1,214,8,0,U02690,U00500
U02691,bot_02691,75,2262,6087,51,Giveaway now,0,349,155,1,U02691,U03304
U02692,user_02692,10027,313,219,313,Designer | coffee,1,152,18,0,U02692,U00994
U02693,user_02693,6955,202,294,678,Cybersecurity analyst,1,118,20,0,U02693,U01926
U02694,bot_02694,68,1612,6741,114,Promo only,0,497,146,1,U02694,U04729
U02695,user_02695,10421,245,1790,336,Data scientist,1,158,12,0,U02695,U04451
U02696,user_02696,1646,760,1941,2266,Product manager,1,86,14,0,U02696,U00333
U02697,bot_02697,80,2254,5271,107,Free followers,0,312,91,1,U02697,U00973
U02698,user_02698,4302,656,537,693,Teacher | learning,1,153,4,0,U02698,U00758
U02699,user_02699,9397,861,1712,1361,Cybersecurity analyst,1,104,18,0,U02699,U04697
U02700,user_02700,5363,353,274,1074,AI engineer | research,1,182,10,0,U02700,U00561
U02701,user_02701,5607,444,1337,1991,Writer | minimal,1,125,2,0,U02701,U02635
U02702,user_02702,9716,821,1225,1460,Photographer,1,168,10,0,U02702,U03539
U02703,user_02703,1179,297,439,2554,AI engineer | research,1,55,10,0,U02703,U01141
U02704,user_02704,9132,293,2276,923,Product manager,1,255,6,0,U02704,U04206
U02705,user_02705,5034,201,811,1901,Teacher | learning,1,56,3,0,U02705,U04103
U02706,user_02706,8440,468,1530,856,Teacher | learning,1,139,9,0,U02706,U01579
U02707,user_02707,2917,427,1610,2161,Data scientist,1,24,2,0,U02707,U00715
U02708,bot_02708,17,2346,4142,90,Earn fast,0,559,102,1,U02708,U04498
U02709,bot_02709,58,1342,8147,42,Click link,0,523,101,1,U02709,U04625
U02710,bot_02710,55,1434,3259,27,DM for investment,0,437,137,1,U02710,U01795
U02711,bot_02711,59,2036,3192,26,Promo only,0,243,76,1,U02711,U01985
U02712,user_02712,7808,288,321,667,Product manager,1,205,7,0,U02712,U01042
U02713,user_02713,10575,637,481,1737,AI engineer | research,1,42,6,0,U02713,U02167
U02714,user_02714,6431,211,2238,2058,Product manager,1,131,12,0,U02714,U02119
U02715,user_02715,1053,512,927,891,Product manager,1,132,15,0,U02715,U02457
U02716,user_02716,712,309,560,1663,Teacher | learning,1,80,2,0,U02716,U04090
U02717,user_02717,10555,409,1466,2314,Data scientist,1,236,6,0,U02717,U01925
U02718,user_02718,7211,285,2211,1978,Cybersecurity analyst,1,156,7,0,U02718,U02604
U02719,user_02719,11431,329,2079,1050,AI engineer | research,1,120,16,0,U02719,U04173
U02720,user_02720,7153,596,1638,1939,Data scientist,1,59,6,0,U02720,U00628
U02721,user_02721,10481,652,1874,2535,Data scientist,1,133,18,0,U02721,U02404
U02722,user_02722,1619,878,853,546,Teacher | learning,1,183,8,0,U02722,U00124
U02723,bot_02723,18,2245,5484,84,Click link,0,489,121,1,U02723,U01193
U02724,bot_02724,45,1756,4716,59,Giveaway now,0,227,99,1,U02724,U03435
U02725,user_02725,6499,760,824,752,Teacher | learning,1,58,4,0,U02725,U03546
U02726,user_02726,10205,564,870,1761,Cybersecurity analyst,1,85,20,0,U02726,U00141
U02727,user_02727,11112,483,1359,660,Designer | coffee,1,216,5,0,U02727,U04040
U02728,user_02728,9257,763,528,2475,Product manager,1,57,16,0,U02728,U00021
U02729,user_02729,7329,439,1456,1223,Data scientist,1,106,20,0,U02729,U04100
U02730,user_02730,8536,383,465,2463,Photographer,1,152,10,0,U02730,U04398
U02731,bot_02731,56,2029,5127,119,Earn fast,0,209,104,1,U02731,U00826
U02732,user_02732,3277,293,859,1819,Data scientist,1,99,8,0,U02732,U00674
U02733,user_02733,3355,453,320,785,AI engineer | research,1,201,14,0,U02733,U02548
U02734,user_02734,8948,634,217,1281,Designer | coffee,1,147,6,0,U02734,U04139
U02735,user_02735,1257,407,868,555,Designer | coffee,1,198,8,0,U02735,U04872
U02736,user_02736,10003,837,402,628,AI engineer | research,1,42,10,0,U02736,U00109
U02737,bot_02737,65,1439,4971,33,Free followers,0,584,148,1,U02737,U00811
U02738,user_02738,7945,867,2472,1999,Photographer,1,31,5,0,U02738,U01275
U02739,user_02739,6112,900,408,2378,Data scientist,1,86,5,0,U02739,U03823
U02740,user_02740,5684,573,238,793,Writer | minimal,1,39,8,0,U02740,U02792
U02741,bot_02741,72,1539,8784,35,DM for investment,0,211,120,1,U02741,U04573
U02742,user_02742,7568,735,214,2231,AI engineer | research,1,55,16,0,U02742,U01858
U02743,user_02743,7107,308,1947,412,Designer | coffee,1,161,18,0,U02743,U03851
U02744,user_02744,2833,332,1030,1873,Writer | minimal,1,84,17,0,U02744,U00989
U02745,user_02745,8248,546,1128,465,Designer | coffee,1,134,15,0,U02745,U00058
U02746,bot_02746,41,2320,3122,106,Promo only,0,570,151,1,U02746,U03002
U02747,user_02747,7927,712,328,360,Data scientist,1,63,10,0,U02747,U01591
U02748,user_02748,2511,418,1818,1062,Photographer,1,61,5,0,U02748,U04793
U02749,bot_02749,54,2433,8479,117,Click link,0,395,130,1,U02749,U03735
U02750,user_02750,11217,683,281,1893,Teacher | learning,1,225,16,0,U02750,U00544
U02751,user_02751,11606,321,1207,1793,Designer | coffee,1,198,6,0,U02751,U02637
U02752,bot_02752,19,2032,5442,38,Earn fast,0,398,69,1,U02752,U03935
U02753,user_02753,3864,402,1690,490,Data scientist,1,260,18,0,U02753,U01283
U02754,user_02754,3771,315,2404,1209,Data scientist,1,167,6,0,U02754,U04439
U02755,user_02755,8547,267,1102,396,Designer | coffee,1,22,11,0,U02755,U03483
U02756,user_02756,1522,215,1495,1236,Designer | coffee,1,31,6,0,U02756,U03018
U02757,user_02757,6477,687,1693,2553,Photographer,1,119,11,0,U02757,U02008
U02758,bot_02758,47,1676,5538,90,Earn fast,0,246,71,1,U02758,U02670
U02759,bot_02759,20,1765,7085,73,DM for investment,0,332,158,1,U02759,U04019
U02760,user_02760,9888,634,700,1610,Teacher | learning,1,140,9,0,U02760,U02630
U02761,user_02761,2121,340,2436,612,Writer | minimal,1,251,16,0,U02761,U02700
U02762,user_02762,2495,439,1724,2338,Teacher | learning,1,149,5,0,U02762,U02968
U02763,user_02763,6466,854,386,2191,Photographer,1,61,9,0,U02763,U00155
U02764,bot_02764,42,2091,6029,118,Free followers,0,343,114,1,U02764,U03839
U02765,bot_02765,50,1332,6617,33,DM for investment,0,213,118,1,U02765,U00501
U02766,user_02766,7899,325,1681,1873,Writer | minimal,1,226,10,0,U02766,U04355
U02767,user_02767,4066,692,450,1186,Teacher | learning,1,45,17,0,U02767,U02515
U02768,user_02768,8984,216,960,2111,Data scientist,1,95,4,0,U02768,U04123
U02769,user_02769,11861,670,941,1870,Cybersecurity analyst,1,32,7,0,U02769,U02723
U02770,user_02770,6762,740,1849,904,Cybersecurity analyst,1,248,16,0,U02770,U04547
U02771,user_02771,5219,246,2037,2006,Cybersecurity analyst,1,129,10,0,U02771,U00085
U02772,user_02772,6480,899,1047,889,Product manager,1,142,4,0,U02772,U02772
U02773,bot_02773,75,2021,6898,73,Click link,0,554,77,1,U02773,U04946
U02774,bot_02774,72,2083,8914,84,Earn fast,0,443,137,1,U02774,U03330
U02775,user_02775,11671,230,1278,2417,Photographer,1,255,18,0,U02775,U04845
U02776,user_02776,3189,258,1570,1817,Data scientist,1,219,9,0,U02776,U00050
U02777,user_02777,716,737,793,2242,Photographer,1,71,20,0,U02777,U00687
U02778,user_02778,5663,810,2040,2057,Teacher | learning,1,85,2,0,U02778,U01572
U02779,user_02779,5570,621,2044,536,Writer | minimal,1,208,17,0,U02779,U04095
U02780,user_02780,5940,460,850,2087,AI engineer | research,1,237,4,0,U02780,U01977
U02781,user_02781,8933,465,802,1041,Photographer,1,142,8,0,U02781,U01067
U02782,user_02782,3679,384,444,1021,Writer | minimal,1,64,6,0,U02782,U00847
U02783,bot_02783,14,2151,6039,103,Promo only,0,450,114,1,U02783,U00989
U02784,user_02784,2046,633,873,534,Cybersecurity analyst,1,219,11,0,U02784,U04450
U02785,user_02785,5034,474,2462,1955,Product manager,1,167,19,0,U02785,U00266
U02786,user_02786,1996,635,232,1149,Cybersecurity analyst,1,169,7,0,U02786,U00243
U02787,user_02787,7070,782,2451,356,Cybersecurity analyst,1,44,10,0,U02787,U03257
U02788,user_02788,1568,262,1929,2537,Writer | minimal,1,26,4,0,U02788,U03806
U02789,user_02789,616,421,529,1938,Writer | minimal,1,256,8,0,U02789,U00323
U02790,user_02790,11527,211,334,1492,Product manager,1,169,8,0,U02790,U01514
U02791,user_02791,7817,387,1239,1445,Product manager,1,116,20,0,U02791,U00927
U02792,user_02792,7518,363,1341,2116,AI engineer | research,1,130,9,0,U02792,U04424
U02793,bot_02793,77,1266,6257,116,Earn fast,0,366,93,1,U02793,U01281
U02794,user_02794,10388,827,2452,1631,Product manager,1,47,9,0,U02794,U01043
U02795,user_02795,2888,705,938,2515,Cybersecurity analyst,1,240,4,0,U02795,U04691
U02796,bot_02796,54,1655,5851,103,Promo only,0,224,98,1,U02796,U03517
U02797,bot_02797,60,2059,6707,70,DM for investment,0,530,102,1,U02797,U03717
U02798,user_02798,9359,859,1444,1757,Writer | minimal,1,72,20,0,U02798,U02170
U02799,user_02799,10566,800,1730,395,Photographer,1,135,2,0,U02799,U02469
U02800,user_02800,7159,707,1688,1990,Cybersecurity analyst,1,236,2,0,U02800,U00366
U02801,user_02801,11197,305,903,490,Designer | coffee,1,62,7,0,U02801,U03043
U02802,user_02802,5203,443,333,1444,AI engineer | research,1,86,19,0,U02802,U04791
U02803,bot_02803,25,1913,4576,51,Earn fast,0,305,82,1,U02803,U01375
U02804,bot_02804,13,1283,4261,67,Click link,0,533,163,1,U02804,U02819
U02805,user_02805,1272,316,1126,1682,AI engineer | research,1,92,12,0,U02805,U01852
U02806,user_02806,9817,716,2470,2594,Product manager,1,92,8,0,U02806,U02012
U02807,bot_02807,25,1803,5017,70,Free followers,0,283,135,1,U02807,U01084
U02808,bot_02808,73,1254,5841,92,Promo only,0,582,154,1,U02808,U01889
U02809,bot_02809,39,1753,3741,40,Free followers,0,496,67,1,U02809,U02731
U02810,user_02810,6735,520,748,531,Product manager,1,50,6,0,U02810,U04067
U02811,user_02811,1532,692,2083,1565,Data scientist,1,170,13,0,U02811,U01312
U02812,bot_02812,6,1986,4493,96,Click link,0,596,170,1,U02812,U00762
U02813,user_02813,7642,550,600,842,Writer | minimal,1,66,14,0,U02813,U00623
U02814,user_02814,1936,693,1725,1250,Cybersecurity analyst,1,204,14,0,U02814,U03470
U02815,user_02815,4790,684,1504,919,Photographer,1,190,18,0,U02815,U02064
U02816,user_02816,2624,226,1943,793,AI engineer | research,1,134,9,0,U02816,U00037
U02817,user_02817,2894,875,2383,1400,Data scientist,1,100,6,0,U02817,U00501
U02818,bot_02818,18,1328,5898,108,Click link,0,317,170,1,U02818,U02906
U02819,bot_02819,17,1754,4719,112,Earn fast,0,595,77,1,U02819,U04767
U02820,user_02820,5207,443,402,2419,Writer | minimal,1,237,16,0,U02820,U04844
U02821,user_02821,2588,467,2109,819,Cybersecurity analyst,1,115,10,0,U02821,U01257
U02822,user_02822,8520,758,1167,1341,Designer | coffee,1,180,12,0,U02822,U04840
U02823,bot_02823,5,1819,7446,81,Free followers,0,452,65,1,U02823,U04037
U02824,user_02824,9713,403,1055,1260,Photographer,1,213,7,0,U02824,U02903
U02825,bot_02825,12,1539,5787,79,Giveaway now,0,566,129,1,U02825,U02375
U02826,user_02826,4804,258,2328,1666,Teacher | learning,1,182,18,0,U02826,U04320
U02827,user_02827,9171,375,1513,2090,Cybersecurity analyst,1,201,17,0,U02827,U03314
U02828,user_02828,594,720,1290,1929,Cybersecurity analyst,1,143,6,0,U02828,U02969
U02829,user_02829,3850,852,1506,1828,Photographer,1,40,20,0,U02829,U01383
U02830,user_02830,3128,387,1635,335,Cybersecurity analyst,1,213,5,0,U02830,U02890
U02831,user_02831,11173,850,1861,988,Writer | minimal,1,213,11,0,U02831,U01410
U02832,user_02832,3391,803,1231,1038,Designer | coffee,1,185,2,0,U02832,U01389
U02833,user_02833,4325,480,557,1477,Cybersecurity analyst,1,165,20,0,U02833,U04867
U02834,bot_02834,6,2440,8752,103,DM for investment,0,413,110,1,U02834,U03633
U02835,bot_02835,57,2016,3002,53,Earn fast,0,375,165,1,U02835,U04758
U02836,user_02836,3481,389,473,2254,AI engineer | research,1,234,11,0,U02836,U00154
U02837,user_02837,10368,276,404,645,Product manager,1,167,9,0,U02837,U03038
U02838,user_02838,9126,834,927,850,Writer | minimal,1,61,11,0,U02838,U00768
U02839,bot_02839,80,1655,6131,20,Free followers,0,555,65,1,U02839,U00175
U02840,user_02840,2652,672,2190,452,Data scientist,1,102,14,0,U02840,U03279
U02841,bot_02841,58,1312,6883,75,Click link,0,266,110,1,U02841,U01790
U02842,user_02842,11985,562,242,360,Product manager,1,166,12,0,U02842,U03794
U02843,bot_02843,39,2067,3738,76,DM for investment,0,417,144,1,U02843,U01827
U02844,user_02844,3668,402,1880,769,Data scientist,1,23,10,0,U02844,U00764
U02845,user_02845,5209,340,1019,706,Data scientist,1,119,13,0,U02845,U02357
U02846,bot_02846,30,2141,4463,79,Free followers,0,440,144,1,U02846,U04288
U02847,user_02847,7184,232,1928,1153,Data scientist,1,222,10,0,U02847,U01476
U02848,user_02848,1037,484,1955,584,Teacher | learning,1,141,12,0,U02848,U00820
U02849,user_02849,7531,220,554,2325,Product manager,1,178,20,0,U02849,U01413
U02850,user_02850,3294,242,890,1475,Writer | minimal,1,163,9,0,U02850,U02521
U02851,user_02851,4679,279,2232,989,Teacher | learning,1,76,10,0,U02851,U03510
U02852,user_02852,3517,713,1792,1346,AI engineer | research,1,134,20,0,U02852,U01356
U02853,user_02853,5107,748,1714,1223,Photographer,1,116,6,0,U02853,U04583
U02854,user_02854,4901,678,908,1110,Data scientist,1,152,15,0,U02854,U00518
U02855,user_02855,352,809,1588,1230,Teacher | learning,1,148,12,0,U02855,U03947
U02856,user_02856,4689,378,574,1900,Product manager,1,205,10,0,U02856,U02632
U02857,user_02857,10186,216,333,1202,Designer | coffee,1,142,19,0,U02857,U02146
U02858,user_02858,1117,512,2201,1981,Data scientist,1,208,5,0,U02858,U01820
U02859,user_02859,8861,468,1329,1169,Photographer,1,137,3,0,U02859,U03074
U02860,bot_02860,62,1919,6404,52,Free followers,0,412,168,1,U02860,U01077
U02861,user_02861,6652,439,1855,2566,Teacher | learning,1,256,4,0,U02861,U02433
U02862,user_02862,1727,731,1726,2419,AI engineer | research,1,211,20,0,U02862,U00490
U02863,bot_02863,65,1541,7725,34,Promo only,0,205,159,1,U02863,U02524
U02864,user_02864,11727,665,1777,383,Teacher | learning,1,94,9,0,U02864,U03375
U02865,user_02865,7318,234,1582,449,Writer | minimal,1,78,9,0,U02865,U02188
U02866,user_02866,10001,721,1206,1165,Writer | minimal,1,26,14,0,U02866,U03605
U02867,user_02867,664,614,2129,792,Cybersecurity analyst,1,160,6,0,U02867,U01503
U02868,user_02868,8088,788,1351,632,Writer | minimal,1,177,2,0,U02868,U04163
U02869,user_02869,7359,536,1093,2357,AI engineer | research,1,214,12,0,U02869,U03173
U02870,user_02870,3662,786,1898,1137,Writer | minimal,1,97,7,0,U02870,U03276
U02871,bot_02871,45,1860,3179,105,Promo only,0,526,98,1,U02871,U01131
U02872,bot_02872,20,2132,3480,53,Promo only,0,531,169,1,U02872,U03462
U02873,user_02873,1573,758,1844,2113,Photographer,1,27,15,0,U02873,U01688
U02874,bot_02874,12,1342,6294,117,Giveaway now,0,283,133,1,U02874,U00122
U02875,user_02875,9806,795,926,2384,Cybersecurity analyst,1,234,4,0,U02875,U04019
U02876,bot_02876,24,2057,8754,61,DM for investment,0,593,86,1,U02876,U03799
U02877,bot_02877,5,2293,6464,59,DM for investment,0,512,93,1,U02877,U03320
U02878,user_02878,2884,230,1044,2493,Designer | coffee,1,195,9,0,U02878,U01945
U02879,user_02879,5255,855,278,762,Photographer,1,92,13,0,U02879,U03684
U02880,bot_02880,53,2426,4471,28,Promo only,0,515,103,1,U02880,U03598
U02881,bot_02881,52,1729,7974,87,DM for investment,0,283,94,1,U02881,U04600
U02882,user_02882,4853,874,1204,522,Designer | coffee,1,198,6,0,U02882,U03817
U02883,user_02883,2129,624,2131,2356,Photographer,1,240,2,0,U02883,U03088
U02884,user_02884,4741,879,1108,766,AI engineer | research,1,107,18,0,U02884,U00844
U02885,user_02885,4438,794,781,2393,AI engineer | research,1,43,12,0,U02885,U01637
U02886,user_02886,1059,317,2149,522,Photographer,1,259,6,0,U02886,U02445
U02887,bot_02887,11,1616,3254,85,Earn fast,0,522,129,1,U02887,U04241
U02888,user_02888,1374,665,852,1947,Cybersecurity analyst,1,58,18,0,U02888,U04921
U02889,user_02889,9315,378,1412,1525,Teacher | learning,1,235,18,0,U02889,U00248
U02890,user_02890,615,668,803,2414,Teacher | learning,1,149,20,0,U02890,U04629
U02891,bot_02891,64,2492,5257,31,Promo only,0,238,113,1,U02891,U00018
U02892,user_02892,10004,315,1776,751,Photographer,1,63,17,0,U02892,U03211
U02893,bot_02893,76,1267,7344,37,Promo only,0,208,90,1,U02893,U00984
U02894,user_02894,10713,379,1925,1097,Data scientist,1,192,10,0,U02894,U02207
U02895,bot_02895,53,2490,8332,43,Click link,0,528,92,1,U02895,U04276
U02896,user_02896,8238,206,532,1031,Cybersecurity analyst,1,22,11,0,U02896,U02444
U02897,bot_02897,52,1640,6340,96,Earn fast,0,209,134,1,U02897,U01280
U02898,user_02898,7812,572,1218,336,Data scientist,1,66,19,0,U02898,U04669
U02899,user_02899,11837,260,1223,1843,AI engineer | research,1,186,16,0,U02899,U01081
U02900,user_02900,5111,448,1737,1603,AI engineer | research,1,54,11,0,U02900,U02884
U02901,user_02901,11742,635,1247,2353,Writer | minimal,1,212,4,0,U02901,U03009
U02902,user_02902,4861,895,266,1295,Data scientist,1,243,14,0,U02902,U04179
U02903,user_02903,2247,560,2050,2341,Teacher | learning,1,83,18,0,U02903,U02265
U02904,user_02904,6854,620,823,1109,Photographer,1,52,9,0,U02904,U00315
U02905,user_02905,7895,818,2366,1970,Designer | coffee,1,92,20,0,U02905,U01060
U02906,user_02906,5385,780,2184,1013,Data scientist,1,54,3,0,U02906,U01524
U02907,user_02907,6639,388,879,1982,AI engineer | research,1,164,6,0,U02907,U03145
U02908,user_02908,1490,664,1871,1024,Photographer,1,68,13,0,U02908,U05000
U02909,user_02909,10143,873,832,2545,Teacher | learning,1,83,8,0,U02909,U04529
U02910,user_02910,6850,769,2308,2200,Writer | minimal,1,201,17,0,U02910,U01535
U02911,user_02911,7407,212,1433,797,Cybersecurity analyst,1,83,10,0,U02911,U00401
U02912,user_02912,4420,822,1211,691,Product manager,1,103,8,0,U02912,U04912
U02913,bot_02913,21,2024,3080,23,Earn fast,0,202,174,1,U02913,U02373
U02914,user_02914,10988,874,2110,1933,Data scientist,1,57,4,0,U02914,U01859
U02915,user_02915,4957,777,489,1191,AI engineer | research,1,96,5,0,U02915,U01673
U02916,user_02916,9719,707,1516,923,Writer | minimal,1,250,19,0,U02916,U01085
U02917,bot_02917,74,2090,8279,61,Click link,0,543,109,1,U02917,U01309
U02918,user_02918,11230,338,1415,346,AI engineer | research,1,104,6,0,U02918,U04249
U02919,bot_02919,48,1675,3253,92,Free followers,0,448,114,1,U02919,U04986
U02920,user_02920,1976,837,1269,2588,Cybersecurity analyst,1,251,14,0,U02920,U04657
U02921,user_02921,9232,234,1715,1947,AI engineer | research,1,156,6,0,U02921,U00698
U02922,user_02922,6271,451,211,2137,Photographer,1,177,15,0,U02922,U00824
U02923,user_02923,7355,785,1564,2267,AI engineer | research,1,59,11,0,U02923,U02537
U02924,bot_02924,44,2205,5110,35,Click link,0,563,80,1,U02924,U01848
U02925,user_02925,11058,398,2174,1593,Designer | coffee,1,237,14,0,U02925,U00105
U02926,bot_02926,67,2215,4609,102,Free followers,0,286,69,1,U02926,U02865
U02927,bot_02927,58,1376,7715,117,Earn fast,0,539,82,1,U02927,U01202
U02928,user_02928,10491,797,490,1112,Product manager,1,152,17,0,U02928,U01721
U02929,user_02929,3410,505,953,1503,Data scientist,1,238,11,0,U02929,U03675
U02930,user_02930,10276,200,1309,2320,Writer | minimal,1,130,2,0,U02930,U04379
U02931,user_02931,2408,430,1491,569,Writer | minimal,1,256,2,0,U02931,U03388
U02932,user_02932,10266,273,2130,439,Teacher | learning,1,255,19,0,U02932,U00736
U02933,user_02933,4214,873,881,2504,Designer | coffee,1,171,13,0,U02933,U02196
U02934,user_02934,3455,461,351,600,AI engineer | research,1,162,13,0,U02934,U02821
U02935,user_02935,1595,297,1514,2150,Photographer,1,86,10,0,U02935,U02997
U02936,bot_02936,19,2015,3384,102,Free followers,0,451,165,1,U02936,U00023
U02937,bot_02937,6,2403,5013,21,Click link,0,567,99,1,U02937,U02554
U02938,bot_02938,40,1237,5036,97,DM for investment,0,564,129,1,U02938,U01460
U02939,bot_02939,74,1249,8578,46,Free followers,0,501,108,1,U02939,U01314
U02940,user_02940,953,444,2304,1822,Photographer,1,254,19,0,U02940,U02284
U02941,user_02941,11660,221,2021,2487,Cybersecurity analyst,1,158,2,0,U02941,U03210
U02942,user_02942,10262,546,570,1865,Product manager,1,92,15,0,U02942,U01669
U02943,user_02943,5912,627,741,1119,Writer | minimal,1,34,8,0,U02943,U02458
U02944,user_02944,638,715,2277,518,Writer | minimal,1,215,15,0,U02944,U00349
U02945,user_02945,10214,771,2178,474,AI engineer | research,1,172,7,0,U02945,U00963
U02946,user_02946,10378,294,2415,1455,Designer | coffee,1,241,9,0,U02946,U00753
U02947,bot_02947,23,1998,6101,32,Promo only,0,249,102,1,U02947,U02259
U02948,user_02948,9489,248,1604,967,Product manager,1,224,14,0,U02948,U01528
U02949,user_02949,2125,808,1851,432,Cybersecurity analyst,1,95,16,0,U02949,U01203
U02950,bot_02950,33,2430,6853,106,Free followers,0,203,120,1,U02950,U02234
U02951,user_02951,4863,503,2167,532,Cybersecurity analyst,1,241,19,0,U02951,U01612
U02952,bot_02952,13,1792,6198,115,Promo only,0,237,165,1,U02952,U04689
U02953,user_02953,4295,790,1315,2025,Photographer,1,244,17,0,U02953,U03344
U02954,bot_02954,57,1568,5033,61,Promo only,0,559,157,1,U02954,U03080
U02955,user_02955,6252,437,255,864,Designer | coffee,1,211,14,0,U02955,U04380
U02956,user_02956,2425,582,2191,2575,AI engineer | research,1,252,16,0,U02956,U01771
U02957,user_02957,8769,610,398,1654,Photographer,1,257,3,0,U02957,U01938
U02958,bot_02958,55,1688,6555,21,DM for investment,0,389,65,1,U02958,U04350
U02959,user_02959,1737,862,1956,1389,Designer | coffee,1,234,2,0,U02959,U00090
U02960,user_02960,9911,244,684,975,AI engineer | research,1,35,9,0,U02960,U01173
U02961,user_02961,681,822,1274,1688,Writer | minimal,1,60,8,0,U02961,U03040
U02962,user_02962,11705,811,1701,1247,Cybersecurity analyst,1,239,5,0,U02962,U03215
U02963,bot_02963,73,2081,3352,37,Free followers,0,437,104,1,U02963,U02419
U02964,user_02964,4523,479,761,479,Data scientist,1,101,11,0,U02964,U02338
U02965,user_02965,3988,726,570,809,Designer | coffee,1,162,2,0,U02965,U04490
U02966,user_02966,5999,844,1635,2468,Data scientist,1,74,11,0,U02966,U02705
U02967,user_02967,6954,360,887,1819,Writer | minimal,1,58,5,0,U02967,U04056
U02968,bot_02968,57,1978,3098,50,Free followers,0,409,73,1,U02968,U01144
U02969,user_02969,7231,231,2033,342,Cybersecurity analyst,1,95,16,0,U02969,U03454
U02970,user_02970,6953,216,736,1105,Teacher | learning,1,110,4,0,U02970,U04129
U02971,user_02971,1463,583,1015,317,Product manager,1,37,16,0,U02971,U00739
U02972,user_02972,1838,523,1933,521,Writer | minimal,1,108,18,0,U02972,U04687
U02973,bot_02973,21,1567,5094,58,DM for investment,0,238,86,1,U02973,U04840
U02974,user_02974,7547,780,1286,531,Data scientist,1,201,14,0,U02974,U02994
U02975,bot_02975,45,2157,7780,26,Free followers,0,363,152,1,U02975,U01009
U02976,user_02976,1609,858,2349,2477,Data scientist,1,121,15,0,U02976,U03315
U02977,user_02977,7339,538,1790,804,Product manager,1,161,9,0,U02977,U02641
U02978,user_02978,8408,470,2491,2184,AI engineer | research,1,121,19,0,U02978,U03066
U02979,user_02979,1105,390,1194,2258,Designer | coffee,1,236,17,0,U02979,U04441
U02980,user_02980,397,857,610,1060,Teacher | learning,1,61,2,0,U02980,U03543
U02981,user_02981,3855,394,788,2262,Product manager,1,74,6,0,U02981,U04633
U02982,user_02982,6933,496,1261,463,Cybersecurity analyst,1,67,19,0,U02982,U02640
U02983,bot_02983,25,2008,6769,68,Promo only,0,516,170,1,U02983,U01531
U02984,user_02984,7497,684,1169,953,Teacher | learning,1,77,19,0,U02984,U01153
U02985,bot_02985,35,1573,3177,93,Giveaway now,0,248,92,1,U02985,U00002
U02986,bot_02986,29,1666,4435,86,DM for investment,0,342,97,1,U02986,U01741
U02987,user_02987,8404,875,489,2451,Writer | minimal,1,58,2,0,U02987,U02715
U02988,user_02988,1677,536,1300,1701,AI engineer | research,1,52,14,0,U02988,U03626
U02989,user_02989,9612,823,484,1126,Designer | coffee,1,161,9,0,U02989,U00242
U02990,bot_02990,55,1782,5014,47,DM for investment,0,544,79,1,U02990,U03544
U02991,user_02991,2766,331,2218,2140,Product manager,1,139,16,0,U02991,U01670
U02992,user_02992,7085,718,338,1931,Writer | minimal,1,122,11,0,U02992,U00232
U02993,user_02993,7557,203,1049,2587,Product manager,1,112,3,0,U02993,U03101
U02994,user_02994,5789,829,1482,994,Data scientist,1,179,18,0,U02994,U01109
U02995,user_02995,1689,238,2137,1518,Cybersecurity analyst,1,206,3,0,U02995,U04064
U02996,user_02996,11365,863,1979,2238,Cybersecurity analyst,1,220,13,0,U02996,U03507
U02997,user_02997,2556,580,209,2060,AI engineer | research,1,232,7,0,U02997,U00328
U02998,bot_02998,56,1590,7164,104,Free followers,0,382,141,1,U02998,U02150
U02999,user_02999,1462,489,2034,1394,Product manager,1,100,17,0,U02999,U00856
U03000,user_03000,3864,801,2184,2518,Designer | coffee,1,201,10,0,U03000,U02111
U03001,user_03001,11868,718,1950,440,Teacher | learning,1,170,12,0,U03001,U00117
U03002,user_03002,10084,877,1050,885,Photographer,1,230,15,0,U03002,U02430
U03003,bot_03003,21,1655,7837,52,DM for investment,0,395,72,1,U03003,U00827
U03004,bot_03004,75,2399,8766,88,Giveaway now,0,533,69,1,U03004,U00855
U03005,user_03005,5023,775,1590,1233,AI engineer | research,1,84,2,0,U03005,U00600
U03006,bot_03006,62,2094,8726,40,DM for investment,0,270,176,1,U03006,U04847
U03007,user_03007,11821,511,2238,1529,Teacher | learning,1,64,7,0,U03007,U03258
U03008,user_03008,8557,703,463,2402,Cybersecurity analyst,1,218,18,0,U03008,U01055
U03009,bot_03009,72,2318,8316,81,Giveaway now,0,229,102,1,U03009,U04479
U03010,user_03010,5053,269,1788,2438,Designer | coffee,1,32,14,0,U03010,U01638
U03011,user_03011,4484,789,1715,1941,Data scientist,1,98,16,0,U03011,U03207
U03012,bot_03012,46,2255,6509,107,Click link,0,427,139,1,U03012,U04648
U03013,user_03013,6637,397,2418,1288,Cybersecurity analyst,1,20,16,0,U03013,U01650
U03014,user_03014,2255,251,2424,543,Photographer,1,166,6,0,U03014,U00686
U03015,user_03015,2469,207,605,2014,Teacher | learning,1,102,13,0,U03015,U03684
U03016,user_03016,6957,484,1553,2344,Photographer,1,190,18,0,U03016,U02642
U03017,user_03017,6173,705,1642,709,Writer | minimal,1,64,10,0,U03017,U03531
U03018,user_03018,412,253,1782,2445,Photographer,1,134,12,0,U03018,U04350
U03019,user_03019,5070,899,435,1763,Photographer,1,38,15,0,U03019,U02891
U03020,user_03020,2045,357,917,1351,Data scientist,1,240,11,0,U03020,U00563
U03021,user_03021,9945,826,2134,1512,Product manager,1,21,6,0,U03021,U01652
U03022,user_03022,9055,636,269,2399,Teacher | learning,1,218,9,0,U03022,U03850
U03023,user_03023,1340,663,281,1304,AI engineer | research,1,124,8,0,U03023,U02444
U03024,user_03024,4687,357,1069,2399,AI engineer | research,1,184,15,0,U03024,U01421
U03025,bot_03025,47,1299,7428,98,DM for investment,0,576,128,1,U03025,U00250
U03026,user_03026,4854,270,1070,1402,AI engineer | research,1,191,20,0,U03026,U04784
U03027,user_03027,10752,267,2148,2285,Writer | minimal,1,242,20,0,U03027,U01106
U03028,user_03028,5815,356,2474,1400,Teacher | learning,1,48,8,0,U03028,U03189
U03029,user_03029,8928,213,1423,1601,Writer | minimal,1,254,3,0,U03029,U01677
U03030,user_03030,6487,703,1425,2386,Teacher | learning,1,23,20,0,U03030,U04082
U03031,user_03031,3949,786,1228,377,AI engineer | research,1,247,12,0,U03031,U01150
U03032,user_03032,7381,201,890,1327,AI engineer | research,1,89,6,0,U03032,U01911
U03033,user_03033,6096,743,773,1660,AI engineer | research,1,153,10,0,U03033,U03840
U03034,bot_03034,44,1514,3334,49,Giveaway now,0,249,132,1,U03034,U03605
U03035,user_03035,8019,492,2381,2089,Teacher | learning,1,137,13,0,U03035,U00932
U03036,user_03036,1392,725,1942,1394,Cybersecurity analyst,1,252,18,0,U03036,U01651
U03037,bot_03037,71,1464,7967,60,Free followers,0,528,126,1,U03037,U04214
U03038,user_03038,4829,308,1921,951,Cybersecurity analyst,1,82,9,0,U03038,U03518
U03039,bot_03039,51,2323,6086,111,Click link,0,518,156,1,U03039,U01358
U03040,user_03040,8173,499,2314,1159,Product manager,1,45,16,0,U03040,U00021
U03041,user_03041,3278,804,1075,654,Designer | coffee,1,115,4,0,U03041,U03840
U03042,user_03042,2750,501,800,1862,Teacher | learning,1,230,13,0,U03042,U04614
U03043,user_03043,10504,761,295,2021,Product manager,1,257,6,0,U03043,U01094
U03044,user_03044,2666,425,2140,787,AI engineer | research,1,135,18,0,U03044,U01242
U03045,user_03045,4035,682,431,447,Teacher | learning,1,201,15,0,U03045,U02235
U03046,user_03046,9182,842,2035,527,Data scientist,1,191,19,0,U03046,U03818
U03047,user_03047,9817,530,1262,589,Photographer,1,180,16,0,U03047,U04067
U03048,user_03048,3618,807,2349,617,AI engineer | research,1,229,19,0,U03048,U03707
U03049,user_03049,7882,726,471,1744,Teacher | learning,1,169,4,0,U03049,U04048
U03050,user_03050,9439,794,1439,1813,Cybersecurity analyst,1,150,14,0,U03050,U03318
U03051,user_03051,3742,717,1279,2554,Photographer,1,151,16,0,U03051,U01683
U03052,user_03052,2848,217,2161,1932,Product manager,1,40,6,0,U03052,U04864
U03053,user_03053,2082,384,669,414,Designer | coffee,1,181,12,0,U03053,U04483
U03054,user_03054,9259,302,833,2511,Designer | coffee,1,153,14,0,U03054,U04185
U03055,user_03055,735,864,2200,328,Photographer,1,254,14,0,U03055,U04883
U03056,bot_03056,20,1296,6724,95,Free followers,0,267,88,1,U03056,U01203
U03057,user_03057,2658,596,2466,1246,Photographer,1,77,10,0,U03057,U02489
U03058,user_03058,7740,247,1193,1595,Writer | minimal,1,31,15,0,U03058,U02687
U03059,user_03059,10362,623,2324,1222,Teacher | learning,1,68,12,0,U03059,U03655
U03060,bot_03060,67,2105,4934,114,DM for investment,0,251,158,1,U03060,U01787
U03061,bot_03061,47,1896,8178,25,Click link,0,548,168,1,U03061,U03605
U03062,user_03062,836,566,720,683,Product manager,1,154,17,0,U03062,U04232
U03063,user_03063,4890,469,383,1574,Product manager,1,114,18,0,U03063,U00858
U03064,user_03064,5401,265,1463,2279,Cybersecurity analyst,1,33,5,0,U03064,U01859
U03065,user_03065,5587,250,1012,1940,Designer | coffee,1,157,16,0,U03065,U02657
U03066,user_03066,6747,746,505,453,Writer | minimal,1,169,16,0,U03066,U03657
U03067,user_03067,2628,437,1439,1393,Data scientist,1,111,15,0,U03067,U02158
U03068,user_03068,8050,788,1401,401,Photographer,1,254,9,0,U03068,U03501
U03069,user_03069,654,267,1969,1192,Teacher | learning,1,260,6,0,U03069,U03931
U03070,bot_03070,68,2236,8422,46,Promo only,0,260,105,1,U03070,U04082
U03071,user_03071,11873,364,803,2098,Photographer,1,79,5,0,U03071,U04584
U03072,user_03072,3714,238,759,663,Teacher | learning,1,104,19,0,U03072,U02493
U03073,user_03073,4015,432,917,1529,Teacher | learning,1,43,14,0,U03073,U00566
U03074,user_03074,10569,460,2401,1313,Photographer,1,169,15,0,U03074,U00197
U03075,user_03075,3696,507,1394,1874,Data scientist,1,236,17,0,U03075,U03185
U03076,bot_03076,20,1907,8178,93,Click link,0,382,129,1,U03076,U00675
U03077,user_03077,8279,474,670,2039,AI engineer | research,1,36,16,0,U03077,U02759
U03078,bot_03078,25,1539,3630,85,Free followers,0,540,72,1,U03078,U04625
U03079,user_03079,10876,493,605,1233,Data scientist,1,221,11,0,U03079,U03929
U03080,user_03080,1259,804,1245,1133,Writer | minimal,1,197,17,0,U03080,U02358
U03081,bot_03081,21,2411,8889,36,Click link,0,474,111,1,U03081,U01978
U03082,user_03082,769,355,1939,1724,Photographer,1,258,2,0,U03082,U01534
U03083,bot_03083,29,2051,6089,77,Promo only,0,435,75,1,U03083,U03093
U03084,user_03084,7080,645,519,306,Photographer,1,55,12,0,U03084,U01971
U03085,user_03085,825,337,724,847,Data scientist,1,194,9,0,U03085,U04821
U03086,user_03086,1485,413,1992,2034,Photographer,1,161,9,0,U03086,U04000
U03087,user_03087,564,296,2142,2152,Teacher | learning,1,177,4,0,U03087,U01227
U03088,user_03088,4823,613,692,1423,Cybersecurity analyst,1,95,2,0,U03088,U01731
U03089,bot_03089,49,1328,6751,58,Click link,0,402,176,1,U03089,U03558
U03090,user_03090,2595,585,415,750,Product manager,1,160,14,0,U03090,U04011
U03091,user_03091,6519,423,472,1761,Teacher | learning,1,208,14,0,U03091,U02917
U03092,user_03092,2887,854,948,2290,Photographer,1,195,16,0,U03092,U02153
U03093,user_03093,5192,822,384,407,Teacher | learning,1,75,19,0,U03093,U00021
U03094,user_03094,5780,551,460,1153,Data scientist,1,232,10,0,U03094,U02096
U03095,user_03095,6842,692,776,1039,Product manager,1,156,19,0,U03095,U04692
U03096,bot_03096,65,1693,4912,28,Click link,0,329,178,1,U03096,U02261
U03097,user_03097,11699,285,1731,2275,Product manager,1,94,20,0,U03097,U01220
U03098,user_03098,2175,466,2075,2454,Teacher | learning,1,152,16,0,U03098,U01751
U03099,bot_03099,6,1792,3114,94,DM for investment,0,364,96,1,U03099,U03612
U03100,user_03100,7434,635,588,2404,Teacher | learning,1,69,3,0,U03100,U04113
U03101,bot_03101,17,2297,6935,51,DM for investment,0,243,99,1,U03101,U04771
U03102,bot_03102,16,1332,5049,49,Promo only,0,421,121,1,U03102,U03380
U03103,bot_03103,18,1230,6980,90,Free followers,0,239,130,1,U03103,U00798
U03104,bot_03104,56,2492,7296,60,DM for investment,0,416,98,1,U03104,U02709
U03105,user_03105,1166,616,2444,309,Product manager,1,56,15,0,U03105,U02003
U03106,user_03106,1481,581,1278,1034,AI engineer | research,1,200,8,0,U03106,U03312
U03107,bot_03107,28,1599,3444,43,Click link,0,457,115,1,U03107,U02746
U03108,user_03108,609,891,1537,865,Designer | coffee,1,63,11,0,U03108,U00786
U03109,user_03109,2813,227,1853,1974,Designer | coffee,1,142,3,0,U03109,U02581
U03110,bot_03110,45,2405,7639,38,Free followers,0,209,72,1,U03110,U03477
U03111,user_03111,3671,731,776,827,Data scientist,1,54,6,0,U03111,U00307
U03112,bot_03112,45,1675,7809,36,DM for investment,0,294,145,1,U03112,U00387
U03113,user_03113,2591,870,312,691,Designer | coffee,1,189,3,0,U03113,U00933
U03114,user_03114,4494,747,1456,1156,Designer | coffee,1,77,20,0,U03114,U01577
U03115,bot_03115,27,1944,4487,86,DM for investment,0,393,74,1,U03115,U01297
U03116,bot_03116,37,1887,6372,106,DM for investment,0,345,102,1,U03116,U01775
U03117,user_03117,8501,609,1422,1520,Photographer,1,176,16,0,U03117,U00041
U03118,bot_03118,79,2248,6522,74,DM for investment,0,298,94,1,U03118,U00447
U03119,user_03119,9857,565,1213,2091,Writer | minimal,1,212,16,0,U03119,U01987
U03120,user_03120,9685,763,1676,1026,Product manager,1,179,17,0,U03120,U02919
U03121,user_03121,1809,542,927,1871,Teacher | learning,1,123,13,0,U03121,U04610
U03122,user_03122,4682,699,1797,945,AI engineer | research,1,114,9,0,U03122,U03413
U03123,user_03123,2024,472,2136,1813,Photographer,1,76,9,0,U03123,U04765
U03124,user_03124,2909,495,2008,1409,Photographer,1,256,14,0,U03124,U02604
U03125,user_03125,5838,413,2498,1970,Teacher | learning,1,52,20,0,U03125,U02047
U03126,bot_03126,30,1995,7045,95,Earn fast,0,277,98,1,U03126,U02776
U03127,user_03127,2866,856,2074,2013,Product manager,1,70,19,0,U03127,U02655
U03128,user_03128,11102,493,1882,2546,Photographer,1,104,18,0,U03128,U02019
U03129,user_03129,728,622,614,1910,Cybersecurity analyst,1,207,19,0,U03129,U02426
U03130,user_03130,9970,854,1168,2537,Photographer,1,221,4,0,U03130,U00788
U03131,user_03131,3979,889,2248,641,Product manager,1,45,14,0,U03131,U03784
U03132,bot_03132,36,1247,7072,46,Free followers,0,442,76,1,U03132,U00483
U03133,user_03133,3020,204,590,1421,Writer | minimal,1,157,15,0,U03133,U04538
U03134,user_03134,612,769,773,1883,Product manager,1,207,10,0,U03134,U00966
U03135,bot_03135,20,1784,6262,120,Click link,0,300,135,1,U03135,U03622
U03136,user_03136,5597,857,1338,890,Cybersecurity analyst,1,211,20,0,U03136,U03184
U03137,user_03137,5158,552,1860,1140,Designer | coffee,1,254,8,0,U03137,U03769
U03138,bot_03138,79,2405,8165,58,Free followers,0,205,87,1,U03138,U04692
U03139,user_03139,11194,281,649,1043,Photographer,1,184,15,0,U03139,U02394
U03140,user_03140,1748,835,1879,2149,Photographer,1,192,2,0,U03140,U04512
U03141,bot_03141,47,1651,7915,34,Free followers,0,216,73,1,U03141,U00881
U03142,bot_03142,78,1256,3930,71,DM for investment,0,597,151,1,U03142,U04651
U03143,user_03143,9886,234,533,1097,Data scientist,1,77,9,0,U03143,U02228
U03144,bot_03144,58,2187,8380,46,Promo only,0,551,95,1,U03144,U00823
U03145,user_03145,9529,758,1286,662,Designer | coffee,1,206,3,0,U03145,U03557
U03146,user_03146,3847,238,502,1328,Designer | coffee,1,252,19,0,U03146,U00850
U03147,user_03147,4935,792,540,402,Cybersecurity analyst,1,32,11,0,U03147,U00317
U03148,bot_03148,76,2054,6416,35,Promo only,0,406,177,1,U03148,U00271
U03149,user_03149,1485,835,362,1309,Designer | coffee,1,94,6,0,U03149,U01644
U03150,user_03150,5692,509,2467,1369,AI engineer | research,1,247,6,0,U03150,U01717
U03151,user_03151,1523,635,451,2258,Writer | minimal,1,164,5,0,U03151,U04848
U03152,bot_03152,74,1982,3481,30,Free followers,0,365,160,1,U03152,U00811
U03153,user_03153,1715,707,675,1132,Designer | coffee,1,244,6,0,U03153,U04776
U03154,user_03154,565,338,1442,2200,Cybersecurity analyst,1,191,2,0,U03154,U04267
U03155,user_03155,11034,290,1385,676,Writer | minimal,1,50,6,0,U03155,U02451
U03156,user_03156,8239,276,1072,2086,Teacher | learning,1,141,18,0,U03156,U04022
U03157,user_03157,7323,392,493,1278,AI engineer | research,1,161,4,0,U03157,U04091
U03158,user_03158,2121,873,1752,800,Data scientist,1,220,20,0,U03158,U01388
U03159,bot_03159,24,1443,5853,56,Giveaway now,0,224,69,1,U03159,U01946
U03160,bot_03160,47,1646,5715,26,Giveaway now,0,410,136,1,U03160,U03550
U03161,user_03161,3339,597,472,1965,Teacher | learning,1,160,10,0,U03161,U02762
U03162,bot_03162,46,1559,8373,83,Earn fast,0,578,99,1,U03162,U00017
U03163,bot_03163,51,1779,6985,112,Giveaway now,0,233,179,1,U03163,U03822
U03164,user_03164,10084,828,1330,2432,Photographer,1,154,13,0,U03164,U03199
U03165,user_03165,8601,783,1104,539,Designer | coffee,1,27,13,0,U03165,U04841
U03166,user_03166,11781,548,1972,2149,Product manager,1,109,14,0,U03166,U02996
U03167,user_03167,8571,503,796,1054,Writer | minimal,1,134,4,0,U03167,U01279
U03168,user_03168,2483,869,1681,1959,Data scientist,1,113,2,0,U03168,U03136
U03169,user_03169,8105,223,375,639,Designer | coffee,1,95,10,0,U03169,U01823
U03170,bot_03170,53,2242,8310,73,Earn fast,0,292,93,1,U03170,U04194
U03171,user_03171,1981,205,214,1986,AI engineer | research,1,124,19,0,U03171,U02228
U03172,user_03172,1943,697,755,2496,Writer | minimal,1,56,2,0,U03172,U03340
U03173,bot_03173,69,1427,3997,64,DM for investment,0,537,80,1,U03173,U01879
U03174,bot_03174,23,1570,4433,91,Earn fast,0,279,96,1,U03174,U04392
U03175,user_03175,5653,359,2354,1088,Data scientist,1,111,20,0,U03175,U00262
U03176,bot_03176,16,1279,8949,116,Free followers,0,483,94,1,U03176,U04959
U03177,user_03177,4038,581,616,772,Teacher | learning,1,259,9,0,U03177,U00244
U03178,user_03178,5451,398,1505,2114,Cybersecurity analyst,1,257,6,0,U03178,U04347
U03179,user_03179,425,647,1384,781,Writer | minimal,1,183,13,0,U03179,U04560
U03180,user_03180,10110,675,2347,1284,AI engineer | research,1,27,6,0,U03180,U00597
U03181,bot_03181,43,1409,8095,56,Click link,0,564,180,1,U03181,U01988
U03182,user_03182,10347,540,717,2391,Data scientist,1,214,5,0,U03182,U02359
U03183,user_03183,7017,665,1378,827,Cybersecurity analyst,1,160,3,0,U03183,U00697
U03184,user_03184,11345,768,1114,392,Teacher | learning,1,118,9,0,U03184,U04078
U03185,user_03185,9462,857,302,1231,Designer | coffee,1,138,19,0,U03185,U01196
U03186,bot_03186,61,1713,4962,112,Promo only,0,406,136,1,U03186,U00113
U03187,user_03187,5738,765,1523,1710,Teacher | learning,1,254,17,0,U03187,U04853
U03188,user_03188,11733,221,2431,1439,AI engineer | research,1,67,20,0,U03188,U03434
U03189,user_03189,7343,780,400,1520,Photographer,1,111,6,0,U03189,U00122
U03190,user_03190,1094,597,1558,2021,Product manager,1,137,9,0,U03190,U03706
U03191,user_03191,6382,654,377,639,Cybersecurity analyst,1,122,12,0,U03191,U03639
U03192,user_03192,3948,628,2494,583,AI engineer | research,1,96,20,0,U03192,U01147
U03193,user_03193,10704,220,2297,1448,Photographer,1,69,17,0,U03193,U01317
U03194,user_03194,6817,502,1303,1534,Cybersecurity analyst,1,137,17,0,U03194,U02647
U03195,user_03195,449,744,1355,1054,Data scientist,1,81,6,0,U03195,U01427
U03196,bot_03196,70,1209,3261,55,Giveaway now,0,240,118,1,U03196,U01033
U03197,user_03197,5723,550,1210,1931,Teacher | learning,1,173,5,0,U03197,U04380
U03198,user_03198,7812,488,317,1873,Photographer,1,64,17,0,U03198,U00123
U03199,bot_03199,26,1955,6704,27,DM for investment,0,322,157,1,U03199,U01816
U03200,user_03200,10467,546,1392,1769,Designer | coffee,1,66,9,0,U03200,U02640
U03201,user_03201,2582,737,1784,1227,AI engineer | research,1,31,10,0,U03201,U01146
U03202,user_03202,6727,388,571,2112,Writer | minimal,1,60,5,0,U03202,U02421
U03203,user_03203,10134,342,736,408,Photographer,1,97,4,0,U03203,U03802
U03204,user_03204,3197,322,1671,1286,Photographer,1,171,7,0,U03204,U03134
U03205,user_03205,8079,205,1822,1206,AI engineer | research,1,52,13,0,U03205,U01765
U03206,bot_03206,34,2400,4285,84,Promo only,0,223,98,1,U03206,U02936
U03207,bot_03207,24,1292,6424,32,Earn fast,0,543,134,1,U03207,U00871
U03208,user_03208,10834,449,1066,1830,Writer | minimal,1,178,9,0,U03208,U04950
U03209,user_03209,10191,263,208,538,Cybersecurity analyst,1,185,2,0,U03209,U04766
U03210,user_03210,7349,301,1743,898,Photographer,1,67,12,0,U03210,U02301
U03211,user_03211,1348,726,1709,1749,AI engineer | research,1,173,11,0,U03211,U03683
U03212,user_03212,10485,346,1129,301,Product manager,1,93,13,0,U03212,U01120
U03213,user_03213,1657,594,2119,2206,Designer | coffee,1,254,19,0,U03213,U02334
U03214,user_03214,5045,651,1379,1303,Designer | coffee,1,133,2,0,U03214,U02423
U03215,user_03215,6079,400,627,628,Writer | minimal,1,191,16,0,U03215,U03506
U03216,user_03216,11957,638,1592,539,Writer | minimal,1,108,7,0,U03216,U03425
U03217,bot_03217,8,2378,4311,90,Giveaway now,0,244,165,1,U03217,U02631
U03218,user_03218,1200,616,503,545,Product manager,1,59,6,0,U03218,U00568
U03219,user_03219,6702,689,2440,2109,Writer | minimal,1,26,14,0,U03219,U03503
U03220,bot_03220,36,1477,4238,45,Earn fast,0,550,122,1,U03220,U04417
U03221,user_03221,2844,273,765,1850,Data scientist,1,229,18,0,U03221,U04200
U03222,user_03222,3915,709,543,640,Data scientist,1,93,6,0,U03222,U01578
U03223,bot_03223,8,1701,6715,63,DM for investment,0,595,176,1,U03223,U04668
U03224,user_03224,9550,352,1196,599,Data scientist,1,73,6,0,U03224,U03583
U03225,user_03225,11092,841,2257,1856,Cybersecurity analyst,1,117,8,0,U03225,U03922
U03226,user_03226,9071,464,623,2310,Product manager,1,188,19,0,U03226,U04071
U03227,user_03227,9640,273,1596,1161,Cybersecurity analyst,1,255,18,0,U03227,U00338
U03228,bot_03228,40,1262,6177,65,Free followers,0,283,149,1,U03228,U03219
U03229,user_03229,7362,655,1102,1810,Writer | minimal,1,36,6,0,U03229,U01500
U03230,user_03230,5476,553,1103,1319,Photographer,1,145,13,0,U03230,U02573
U03231,user_03231,6622,828,2122,1982,Writer | minimal,1,86,18,0,U03231,U04189
U03232,user_03232,7277,363,874,1441,Data scientist,1,228,20,0,U03232,U03012
U03233,user_03233,655,514,1866,865,Photographer,1,100,2,0,U03233,U04740
U03234,bot_03234,77,2057,5678,69,Click link,0,473,178,1,U03234,U00900
U03235,bot_03235,11,2063,4035,116,Free followers,0,429,172,1,U03235,U04033
U03236,bot_03236,34,1854,8752,22,Promo only,0,514,116,1,U03236,U01766
U03237,user_03237,4712,341,498,836,Data scientist,1,167,5,0,U03237,U03581
U03238,user_03238,11060,580,217,1062,Data scientist,1,57,8,0,U03238,U04043
U03239,user_03239,11597,884,225,1475,Writer | minimal,1,253,13,0,U03239,U04647
U03240,user_03240,2543,582,676,2428,Writer | minimal,1,94,3,0,U03240,U00199
U03241,bot_03241,72,1474,3766,57,Giveaway now,0,431,131,1,U03241,U01180
U03242,user_03242,3463,655,839,529,Data scientist,1,257,20,0,U03242,U02595
U03243,bot_03243,55,2199,6278,118,Earn fast,0,573,116,1,U03243,U03240
U03244,bot_03244,33,1487,7261,74,Earn fast,0,302,60,1,U03244,U00552
U03245,user_03245,2782,227,400,2421,Data scientist,1,94,18,0,U03245,U01037
U03246,user_03246,4447,756,1033,1138,Photographer,1,212,8,0,U03246,U03698
U03247,user_03247,6542,223,2286,981,Photographer,1,260,19,0,U03247,U04086
U03248,user_03248,10755,287,1047,1861,Data scientist,1,22,12,0,U03248,U04970
U03249,user_03249,7424,813,745,398,Photographer,1,163,13,0,U03249,U02294
U03250,user_03250,1151,316,969,896,Designer | coffee,1,86,13,0,U03250,U04620
U03251,user_03251,6430,251,203,617,Data scientist,1,47,12,0,U03251,U03208
U03252,bot_03252,49,2286,8860,108,Earn fast,0,562,142,1,U03252,U04431
U03253,user_03253,3851,736,2287,446,Designer | coffee,1,93,10,0,U03253,U00502
U03254,user_03254,4755,447,461,1727,Teacher | learning,1,123,14,0,U03254,U00622
U03255,user_03255,5709,395,2339,722,Product manager,1,90,18,0,U03255,U03911
U03256,user_03256,5538,560,2271,504,AI engineer | research,1,70,3,0,U03256,U00845
U03257,user_03257,8759,525,1762,1454,Writer | minimal,1,134,5,0,U03257,U03693
U03258,user_03258,891,293,352,933,Designer | coffee,1,247,16,0,U03258,U03317
U03259,user_03259,8936,772,1036,2281,Photographer,1,199,5,0,U03259,U00766
U03260,bot_03260,71,1997,6475,86,Earn fast,0,416,74,1,U03260,U04660
U03261,user_03261,6614,649,1659,2435,Cybersecurity analyst,1,71,8,0,U03261,U03391
U03262,bot_03262,10,1857,3230,62,Click link,0,474,86,1,U03262,U01554
U03263,user_03263,10845,752,474,1724,Writer | minimal,1,128,12,0,U03263,U01229
U03264,user_03264,4345,573,1180,1313,Cybersecurity analyst,1,168,20,0,U03264,U02313
U03265,bot_03265,56,1490,3772,79,Free followers,0,597,149,1,U03265,U02746
U03266,user_03266,1390,897,1552,2509,Photographer,1,228,10,0,U03266,U03505
U03267,user_03267,10208,413,217,1129,Teacher | learning,1,21,6,0,U03267,U01676
U03268,bot_03268,64,1566,6923,116,Promo only,0,396,115,1,U03268,U04589
U03269,user_03269,3936,461,1497,585,AI engineer | research,1,183,13,0,U03269,U01349
U03270,user_03270,8784,579,1428,2046,AI engineer | research,1,47,9,0,U03270,U04460
U03271,user_03271,3420,207,2392,2232,Writer | minimal,1,52,2,0,U03271,U01834
U03272,user_03272,3034,695,2146,2221,Designer | coffee,1,136,5,0,U03272,U04107
U03273,user_03273,5527,331,2169,2364,Product manager,1,255,14,0,U03273,U00009
U03274,user_03274,1307,208,2012,639,AI engineer | research,1,57,4,0,U03274,U01160
U03275,user_03275,4865,344,992,1509,Writer | minimal,1,192,11,0,U03275,U01775
U03276,user_03276,1149,557,2180,2131,Photographer,1,140,5,0,U03276,U00986
U03277,user_03277,9844,846,2144,743,Photographer,1,116,13,0,U03277,U02867
U03278,user_03278,6896,666,1865,1512,Product manager,1,30,14,0,U03278,U01596
U03279,user_03279,4658,216,271,1801,Data scientist,1,58,7,0,U03279,U01134
U03280,user_03280,6523,898,1693,1103,Product manager,1,219,16,0,U03280,U01494
U03281,bot_03281,16,2386,3622,117,Promo only,0,332,91,1,U03281,U00109
U03282,user_03282,6228,491,2158,1296,Designer | coffee,1,127,3,0,U03282,U02741
U03283,user_03283,10794,800,668,638,AI engineer | research,1,252,12,0,U03283,U00788
U03284,bot_03284,55,1510,6432,21,Earn fast,0,215,124,1,U03284,U01103
U03285,user_03285,9483,785,1055,1371,Teacher | learning,1,236,16,0,U03285,U04898
U03286,user_03286,9414,408,1103,1605,Product manager,1,93,18,0,U03286,U02935
U03287,user_03287,1762,814,965,741,Photographer,1,92,20,0,U03287,U03867
U03288,user_03288,4431,593,1193,2369,Photographer,1,256,15,0,U03288,U02324
U03289,user_03289,4233,359,293,1150,Cybersecurity analyst,1,43,17,0,U03289,U03340
U03290,user_03290,2696,730,781,1571,Teacher | learning,1,120,19,0,U03290,U02162
U03291,user_03291,10003,370,2240,826,AI engineer | research,1,94,2,0,U03291,U00282
U03292,user_03292,11364,873,778,385,AI engineer | research,1,159,14,0,U03292,U00708
U03293,user_03293,6476,217,1509,652,Teacher | learning,1,170,2,0,U03293,U02293
U03294,bot_03294,23,2214,3938,71,Giveaway now,0,533,85,1,U03294,U00468
U03295,user_03295,11704,402,1160,1611,Product manager,1,250,15,0,U03295,U03125
U03296,user_03296,3589,213,566,538,AI engineer | research,1,34,3,0,U03296,U04312
U03297,user_03297,9944,440,470,2565,Designer | coffee,1,133,18,0,U03297,U00030
U03298,user_03298,5374,744,383,1010,Teacher | learning,1,154,9,0,U03298,U02283
U03299,bot_03299,74,2429,4472,99,Promo only,0,549,66,1,U03299,U01886
U03300,bot_03300,38,1651,8188,76,Earn fast,0,413,114,1,U03300,U01987
U03301,user_03301,6753,374,2386,401,Cybersecurity analyst,1,151,4,0,U03301,U01124
U03302,user_03302,7330,732,473,1728,Data scientist,1,238,20,0,U03302,U03760
U03303,user_03303,4501,668,215,1723,Designer | coffee,1,253,9,0,U03303,U00724
U03304,bot_03304,49,2323,4737,106,DM for investment,0,599,154,1,U03304,U00069
U03305,user_03305,7388,709,1030,2134,Data scientist,1,178,18,0,U03305,U01143
U03306,bot_03306,79,1455,5526,37,Promo only,0,541,114,1,U03306,U01907
U03307,user_03307,6987,564,317,725,Photographer,1,123,17,0,U03307,U03924
U03308,user_03308,1910,721,2228,2260,Product manager,1,121,6,0,U03308,U03352
U03309,user_03309,7385,757,2354,1764,Photographer,1,26,4,0,U03309,U01323
U03310,user_03310,6878,376,850,1053,Photographer,1,128,15,0,U03310,U03637
U03311,user_03311,11623,727,245,1097,Designer | coffee,1,134,14,0,U03311,U03238
U03312,user_03312,5622,373,967,2554,AI engineer | research,1,254,19,0,U03312,U03800
U03313,user_03313,9863,447,1502,2493,Teacher | learning,1,47,6,0,U03313,U02797
U03314,user_03314,8168,676,823,2076,Photographer,1,102,17,0,U03314,U02428
U03315,bot_03315,29,2340,6025,114,Click link,0,472,63,1,U03315,U00241
U03316,user_03316,11942,497,711,2105,Teacher | learning,1,47,14,0,U03316,U03956
U03317,user_03317,3387,785,486,869,Photographer,1,171,13,0,U03317,U02875
U03318,user_03318,9055,745,2007,628,Data scientist,1,185,5,0,U03318,U04306
U03319,user_03319,1218,867,1678,478,Data scientist,1,21,7,0,U03319,U02210
U03320,user_03320,10762,385,2341,2131,Teacher | learning,1,163,17,0,U03320,U03794
U03321,user_03321,10563,438,268,878,AI engineer | research,1,170,8,0,U03321,U01012
U03322,bot_03322,24,1896,8190,21,Promo only,0,232,142,1,U03322,U03207
U03323,user_03323,891,705,1327,1000,Photographer,1,166,2,0,U03323,U04922
U03324,user_03324,3268,365,1130,1074,Designer | coffee,1,124,8,0,U03324,U04595
U03325,bot_03325,26,1285,3111,120,DM for investment,0,455,141,1,U03325,U00163
U03326,user_03326,4587,376,1776,2034,Writer | minimal,1,55,10,0,U03326,U02978
U03327,bot_03327,41,1250,8712,61,Giveaway now,0,453,173,1,U03327,U00754
U03328,user_03328,4839,512,1801,1805,Writer | minimal,1,250,15,0,U03328,U02095
U03329,bot_03329,53,2311,7038,120,Giveaway now,0,306,106,1,U03329,U02490
U03330,user_03330,6405,424,1241,1652,Data scientist,1,205,4,0,U03330,U03120
U03331,user_03331,9294,749,1915,1749,Product manager,1,257,18,0,U03331,U02193
U03332,user_03332,5160,775,1136,1746,Photographer,1,187,19,0,U03332,U01311
U03333,user_03333,8402,421,1978,1904,Teacher | learning,1,232,11,0,U03333,U01969
U03334,bot_03334,63,2168,5989,87,Promo only,0,441,60,1,U03334,U04989
U03335,user_03335,2906,866,1873,2597,Data scientist,1,75,10,0,U03335,U01998
U03336,user_03336,7355,811,1581,2493,AI engineer | research,1,28,13,0,U03336,U02504
U03337,user_03337,1276,569,330,1016,Photographer,1,156,10,0,U03337,U03797
U03338,bot_03338,6,1304,6750,45,Promo only,0,343,82,1,U03338,U01607
U03339,user_03339,11718,678,2030,1230,Cybersecurity analyst,1,254,17,0,U03339,U04836
U03340,user_03340,10702,553,219,1289,Designer | coffee,1,163,2,0,U03340,U03455
U03341,bot_03341,76,1919,3900,65,DM for investment,0,219,146,1,U03341,U00040
U03342,user_03342,5927,223,957,685,Teacher | learning,1,99,8,0,U03342,U01860
U03343,user_03343,2581,675,1284,1252,Writer | minimal,1,231,9,0,U03343,U02709
U03344,bot_03344,17,1428,4165,50,Promo only,0,536,105,1,U03344,U00240
U03345,user_03345,3033,610,1666,1056,Data scientist,1,246,16,0,U03345,U01221
U03346,user_03346,11369,589,950,1708,Teacher | learning,1,48,3,0,U03346,U04063
U03347,bot_03347,29,2334,8856,106,Click link,0,379,104,1,U03347,U02804
U03348,user_03348,4552,847,1966,467,Product manager,1,224,4,0,U03348,U02656
U03349,bot_03349,66,1823,5818,65,Giveaway now,0,360,156,1,U03349,U01802
U03350,user_03350,11744,232,1911,855,Designer | coffee,1,141,7,0,U03350,U03406
U03351,user_03351,4354,652,1224,1878,Designer | coffee,1,44,6,0,U03351,U02601
U03352,user_03352,6436,633,883,2042,Cybersecurity analyst,1,85,5,0,U03352,U03476
U03353,bot_03353,37,2276,3970,85,Free followers,0,535,116,1,U03353,U01309
U03354,bot_03354,12,2068,7677,49,Free followers,0,242,137,1,U03354,U01971
U03355,bot_03355,35,2466,7896,63,Giveaway now,0,237,115,1,U03355,U04048
U03356,user_03356,5391,543,333,1651,Cybersecurity analyst,1,204,20,0,U03356,U01025
U03357,user_03357,11832,628,2005,1232,Cybersecurity analyst,1,193,5,0,U03357,U01764
U03358,user_03358,4054,743,2477,2473,Teacher | learning,1,29,11,0,U03358,U00741
U03359,user_03359,10953,355,434,894,Photographer,1,114,9,0,U03359,U02440
U03360,user_03360,11433,348,2464,1019,Designer | coffee,1,221,9,0,U03360,U02018
U03361,user_03361,8023,570,1719,2108,Cybersecurity analyst,1,116,16,0,U03361,U04968
U03362,user_03362,2105,539,1399,399,Data scientist,1,211,11,0,U03362,U01590
U03363,user_03363,8841,407,1425,1318,Product manager,1,131,13,0,U03363,U00693
U03364,user_03364,11534,868,842,2281,Designer | coffee,1,143,5,0,U03364,U02628
U03365,bot_03365,23,2397,3939,106,DM for investment,0,439,137,1,U03365,U03194
U03366,user_03366,5866,265,2051,1175,Designer | coffee,1,239,7,0,U03366,U03501
U03367,bot_03367,15,1309,8989,84,Promo only,0,450,89,1,U03367,U01275
U03368,bot_03368,80,2326,5016,70,Earn fast,0,490,175,1,U03368,U02640
U03369,user_03369,11431,671,1982,2282,Teacher | learning,1,49,2,0,U03369,U01122
U03370,user_03370,11481,662,2196,304,Teacher | learning,1,133,11,0,U03370,U04874
U03371,user_03371,1626,582,1004,531,Teacher | learning,1,85,10,0,U03371,U00419
U03372,bot_03372,27,1212,4072,119,Giveaway now,0,530,108,1,U03372,U04266
U03373,bot_03373,68,2336,8021,24,Click link,0,309,155,1,U03373,U02837
U03374,user_03374,3086,808,1495,2360,Photographer,1,122,16,0,U03374,U00387
U03375,bot_03375,11,1757,3069,97,DM for investment,0,599,152,1,U03375,U02238
U03376,user_03376,11601,670,1625,1518,Cybersecurity analyst,1,180,4,0,U03376,U01967
U03377,user_03377,9175,717,594,482,Cybersecurity analyst,1,39,9,0,U03377,U03657
U03378,bot_03378,11,1842,3820,51,Free followers,0,325,95,1,U03378,U00493
U03379,bot_03379,44,1527,4219,20,Promo only,0,250,90,1,U03379,U04481
U03380,bot_03380,35,1555,3258,118,DM for investment,0,481,154,1,U03380,U00630
U03381,user_03381,11311,596,2342,797,Product manager,1,205,15,0,U03381,U03403
U03382,user_03382,4192,750,552,2261,AI engineer | research,1,82,14,0,U03382,U03817
U03383,user_03383,10007,513,2191,2054,AI engineer | research,1,143,7,0,U03383,U00351
U03384,bot_03384,21,1365,5105,109,Earn fast,0,567,72,1,U03384,U03883
U03385,user_03385,7783,316,1976,1288,Teacher | learning,1,88,19,0,U03385,U00226
U03386,user_03386,11298,745,1513,726,Writer | minimal,1,66,8,0,U03386,U00053
U03387,user_03387,1625,312,529,1384,Teacher | learning,1,224,11,0,U03387,U02127
U03388,user_03388,7186,820,2135,880,Teacher | learning,1,177,14,0,U03388,U02773
U03389,user_03389,2182,814,962,2157,Designer | coffee,1,129,17,0,U03389,U01936
U03390,user_03390,11512,319,2252,2349,Photographer,1,126,6,0,U03390,U01971
U03391,user_03391,6866,309,750,1945,Writer | minimal,1,215,14,0,U03391,U04456
U03392,bot_03392,8,1962,5977,83,Earn fast,0,306,118,1,U03392,U01603
U03393,user_03393,8897,689,1373,490,Product manager,1,62,6,0,U03393,U02365
U03394,user_03394,1427,509,1417,1901,Cybersecurity analyst,1,246,14,0,U03394,U04049
U03395,user_03395,3878,200,1415,752,Photographer,1,38,16,0,U03395,U00793
U03396,user_03396,3152,841,618,1834,Product manager,1,67,11,0,U03396,U00924
U03397,user_03397,9014,631,1048,2002,AI engineer | research,1,87,17,0,U03397,U02051
U03398,user_03398,6478,751,1787,2391,AI engineer | research,1,251,17,0,U03398,U01774
U03399,user_03399,9454,436,212,415,Product manager,1,91,19,0,U03399,U03985
U03400,user_03400,10797,433,1844,1229,Teacher | learning,1,196,4,0,U03400,U04724
U03401,user_03401,2675,808,665,986,Photographer,1,143,3,0,U03401,U02702
U03402,user_03402,4890,265,378,1382,Cybersecurity analyst,1,32,14,0,U03402,U04744
U03403,bot_03403,74,2125,4395,36,Click link,0,462,80,1,U03403,U03931
U03404,bot_03404,29,1241,3716,88,Giveaway now,0,258,117,1,U03404,U04780
U03405,user_03405,6861,867,418,2267,Data scientist,1,105,16,0,U03405,U04724
U03406,user_03406,4967,795,2038,532,Cybersecurity analyst,1,100,7,0,U03406,U00873
U03407,user_03407,2108,485,2437,1976,Photographer,1,222,12,0,U03407,U02916
U03408,user_03408,1855,766,2389,717,Photographer,1,260,2,0,U03408,U00631
U03409,user_03409,10652,520,1864,1296,Product manager,1,44,15,0,U03409,U00772
U03410,bot_03410,64,1950,5886,77,Free followers,0,291,155,1,U03410,U00847
U03411,user_03411,5298,823,1881,1192,Designer | coffee,1,144,19,0,U03411,U00727
U03412,user_03412,3761,738,419,1905,AI engineer | research,1,155,7,0,U03412,U00933
U03413,user_03413,10834,213,2246,614,Teacher | learning,1,129,17,0,U03413,U01545
U03414,user_03414,11696,375,670,1893,Photographer,1,76,8,0,U03414,U00988
U03415,user_03415,4266,278,2125,2458,AI engineer | research,1,104,10,0,U03415,U00372
U03416,user_03416,10164,257,1193,2250,Teacher | learning,1,192,7,0,U03416,U02424
U03417,user_03417,5754,715,1121,1699,Product manager,1,197,15,0,U03417,U04897
U03418,user_03418,9281,326,827,2273,Product manager,1,237,10,0,U03418,U04946
U03419,user_03419,2683,529,1600,733,Designer | coffee,1,132,10,0,U03419,U04917
U03420,user_03420,3318,530,2484,573,Writer | minimal,1,181,10,0,U03420,U03449
U03421,user_03421,2041,386,969,1962,Designer | coffee,1,227,3,0,U03421,U04441
U03422,user_03422,9662,812,1269,1766,Product manager,1,86,5,0,U03422,U04546
U03423,user_03423,4129,296,1485,1895,Product manager,1,75,3,0,U03423,U00072
U03424,user_03424,8005,812,1838,2435,AI engineer | research,1,189,12,0,U03424,U04810
U03425,user_03425,11139,513,1684,2505,Data scientist,1,138,6,0,U03425,U00264
U03426,user_03426,10315,819,920,740,Product manager,1,137,17,0,U03426,U02693
U03427,user_03427,1822,628,1840,2381,Product manager,1,36,4,0,U03427,U01768
U03428,user_03428,8008,396,1956,2154,Cybersecurity analyst,1,27,17,0,U03428,U00992
U03429,user_03429,4008,500,245,1038,Cybersecurity analyst,1,98,6,0,U03429,U01399
U03430,user_03430,4729,296,2351,1240,Photographer,1,227,3,0,U03430,U02013
U03431,bot_03431,35,2088,5561,59,Promo only,0,207,72,1,U03431,U00819
U03432,user_03432,5379,497,1299,988,Data scientist,1,95,19,0,U03432,U01273
U03433,user_03433,11247,231,844,1444,AI engineer | research,1,82,13,0,U03433,U04923
U03434,user_03434,7039,559,572,783,Photographer,1,191,18,0,U03434,U00534
U03435,user_03435,7124,480,233,1467,Writer | minimal,1,46,11,0,U03435,U02880
U03436,bot_03436,74,2469,8789,28,Earn fast,0,298,119,1,U03436,U02621
U03437,user_03437,10724,337,1429,1630,Cybersecurity analyst,1,43,3,0,U03437,U03159
U03438,user_03438,11234,272,311,1117,Teacher | learning,1,101,14,0,U03438,U02189
U03439,bot_03439,78,2415,4437,24,DM for investment,0,524,82,1,U03439,U03935
U03440,user_03440,6552,643,1934,1009,Teacher | learning,1,218,7,0,U03440,U01915
U03441,bot_03441,54,1391,7658,52,Earn fast,0,247,166,1,U03441,U04439
U03442,user_03442,3443,823,266,1244,Cybersecurity analyst,1,220,11,0,U03442,U02298
U03443,user_03443,2737,501,209,1850,Product manager,1,128,7,0,U03443,U02214
U03444,user_03444,3602,507,2319,2506,Product manager,1,174,9,0,U03444,U02109
U03445,bot_03445,52,1409,7315,68,Promo only,0,423,175,1,U03445,U02085
U03446,user_03446,8618,645,1682,1479,Product manager,1,64,11,0,U03446,U04605
U03447,bot_03447,22,2335,5701,63,Click link,0,210,117,1,U03447,U01673
U03448,user_03448,655,791,1622,968,Teacher | learning,1,214,19,0,U03448,U04988
U03449,user_03449,8157,846,233,1318,Photographer,1,165,15,0,U03449,U02322
U03450,user_03450,5587,815,593,2226,AI engineer | research,1,123,12,0,U03450,U02119
U03451,user_03451,9302,735,1024,318,Teacher | learning,1,29,20,0,U03451,U02245
U03452,bot_03452,70,2132,4738,55,Giveaway now,0,345,154,1,U03452,U03293
U03453,user_03453,8759,644,1960,2143,Data scientist,1,170,19,0,U03453,U03744
U03454,bot_03454,18,2137,8736,102,Free followers,0,211,171,1,U03454,U04787
U03455,bot_03455,38,2472,6607,30,DM for investment,0,241,63,1,U03455,U04290
U03456,user_03456,7640,305,1579,1906,Photographer,1,142,13,0,U03456,U03541
U03457,user_03457,300,868,1587,613,Photographer,1,158,18,0,U03457,U00164
U03458,user_03458,6597,703,1398,1368,Product manager,1,164,7,0,U03458,U02328
U03459,user_03459,6328,825,1981,2418,Data scientist,1,103,2,0,U03459,U02656
U03460,user_03460,572,861,1572,1975,Product manager,1,124,20,0,U03460,U03969
U03461,user_03461,1046,338,1282,1028,Photographer,1,223,19,0,U03461,U00591
U03462,user_03462,11818,749,887,1656,Designer | coffee,1,225,16,0,U03462,U02464
U03463,user_03463,2430,538,428,1285,Writer | minimal,1,157,12,0,U03463,U03505
U03464,user_03464,6466,508,2306,592,Product manager,1,181,15,0,U03464,U04238
U03465,user_03465,9687,450,1867,2590,Photographer,1,242,3,0,U03465,U01605
U03466,user_03466,6047,426,277,646,Cybersecurity analyst,1,25,4,0,U03466,U03599
U03467,user_03467,6482,815,1565,644,AI engineer | research,1,226,8,0,U03467,U02409
U03468,user_03468,8552,577,803,2305,Photographer,1,137,13,0,U03468,U03890
U03469,bot_03469,32,1993,5683,73,DM for investment,0,275,66,1,U03469,U03461
U03470,bot_03470,43,1776,4730,100,Free followers,0,504,93,1,U03470,U04168
U03471,user_03471,6485,450,1152,729,Cybersecurity analyst,1,157,4,0,U03471,U01608
U03472,bot_03472,61,2063,3727,81,Giveaway now,0,565,167,1,U03472,U00392
U03473,user_03473,3901,327,2028,1534,Writer | minimal,1,91,13,0,U03473,U03782
U03474,user_03474,3135,891,1893,856,Photographer,1,119,9,0,U03474,U03642
U03475,user_03475,11713,242,2286,2570,Writer | minimal,1,254,17,0,U03475,U02171
U03476,user_03476,6433,827,1316,1474,Data scientist,1,186,9,0,U03476,U04116
U03477,user_03477,2566,801,1650,1079,Data scientist,1,134,16,0,U03477,U00226
U03478,user_03478,4232,687,1794,2207,Writer | minimal,1,127,19,0,U03478,U02306
U03479,bot_03479,24,1246,6932,73,Earn fast,0,439,105,1,U03479,U02525
U03480,user_03480,6046,404,1420,661,Writer | minimal,1,39,12,0,U03480,U01702
U03481,user_03481,3707,260,438,432,Data scientist,1,184,3,0,U03481,U00275
U03482,user_03482,6404,607,1662,2373,Data scientist,1,58,9,0,U03482,U02158
U03483,user_03483,8907,541,1931,1796,Cybersecurity analyst,1,82,12,0,U03483,U01641
U03484,user_03484,2432,621,1960,430,AI engineer | research,1,181,2,0,U03484,U02132
U03485,user_03485,9649,280,487,545,Data scientist,1,208,9,0,U03485,U04792
U03486,user_03486,11206,570,1926,618,Photographer,1,40,18,0,U03486,U02576
U03487,user_03487,1721,760,616,1603,Writer | minimal,1,148,8,0,U03487,U02267
U03488,user_03488,1553,519,1455,2226,Designer | coffee,1,134,15,0,U03488,U04184
U03489,user_03489,10915,618,2293,2294,Data scientist,1,191,2,0,U03489,U03782
U03490,user_03490,7043,609,1770,2542,AI engineer | research,1,246,6,0,U03490,U03055
U03491,user_03491,6343,613,1605,1835,Designer | coffee,1,24,18,0,U03491,U02263
U03492,user_03492,11791,438,1148,314,Cybersecurity analyst,1,206,7,0,U03492,U04067
U03493,user_03493,4982,217,1492,1439,Product manager,1,234,17,0,U03493,U04383
U03494,user_03494,2848,268,1237,524,Product manager,1,110,4,0,U03494,U00723
U03495,user_03495,6461,233,1462,2284,Product manager,1,98,16,0,U03495,U01747
U03496,user_03496,1779,459,2058,2349,Data scientist,1,106,7,0,U03496,U03730
U03497,user_03497,5255,331,210,1069,Data scientist,1,103,10,0,U03497,U00845
U03498,bot_03498,26,1662,7133,81,Click link,0,530,88,1,U03498,U00673
U03499,user_03499,11473,616,1894,1570,Writer | minimal,1,256,17,0,U03499,U02478
U03500,bot_03500,16,1616,6002,29,DM for investment,0,458,146,1,U03500,U00071
U03501,bot_03501,70,1965,4602,54,Click link,0,414,158,1,U03501,U04379
U03502,user_03502,6022,415,2359,2503,Designer | coffee,1,113,7,0,U03502,U04006
U03503,user_03503,5671,551,437,2440,Cybersecurity analyst,1,97,4,0,U03503,U04539
U03504,user_03504,5711,569,2325,753,Teacher | learning,1,116,16,0,U03504,U01457
U03505,bot_03505,31,1398,7813,48,Promo only,0,359,128,1,U03505,U00752
U03506,user_03506,972,256,1003,2482,Photographer,1,36,10,0,U03506,U01549
U03507,user_03507,11827,821,908,1576,Designer | coffee,1,254,7,0,U03507,U04983
U03508,user_03508,9708,674,1191,513,Designer | coffee,1,235,20,0,U03508,U01421
U03509,bot_03509,45,1516,6868,44,Earn fast,0,351,71,1,U03509,U02423
U03510,user_03510,1743,401,1221,643,Teacher | learning,1,105,13,0,U03510,U01604
U03511,user_03511,1328,528,1115,459,Data scientist,1,68,3,0,U03511,U02432
U03512,bot_03512,61,2291,3720,105,Earn fast,0,564,72,1,U03512,U03337
U03513,user_03513,9295,510,1481,1609,Photographer,1,136,15,0,U03513,U01945
U03514,user_03514,5304,533,1443,790,Cybersecurity analyst,1,220,19,0,U03514,U04896
U03515,user_03515,2616,616,1293,1697,Photographer,1,59,3,0,U03515,U02514
U03516,user_03516,10427,305,293,2017,Photographer,1,46,14,0,U03516,U00765
U03517,bot_03517,72,1471,4311,105,Giveaway now,0,328,77,1,U03517,U01012
U03518,user_03518,2616,627,2262,815,Writer | minimal,1,58,4,0,U03518,U02916
U03519,user_03519,6888,374,1760,1862,Product manager,1,57,2,0,U03519,U02220
U03520,user_03520,11906,288,215,345,Product manager,1,108,20,0,U03520,U01140
U03521,user_03521,10689,848,1640,2316,Writer | minimal,1,53,6,0,U03521,U00403
U03522,user_03522,2887,349,324,490,Data scientist,1,185,16,0,U03522,U04579
U03523,user_03523,8382,331,1240,1083,Designer | coffee,1,162,16,0,U03523,U01186
U03524,user_03524,1747,502,1570,1062,Teacher | learning,1,250,3,0,U03524,U04193
U03525,user_03525,10827,223,803,2413,Photographer,1,122,2,0,U03525,U00360
U03526,user_03526,769,377,945,1373,Teacher | learning,1,23,15,0,U03526,U02462
U03527,user_03527,4617,661,1834,1697,AI engineer | research,1,30,20,0,U03527,U02107
U03528,user_03528,10696,714,2268,1653,Data scientist,1,131,14,0,U03528,U01674
U03529,bot_03529,54,1874,8136,65,DM for investment,0,420,163,1,U03529,U01807
U03530,user_03530,8363,743,2283,2390,Teacher | learning,1,133,14,0,U03530,U03487
U03531,user_03531,10349,838,1173,603,AI engineer | research,1,72,14,0,U03531,U03414
U03532,user_03532,2561,805,294,661,Photographer,1,45,8,0,U03532,U00075
U03533,user_03533,8196,803,1334,2131,AI engineer | research,1,251,4,0,U03533,U01756
U03534,user_03534,3696,537,696,1350,Teacher | learning,1,239,18,0,U03534,U02015
U03535,user_03535,9631,496,1461,600,Data scientist,1,170,5,0,U03535,U03766
U03536,user_03536,1082,570,1155,1560,Product manager,1,132,6,0,U03536,U04822
U03537,user_03537,1823,618,2142,1180,Teacher | learning,1,183,3,0,U03537,U01811
U03538,bot_03538,55,2210,3064,91,Promo only,0,330,170,1,U03538,U04236
U03539,user_03539,10569,741,1895,1658,Cybersecurity analyst,1,117,6,0,U03539,U03012
U03540,user_03540,11153,747,960,950,AI engineer | research,1,154,7,0,U03540,U00908
U03541,user_03541,2827,451,1729,1158,Teacher | learning,1,30,15,0,U03541,U03499
U03542,user_03542,5182,897,1930,2286,Writer | minimal,1,252,15,0,U03542,U04116
U03543,bot_03543,56,1770,5653,90,Click link,0,312,121,1,U03543,U02300
U03544,user_03544,9718,686,1571,900,Teacher | learning,1,40,9,0,U03544,U01644
U03545,bot_03545,66,1860,5823,107,Promo only,0,563,102,1,U03545,U01300
U03546,user_03546,11769,837,2201,1424,Data scientist,1,157,16,0,U03546,U00713
U03547,user_03547,1354,851,1392,2456,Photographer,1,118,7,0,U03547,U03636
U03548,user_03548,2271,867,682,2319,Teacher | learning,1,128,10,0,U03548,U01836
U03549,user_03549,6956,564,1503,594,Photographer,1,216,13,0,U03549,U02546
U03550,user_03550,10316,612,2004,2468,Product manager,1,173,15,0,U03550,U00066
U03551,user_03551,1116,779,1046,1737,Cybersecurity analyst,1,208,18,0,U03551,U00500
U03552,user_03552,6788,396,354,651,Writer | minimal,1,214,12,0,U03552,U01272
U03553,bot_03553,40,1496,4034,87,Promo only,0,343,157,1,U03553,U01762
U03554,user_03554,11159,814,885,2264,AI engineer | research,1,117,15,0,U03554,U04651
U03555,user_03555,4462,646,401,639,AI engineer | research,1,225,18,0,U03555,U02250
U03556,bot_03556,31,1602,5457,90,Click link,0,202,69,1,U03556,U01796
U03557,user_03557,4265,583,2358,1934,Designer | coffee,1,122,17,0,U03557,U02834
U03558,user_03558,4765,626,264,1713,Cybersecurity analyst,1,82,20,0,U03558,U03220
U03559,bot_03559,60,2192,5189,115,Giveaway now,0,406,141,1,U03559,U01129
U03560,user_03560,1087,844,1562,1144,Designer | coffee,1,121,11,0,U03560,U00878
U03561,user_03561,2809,743,1629,1974,Teacher | learning,1,133,6,0,U03561,U00349
U03562,bot_03562,15,1931,5629,112,Giveaway now,0,532,167,1,U03562,U01782
U03563,user_03563,621,889,2236,2159,Cybersecurity analyst,1,107,12,0,U03563,U00732
U03564,user_03564,6628,386,1907,1364,Photographer,1,75,13,0,U03564,U03914
U03565,user_03565,4674,495,1819,310,AI engineer | research,1,134,19,0,U03565,U03937
U03566,user_03566,1646,882,609,2367,Writer | minimal,1,36,16,0,U03566,U03070
U03567,user_03567,2809,786,1335,1524,Cybersecurity analyst,1,44,11,0,U03567,U02778
U03568,bot_03568,17,2079,5257,99,Promo only,0,477,82,1,U03568,U02004
U03569,user_03569,10852,544,2149,1414,Photographer,1,132,16,0,U03569,U02872
U03570,user_03570,5530,796,350,2271,Teacher | learning,1,24,13,0,U03570,U02483
U03571,user_03571,4614,864,1061,1553,Writer | minimal,1,76,15,0,U03571,U04036
U03572,bot_03572,57,2354,4431,38,Promo only,0,571,60,1,U03572,U02177
U03573,user_03573,1180,698,1858,1287,Teacher | learning,1,96,5,0,U03573,U01725
U03574,user_03574,7899,677,711,508,Designer | coffee,1,189,3,0,U03574,U01009
U03575,user_03575,10842,458,2093,2163,Data scientist,1,239,9,0,U03575,U02154
U03576,bot_03576,14,1737,8687,88,DM for investment,0,447,77,1,U03576,U02887
U03577,user_03577,7972,712,1579,1943,Product manager,1,85,5,0,U03577,U02807
U03578,user_03578,10685,699,1465,690,Teacher | learning,1,120,19,0,U03578,U03065
U03579,user_03579,10451,881,1486,921,Teacher | learning,1,80,6,0,U03579,U03055
U03580,user_03580,589,890,1609,2290,Writer | minimal,1,211,11,0,U03580,U02967
U03581,user_03581,1901,869,1874,1948,Data scientist,1,31,6,0,U03581,U00964
U03582,user_03582,7026,371,1176,1174,Writer | minimal,1,209,11,0,U03582,U00016
U03583,user_03583,7918,304,1230,1940,Writer | minimal,1,226,20,0,U03583,U00787
U03584,user_03584,8372,885,2203,1305,Teacher | learning,1,94,5,0,U03584,U02617
U03585,user_03585,983,730,1087,2345,Teacher | learning,1,260,11,0,U03585,U03297
U03586,bot_03586,64,1252,4564,97,Earn fast,0,398,72,1,U03586,U00638
U03587,user_03587,10388,894,327,461,Writer | minimal,1,214,5,0,U03587,U00289
U03588,user_03588,7836,786,1304,436,Photographer,1,145,19,0,U03588,U04894
U03589,bot_03589,72,1840,5570,107,Giveaway now,0,250,110,1,U03589,U01279
U03590,bot_03590,51,2384,4936,105,Promo only,0,481,158,1,U03590,U03476
U03591,user_03591,11389,455,1645,1110,Writer | minimal,1,222,15,0,U03591,U01968
U03592,user_03592,11339,564,2359,1969,AI engineer | research,1,31,17,0,U03592,U03723
U03593,bot_03593,73,2302,4756,54,DM for investment,0,598,70,1,U03593,U01889
U03594,user_03594,2044,398,229,604,AI engineer | research,1,89,8,0,U03594,U04945
U03595,user_03595,5377,368,2217,1568,Photographer,1,177,9,0,U03595,U03320
U03596,user_03596,3986,521,2165,1995,Data scientist,1,133,4,0,U03596,U04262
U03597,user_03597,3511,883,245,511,Product manager,1,254,16,0,U03597,U02984
U03598,user_03598,7459,573,2496,928,Cybersecurity analyst,1,119,2,0,U03598,U02808
U03599,bot_03599,58,1685,8975,80,Giveaway now,0,502,93,1,U03599,U00560
U03600,bot_03600,69,2271,6197,74,Earn fast,0,498,73,1,U03600,U01035
U03601,user_03601,3513,370,509,1380,Teacher | learning,1,180,7,0,U03601,U01304
U03602,user_03602,1653,310,2203,2538,Teacher | learning,1,165,6,0,U03602,U02508
U03603,user_03603,5517,662,1281,1417,Product manager,1,116,13,0,U03603,U01482
U03604,user_03604,5494,486,1373,612,Designer | coffee,1,48,18,0,U03604,U04361
U03605,user_03605,11707,550,549,1175,Product manager,1,117,16,0,U03605,U04188
U03606,user_03606,11558,546,791,537,Designer | coffee,1,72,19,0,U03606,U04859
U03607,bot_03607,59,2250,5465,119,Click link,0,251,128,1,U03607,U04069
U03608,user_03608,4562,591,751,979,Data scientist,1,27,4,0,U03608,U04279
U03609,bot_03609,36,1862,5186,27,DM for investment,0,249,74,1,U03609,U03629
U03610,bot_03610,31,1997,3093,45,Free followers,0,200,125,1,U03610,U03235
U03611,user_03611,7979,694,389,343,Photographer,1,127,17,0,U03611,U00889
U03612,user_03612,4186,676,1745,891,AI engineer | research,1,209,13,0,U03612,U03959
U03613,user_03613,8209,267,1904,1059,Cybersecurity analyst,1,44,17,0,U03613,U00343
U03614,user_03614,8877,728,1816,2597,Designer | coffee,1,32,11,0,U03614,U04105
U03615,user_03615,9709,427,383,1226,Photographer,1,246,7,0,U03615,U02437
U03616,user_03616,6863,462,1958,2213,Designer | coffee,1,96,5,0,U03616,U03288
U03617,bot_03617,34,2447,8584,22,Click link,0,398,160,1,U03617,U04663
U03618,bot_03618,77,2196,8285,21,DM for investment,0,317,98,1,U03618,U02755
U03619,user_03619,2175,810,2045,517,Designer | coffee,1,51,19,0,U03619,U03062
U03620,user_03620,1935,392,1826,2531,Photographer,1,56,20,0,U03620,U03806
U03621,user_03621,7875,483,917,782,Designer | coffee,1,105,9,0,U03621,U04902
U03622,bot_03622,55,1483,5792,41,Earn fast,0,405,161,1,U03622,U01152
U03623,bot_03623,59,2370,3205,90,Free followers,0,562,125,1,U03623,U03006
U03624,user_03624,8727,210,779,1249,Product manager,1,70,13,0,U03624,U04125
U03625,user_03625,3447,898,538,317,Writer | minimal,1,124,13,0,U03625,U01961
U03626,user_03626,5645,286,2166,1575,Photographer,1,106,10,0,U03626,U04702
U03627,bot_03627,49,1450,3212,40,Click link,0,576,70,1,U03627,U00386
U03628,user_03628,1748,354,2424,1301,Teacher | learning,1,68,4,0,U03628,U03012
U03629,user_03629,10700,796,2175,348,Teacher | learning,1,258,9,0,U03629,U04939
U03630,user_03630,8373,704,533,2290,Product manager,1,199,2,0,U03630,U00268
U03631,user_03631,8497,662,433,1542,Data scientist,1,38,6,0,U03631,U03130
U03632,bot_03632,16,2003,5075,89,Giveaway now,0,318,157,1,U03632,U04549
U03633,user_03633,3721,444,2035,1877,Designer | coffee,1,163,10,0,U03633,U04566
U03634,user_03634,6914,668,2103,2084,AI engineer | research,1,239,3,0,U03634,U03177
U03635,user_03635,5381,532,2063,1255,Writer | minimal,1,235,4,0,U03635,U01937
U03636,bot_03636,33,1562,5164,94,Giveaway now,0,415,155,1,U03636,U03697
U03637,user_03637,8489,470,1593,776,Data scientist,1,219,2,0,U03637,U04447
U03638,user_03638,9038,244,1443,2097,Designer | coffee,1,205,8,0,U03638,U04436
U03639,bot_03639,49,1992,3160,63,Free followers,0,348,80,1,U03639,U00422
U03640,user_03640,9862,568,1424,2255,Designer | coffee,1,125,5,0,U03640,U00881
U03641,bot_03641,78,2168,6212,59,Click link,0,430,106,1,U03641,U02877
U03642,user_03642,7858,353,2296,2167,Photographer,1,58,7,0,U03642,U04724
U03643,bot_03643,69,1891,5198,107,DM for investment,0,212,157,1,U03643,U04752
U03644,bot_03644,69,1728,8613,68,Click link,0,470,169,1,U03644,U03415
U03645,bot_03645,60,1976,8927,95,DM for investment,0,573,136,1,U03645,U03341
U03646,bot_03646,71,1470,6356,120,Earn fast,0,480,120,1,U03646,U03628
U03647,user_03647,7774,649,1734,2218,Photographer,1,30,8,0,U03647,U01183
U03648,user_03648,8442,679,952,2118,AI engineer | research,1,37,4,0,U03648,U03587
U03649,user_03649,6158,326,732,2568,Cybersecurity analyst,1,172,15,0,U03649,U01536
U03650,user_03650,832,616,2410,987,Cybersecurity analyst,1,93,8,0,U03650,U01900
U03651,bot_03651,35,1306,4172,47,DM for investment,0,515,135,1,U03651,U02067
U03652,user_03652,669,610,312,1847,Product manager,1,164,10,0,U03652,U00019
U03653,user_03653,5932,870,734,1081,Photographer,1,107,16,0,U03653,U02647
U03654,user_03654,10110,512,570,859,Product manager,1,149,12,0,U03654,U03952
U03655,user_03655,1095,233,1766,1385,Teacher | learning,1,84,18,0,U03655,U02354
U03656,user_03656,5881,451,636,776,AI engineer | research,1,168,18,0,U03656,U02097
U03657,bot_03657,49,1836,4172,87,DM for investment,0,203,101,1,U03657,U03638
U03658,user_03658,5259,335,1695,1664,Writer | minimal,1,224,2,0,U03658,U04565
U03659,user_03659,7251,763,2371,2129,AI engineer | research,1,159,14,0,U03659,U01479
U03660,bot_03660,80,1466,4382,35,Earn fast,0,327,173,1,U03660,U03937
U03661,bot_03661,16,2472,8874,61,Free followers,0,486,111,1,U03661,U01711
U03662,user_03662,9748,877,739,2511,Writer | minimal,1,227,17,0,U03662,U01307
U03663,user_03663,8809,708,1031,612,Data scientist,1,84,7,0,U03663,U04649
U03664,user_03664,6996,377,663,2241,Photographer,1,254,20,0,U03664,U02538
U03665,user_03665,7297,208,1160,1097,AI engineer | research,1,214,7,0,U03665,U03859
U03666,bot_03666,46,1360,8747,25,Free followers,0,291,127,1,U03666,U02558
U03667,user_03667,1599,353,286,902,AI engineer | research,1,194,7,0,U03667,U00674
U03668,user_03668,8313,569,1418,1801,Photographer,1,89,4,0,U03668,U02257
U03669,user_03669,10450,340,479,527,Photographer,1,242,10,0,U03669,U03401
U03670,bot_03670,64,1854,8326,114,Earn fast,0,209,159,1,U03670,U02913
U03671,bot_03671,78,2116,5071,55,Earn fast,0,287,165,1,U03671,U01883
U03672,user_03672,6824,256,2171,2489,Data scientist,1,252,12,0,U03672,U04448
U03673,user_03673,3390,406,254,1825,Cybersecurity analyst,1,149,17,0,U03673,U01949
U03674,user_03674,3841,607,2390,342,Designer | coffee,1,129,3,0,U03674,U02127
U03675,user_03675,10038,357,1138,851,Designer | coffee,1,122,17,0,U03675,U02195
U03676,user_03676,9008,550,2248,708,AI engineer | research,1,178,16,0,U03676,U00784
U03677,user_03677,2050,779,1970,2333,Cybersecurity analyst,1,175,17,0,U03677,U00227
U03678,user_03678,6040,275,735,489,Cybersecurity analyst,1,50,19,0,U03678,U04504
U03679,user_03679,6080,329,1175,1229,Writer | minimal,1,200,6,0,U03679,U00031
U03680,user_03680,9726,862,1009,2252,Cybersecurity analyst,1,169,12,0,U03680,U04862
U03681,user_03681,5930,748,1723,1621,Designer | coffee,1,227,5,0,U03681,U03518
U03682,user_03682,10201,861,2017,641,AI engineer | research,1,92,7,0,U03682,U03823
U03683,user_03683,7828,509,653,1568,Data scientist,1,254,7,0,U03683,U04599
U03684,user_03684,4203,796,1887,949,Teacher | learning,1,118,6,0,U03684,U04926
U03685,bot_03685,74,1686,8677,28,Giveaway now,0,291,98,1,U03685,U04712
U03686,user_03686,7997,660,1165,2078,Writer | minimal,1,201,16,0,U03686,U01408
U03687,user_03687,4525,504,983,1552,Data scientist,1,70,12,0,U03687,U03789
U03688,user_03688,2999,818,1741,1782,Teacher | learning,1,141,5,0,U03688,U03327
U03689,user_03689,5336,428,2323,476,AI engineer | research,1,233,7,0,U03689,U01855
U03690,user_03690,9048,862,276,1515,Writer | minimal,1,52,11,0,U03690,U04762
U03691,user_03691,1128,841,325,504,AI engineer | research,1,165,11,0,U03691,U04927
U03692,bot_03692,50,2189,4868,81,Click link,0,412,76,1,U03692,U01375
U03693,user_03693,11679,341,715,1799,AI engineer | research,1,86,6,0,U03693,U01809
U03694,user_03694,10123,436,417,646,AI engineer | research,1,203,10,0,U03694,U00822
U03695,user_03695,2729,677,1190,745,Writer | minimal,1,201,5,0,U03695,U01511
U03696,user_03696,6788,518,469,1359,Photographer,1,145,12,0,U03696,U04683
U03697,user_03697,508,211,469,2436,Product manager,1,88,6,0,U03697,U01782
U03698,user_03698,10307,740,1317,2136,Cybersecurity analyst,1,225,11,0,U03698,U01294
U03699,user_03699,10742,448,1523,2009,Writer | minimal,1,195,15,0,U03699,U03905
U03700,user_03700,1650,561,1220,381,Cybersecurity analyst,1,222,7,0,U03700,U03534
U03701,user_03701,2979,508,2104,1267,AI engineer | research,1,123,12,0,U03701,U00350
U03702,user_03702,2647,819,265,455,Photographer,1,200,3,0,U03702,U02463
U03703,user_03703,6961,269,1476,1533,Writer | minimal,1,57,16,0,U03703,U02044
U03704,user_03704,11861,532,1502,1364,Data scientist,1,188,3,0,U03704,U01443
U03705,user_03705,2347,610,2218,888,Photographer,1,205,3,0,U03705,U03629
U03706,user_03706,4685,784,1120,1104,Photographer,1,98,9,0,U03706,U04813
U03707,bot_03707,45,1634,8503,95,Giveaway now,0,293,161,1,U03707,U02841
U03708,bot_03708,65,2342,8684,48,DM for investment,0,371,118,1,U03708,U02033
U03709,user_03709,8671,300,1106,1308,Product manager,1,25,17,0,U03709,U02272
U03710,user_03710,10606,895,1052,506,Photographer,1,66,9,0,U03710,U02542
U03711,bot_03711,27,1512,5401,117,Click link,0,443,179,1,U03711,U00178
U03712,user_03712,9126,583,981,2178,Product manager,1,60,3,0,U03712,U01886
U03713,user_03713,5611,274,1837,497,Cybersecurity analyst,1,52,9,0,U03713,U02676
U03714,bot_03714,8,2198,8805,31,Click link,0,387,105,1,U03714,U04378
U03715,user_03715,1187,801,1292,514,Cybersecurity analyst,1,89,6,0,U03715,U02451
U03716,user_03716,6743,512,491,622,Teacher | learning,1,171,7,0,U03716,U03050
U03717,user_03717,2456,528,1152,2391,Writer | minimal,1,225,3,0,U03717,U04235
U03718,bot_03718,16,1710,5828,22,Giveaway now,0,378,151,1,U03718,U01829
U03719,user_03719,5380,825,1240,580,Designer | coffee,1,177,17,0,U03719,U02730
U03720,user_03720,5445,566,2232,796,Photographer,1,248,14,0,U03720,U01890
U03721,bot_03721,70,2493,8321,36,DM for investment,0,342,112,1,U03721,U00143
U03722,user_03722,7354,323,1881,849,Teacher | learning,1,236,4,0,U03722,U03544
U03723,bot_03723,21,1218,3006,78,Earn fast,0,423,180,1,U03723,U02562
U03724,bot_03724,24,1312,5575,97,Free followers,0,487,144,1,U03724,U04104
U03725,user_03725,11238,867,1920,2124,Data scientist,1,137,4,0,U03725,U01556
U03726,user_03726,11649,632,298,2369,AI engineer | research,1,30,20,0,U03726,U00896
U03727,bot_03727,41,2055,3786,26,Promo only,0,575,87,1,U03727,U01219
U03728,user_03728,8712,737,2251,2582,Product manager,1,45,19,0,U03728,U00314
U03729,user_03729,6701,872,669,1880,Designer | coffee,1,260,9,0,U03729,U03340
U03730,user_03730,8051,748,1643,662,Photographer,1,155,13,0,U03730,U04882
U03731,bot_03731,49,2485,3288,104,Click link,0,502,108,1,U03731,U03279
U03732,user_03732,9086,364,1757,2260,AI engineer | research,1,65,18,0,U03732,U00099
U03733,user_03733,2857,699,841,307,Designer | coffee,1,205,19,0,U03733,U02379
U03734,user_03734,10659,397,2076,1163,Data scientist,1,110,15,0,U03734,U00146
U03735,user_03735,3958,229,2385,1209,Writer | minimal,1,32,14,0,U03735,U04264
U03736,user_03736,9868,843,1720,722,Teacher | learning,1,184,10,0,U03736,U02327
U03737,user_03737,3649,621,2090,625,Writer | minimal,1,86,14,0,U03737,U02159
U03738,user_03738,7423,588,2357,2409,Writer | minimal,1,205,15,0,U03738,U03053
U03739,bot_03739,76,1891,7025,32,Click link,0,243,114,1,U03739,U02903
U03740,user_03740,6052,884,1696,1947,Product manager,1,73,11,0,U03740,U00733
U03741,user_03741,10553,871,1997,1158,AI engineer | research,1,170,6,0,U03741,U00266
U03742,bot_03742,72,1908,6510,62,DM for investment,0,588,161,1,U03742,U01968
U03743,user_03743,11826,688,2174,1291,Designer | coffee,1,24,8,0,U03743,U03101
U03744,user_03744,9429,692,643,958,Designer | coffee,1,234,15,0,U03744,U03041
U03745,user_03745,8172,889,829,351,Cybersecurity analyst,1,238,5,0,U03745,U02152
U03746,user_03746,2569,583,1388,1680,AI engineer | research,1,102,2,0,U03746,U02803
U03747,user_03747,813,719,349,2555,Writer | minimal,1,235,8,0,U03747,U03289
U03748,user_03748,4181,732,2288,2259,Photographer,1,54,11,0,U03748,U00798
U03749,user_03749,516,407,1355,1318,AI engineer | research,1,154,9,0,U03749,U00226
U03750,bot_03750,15,1796,4830,60,Click link,0,280,138,1,U03750,U01852
U03751,user_03751,8356,484,635,2092,Photographer,1,165,20,0,U03751,U02574
U03752,user_03752,7071,596,825,2397,Product manager,1,178,17,0,U03752,U02943
U03753,bot_03753,53,1521,4190,63,Click link,0,279,117,1,U03753,U03312
U03754,bot_03754,26,1460,5046,24,Click link,0,266,88,1,U03754,U00320
U03755,user_03755,7969,662,618,1055,Teacher | learning,1,112,4,0,U03755,U04249
U03756,user_03756,1012,468,618,2415,AI engineer | research,1,237,7,0,U03756,U02760
U03757,bot_03757,56,2083,3355,110,Earn fast,0,477,162,1,U03757,U01473
U03758,bot_03758,21,2199,7318,90,Click link,0,350,158,1,U03758,U03981
U03759,user_03759,851,797,2480,1863,Photographer,1,224,8,0,U03759,U00680
U03760,user_03760,8060,600,1522,2559,Data scientist,1,227,11,0,U03760,U02482
U03761,bot_03761,23,1527,5126,108,Click link,0,484,79,1,U03761,U04397
U03762,user_03762,6737,395,488,1300,Product manager,1,242,16,0,U03762,U03785
U03763,bot_03763,51,1285,4854,29,Promo only,0,256,176,1,U03763,U00259
U03764,user_03764,6530,895,1759,798,Designer | coffee,1,255,10,0,U03764,U04951
U03765,user_03765,11269,787,1874,326,AI engineer | research,1,118,4,0,U03765,U02161
U03766,user_03766,1815,713,708,717,Cybersecurity analyst,1,228,20,0,U03766,U02584
U03767,user_03767,6499,873,785,1544,Photographer,1,205,17,0,U03767,U04590
U03768,user_03768,3763,496,459,485,Designer | coffee,1,76,10,0,U03768,U02302
U03769,bot_03769,13,2256,3849,34,Earn fast,0,487,141,1,U03769,U02557
U03770,bot_03770,48,1375,8713,110,Click link,0,318,80,1,U03770,U00949
U03771,user_03771,9921,884,209,1568,AI engineer | research,1,99,16,0,U03771,U04116
U03772,user_03772,322,786,1325,495,Writer | minimal,1,226,14,0,U03772,U00820
U03773,user_03773,8546,669,2356,1171,Product manager,1,37,2,0,U03773,U00857
U03774,user_03774,6094,599,1313,1589,Cybersecurity analyst,1,141,6,0,U03774,U03750
U03775,user_03775,8039,814,1300,523,AI engineer | research,1,136,10,0,U03775,U01823
U03776,bot_03776,62,1743,5115,99,Promo only,0,521,134,1,U03776,U04303
U03777,user_03777,10200,435,1211,736,Photographer,1,201,9,0,U03777,U02367
U03778,bot_03778,56,1815,3580,20,DM for investment,0,397,62,1,U03778,U01375
U03779,user_03779,7687,559,1157,567,AI engineer | research,1,199,19,0,U03779,U02849
U03780,user_03780,6797,447,558,448,Photographer,1,40,2,0,U03780,U02723
U03781,user_03781,1850,369,1519,1225,Photographer,1,121,3,0,U03781,U02365
U03782,bot_03782,40,2102,5380,86,Promo only,0,404,119,1,U03782,U02461
U03783,user_03783,6502,850,2325,1412,Designer | coffee,1,150,10,0,U03783,U03829
U03784,bot_03784,36,2030,3872,23,Free followers,0,227,177,1,U03784,U03839
U03785,bot_03785,14,2110,6983,117,Free followers,0,313,143,1,U03785,U02566
U03786,user_03786,5378,809,1008,1127,Writer | minimal,1,228,3,0,U03786,U04324
U03787,bot_03787,14,2105,3873,93,Free followers,0,560,157,1,U03787,U00427
U03788,user_03788,4855,830,296,997,Data scientist,1,256,4,0,U03788,U02348
U03789,user_03789,6143,542,1932,2133,Product manager,1,91,9,0,U03789,U01912
U03790,user_03790,8803,510,1867,1702,Product manager,1,115,7,0,U03790,U04650
U03791,user_03791,8165,896,308,1164,Teacher | learning,1,206,9,0,U03791,U01998
U03792,user_03792,1207,518,937,1875,Teacher | learning,1,180,14,0,U03792,U01757
U03793,user_03793,2129,828,2156,2169,Writer | minimal,1,80,5,0,U03793,U01774
U03794,user_03794,5271,637,833,1418,Cybersecurity analyst,1,149,17,0,U03794,U01607
U03795,user_03795,9477,557,2354,1840,Product manager,1,239,12,0,U03795,U01257
U03796,user_03796,11094,597,2466,2156,Data scientist,1,189,4,0,U03796,U00641
U03797,user_03797,4255,480,1022,809,Photographer,1,249,17,0,U03797,U03608
U03798,user_03798,7352,206,1696,1790,Writer | minimal,1,163,5,0,U03798,U01876
U03799,user_03799,7877,822,713,785,Photographer,1,245,5,0,U03799,U01117
U03800,user_03800,6742,801,2482,1069,Data scientist,1,259,13,0,U03800,U03221
U03801,user_03801,3718,806,2391,2134,Data scientist,1,23,5,0,U03801,U02685
U03802,user_03802,380,436,1172,1326,Writer | minimal,1,189,6,0,U03802,U00812
U03803,user_03803,6773,607,818,1783,AI engineer | research,1,102,6,0,U03803,U02698
U03804,bot_03804,27,1997,3439,20,Earn fast,0,224,145,1,U03804,U00911
U03805,user_03805,1207,285,1538,2037,Designer | coffee,1,38,15,0,U03805,U04796
U03806,user_03806,9505,464,1233,2406,Designer | coffee,1,40,6,0,U03806,U01893
U03807,bot_03807,76,2248,4146,103,Promo only,0,591,84,1,U03807,U02482
U03808,user_03808,6451,786,409,2596,Writer | minimal,1,238,14,0,U03808,U01048
U03809,bot_03809,32,1350,3502,53,Promo only,0,540,93,1,U03809,U01023
U03810,user_03810,7938,843,1203,1990,Teacher | learning,1,239,13,0,U03810,U03433
U03811,bot_03811,22,1458,3588,118,DM for investment,0,471,130,1,U03811,U01145
U03812,bot_03812,32,1367,7311,113,Click link,0,403,165,1,U03812,U00996
U03813,user_03813,1334,853,1114,419,Photographer,1,59,8,0,U03813,U02145
U03814,user_03814,11609,842,1987,1277,Product manager,1,128,18,0,U03814,U02596
U03815,user_03815,10285,805,470,1995,Photographer,1,236,16,0,U03815,U02244
U03816,bot_03816,36,1501,4845,120,Earn fast,0,495,145,1,U03816,U04683
U03817,user_03817,11090,383,1606,873,Cybersecurity analyst,1,221,19,0,U03817,U03296
U03818,user_03818,1966,379,1758,1284,Data scientist,1,138,20,0,U03818,U04957
U03819,user_03819,9600,528,877,1063,Photographer,1,100,7,0,U03819,U02108
U03820,user_03820,11503,732,1340,1317,Photographer,1,225,15,0,U03820,U04156
U03821,bot_03821,19,1352,5532,120,Earn fast,0,313,88,1,U03821,U03491
U03822,user_03822,10212,732,300,1612,Writer | minimal,1,163,17,0,U03822,U00698
U03823,user_03823,5498,556,428,1891,Writer | minimal,1,198,7,0,U03823,U04348
U03824,user_03824,10290,253,903,1759,Cybersecurity analyst,1,167,5,0,U03824,U00130
U03825,user_03825,4665,599,1164,2216,Photographer,1,63,5,0,U03825,U01463
U03826,user_03826,6801,604,292,1186,Teacher | learning,1,57,8,0,U03826,U04168
U03827,user_03827,9068,206,917,1608,Writer | minimal,1,108,20,0,U03827,U03838
U03828,user_03828,7760,784,1001,1770,Teacher | learning,1,145,20,0,U03828,U02837
U03829,bot_03829,23,1721,8896,77,Earn fast,0,337,147,1,U03829,U00603
U03830,bot_03830,32,2001,6735,21,Promo only,0,311,150,1,U03830,U03488
U03831,bot_03831,50,2004,8348,79,Earn fast,0,420,73,1,U03831,U01314
U03832,user_03832,9403,498,856,1140,AI engineer | research,1,73,2,0,U03832,U04449
U03833,bot_03833,55,1710,3262,115,DM for investment,0,460,149,1,U03833,U04736
U03834,user_03834,10593,458,2488,870,Product manager,1,150,16,0,U03834,U01404
U03835,user_03835,944,683,2336,2449,Cybersecurity analyst,1,71,4,0,U03835,U03616
U03836,bot_03836,59,1923,5380,89,DM for investment,0,378,79,1,U03836,U00022
U03837,user_03837,407,265,2039,392,Cybersecurity analyst,1,160,11,0,U03837,U04463
U03838,user_03838,11333,271,1989,956,Product manager,1,145,15,0,U03838,U03241
U03839,user_03839,2872,839,1540,1747,AI engineer | research,1,104,4,0,U03839,U00151
U03840,user_03840,1623,233,2302,770,Data scientist,1,178,11,0,U03840,U01056
U03841,bot_03841,27,1625,8653,26,Free followers,0,206,86,1,U03841,U00088
U03842,user_03842,2505,332,1185,1619,Product manager,1,29,6,0,U03842,U00024
U03843,user_03843,3419,885,1312,883,Product manager,1,244,10,0,U03843,U03743
U03844,user_03844,3653,788,669,2080,Cybersecurity analyst,1,216,20,0,U03844,U04590
U03845,bot_03845,19,2051,8811,70,Free followers,0,313,75,1,U03845,U03493
U03846,user_03846,9444,682,1451,337,AI engineer | research,1,83,8,0,U03846,U02083
U03847,user_03847,4440,265,277,1895,Photographer,1,45,15,0,U03847,U02162
U03848,user_03848,370,231,2438,1477,AI engineer | research,1,94,12,0,U03848,U00818
U03849,user_03849,11046,297,2206,1967,Photographer,1,96,6,0,U03849,U01393
U03850,user_03850,9906,332,1411,692,AI engineer | research,1,50,13,0,U03850,U02604
U03851,user_03851,11018,824,1870,2002,Designer | coffee,1,45,8,0,U03851,U02703
U03852,user_03852,11905,539,1725,954,Cybersecurity analyst,1,198,9,0,U03852,U01091
U03853,user_03853,9355,249,1528,2361,Product manager,1,234,19,0,U03853,U03736
U03854,user_03854,10719,511,1162,1732,AI engineer | research,1,255,10,0,U03854,U02508
U03855,user_03855,6928,378,1592,1112,AI engineer | research,1,172,13,0,U03855,U00873
U03856,bot_03856,47,1525,5659,60,Free followers,0,459,147,1,U03856,U01488
U03857,user_03857,11836,756,2461,2504,AI engineer | research,1,65,14,0,U03857,U01811
U03858,bot_03858,61,1765,7354,95,Earn fast,0,209,90,1,U03858,U02087
U03859,user_03859,6177,746,2278,328,Writer | minimal,1,200,20,0,U03859,U00965
U03860,user_03860,7374,269,1467,837,Teacher | learning,1,65,9,0,U03860,U02691
U03861,user_03861,5133,876,1692,1041,Teacher | learning,1,31,12,0,U03861,U04617
U03862,user_03862,5562,655,2231,661,Writer | minimal,1,47,8,0,U03862,U04854
U03863,user_03863,3961,218,1451,1657,Cybersecurity analyst,1,139,15,0,U03863,U03623
U03864,user_03864,5627,899,626,659,Teacher | learning,1,119,2,0,U03864,U04347
U03865,user_03865,938,311,1627,987,Product manager,1,66,5,0,U03865,U01651
U03866,user_03866,8847,809,1739,548,Product manager,1,21,18,0,U03866,U02231
U03867,user_03867,11453,272,732,2379,Product manager,1,182,20,0,U03867,U00058
U03868,user_03868,8423,487,1799,733,Product manager,1,209,5,0,U03868,U04688
U03869,user_03869,10770,690,718,2210,Photographer,1,46,12,0,U03869,U00399
U03870,user_03870,3909,416,2333,2289,Teacher | learning,1,211,19,0,U03870,U01193
U03871,user_03871,10830,774,2297,1924,Data scientist,1,151,5,0,U03871,U01924
U03872,user_03872,7958,605,1194,509,AI engineer | research,1,202,20,0,U03872,U00034
U03873,user_03873,8433,801,1365,1517,Teacher | learning,1,220,10,0,U03873,U03790
U03874,user_03874,10827,875,1234,1568,AI engineer | research,1,90,5,0,U03874,U03702
U03875,user_03875,3091,636,754,1879,Data scientist,1,183,12,0,U03875,U01903
U03876,user_03876,7704,563,646,1901,Product manager,1,27,10,0,U03876,U02793
U03877,user_03877,8744,414,2312,1649,AI engineer | research,1,180,20,0,U03877,U03786
U03878,user_03878,11835,786,1957,1790,Writer | minimal,1,149,12,0,U03878,U04157
U03879,user_03879,11308,708,1551,2006,Designer | coffee,1,190,19,0,U03879,U03100
U03880,user_03880,5369,423,1455,459,AI engineer | research,1,145,8,0,U03880,U03628
U03881,user_03881,1903,677,2107,1888,Teacher | learning,1,44,8,0,U03881,U00210
U03882,user_03882,342,703,2280,2489,Cybersecurity analyst,1,75,14,0,U03882,U01218
U03883,bot_03883,69,1858,5314,21,DM for investment,0,320,175,1,U03883,U03349
U03884,user_03884,10196,548,732,2570,Cybersecurity analyst,1,105,3,0,U03884,U01837
U03885,bot_03885,22,2004,5580,45,DM for investment,0,281,118,1,U03885,U02569
U03886,user_03886,11947,538,686,1466,Cybersecurity analyst,1,179,16,0,U03886,U02151
U03887,user_03887,1178,392,772,824,Writer | minimal,1,82,10,0,U03887,U03992
U03888,bot_03888,59,2454,5701,24,Giveaway now,0,499,91,1,U03888,U02925
U03889,user_03889,5947,662,371,909,Photographer,1,29,3,0,U03889,U00931
U03890,user_03890,1506,399,1912,1566,Data scientist,1,87,13,0,U03890,U03852
U03891,user_03891,2121,363,641,2556,Designer | coffee,1,164,9,0,U03891,U01209
U03892,user_03892,533,628,1530,421,Designer | coffee,1,132,14,0,U03892,U01261
U03893,bot_03893,24,2308,8317,50,Giveaway now,0,535,150,1,U03893,U00217
U03894,user_03894,5150,490,1917,2583,Product manager,1,197,13,0,U03894,U00036
U03895,user_03895,6378,578,1526,1693,AI engineer | research,1,168,12,0,U03895,U01033
U03896,user_03896,3777,540,1955,327,Writer | minimal,1,147,17,0,U03896,U04415
U03897,user_03897,11312,519,1086,1250,Writer | minimal,1,185,6,0,U03897,U03359
U03898,user_03898,3440,790,452,1376,AI engineer | research,1,193,15,0,U03898,U00240
U03899,user_03899,11675,450,1839,1844,Photographer,1,204,6,0,U03899,U04611
U03900,bot_03900,28,1506,3508,92,Click link,0,427,107,1,U03900,U00192
U03901,user_03901,7802,820,352,2068,AI engineer | research,1,184,16,0,U03901,U00550
U03902,user_03902,11411,310,907,458,Product manager,1,34,8,0,U03902,U02072
U03903,user_03903,843,668,1987,2248,Designer | coffee,1,248,7,0,U03903,U03133
U03904,bot_03904,14,2328,8317,44,Giveaway now,0,551,90,1,U03904,U01895
U03905,user_03905,10707,274,845,1847,Designer | coffee,1,220,6,0,U03905,U00021
U03906,user_03906,3975,225,2167,648,Photographer,1,60,7,0,U03906,U00346
U03907,user_03907,9462,328,795,2392,Writer | minimal,1,79,16,0,U03907,U02292
U03908,bot_03908,11,1846,5343,99,Free followers,0,486,101,1,U03908,U04436
U03909,user_03909,7589,370,2442,895,Product manager,1,35,14,0,U03909,U01235
U03910,bot_03910,71,1252,3648,41,Promo only,0,415,133,1,U03910,U00435
U03911,user_03911,4538,625,1916,1797,Teacher | learning,1,148,20,0,U03911,U01126
U03912,user_03912,4735,702,1872,353,Photographer,1,236,20,0,U03912,U00160
U03913,user_03913,4646,650,837,1352,Cybersecurity analyst,1,254,12,0,U03913,U02964
U03914,user_03914,7722,763,2107,1326,Data scientist,1,140,17,0,U03914,U00116
U03915,user_03915,11717,820,1316,2006,Writer | minimal,1,101,17,0,U03915,U03754
U03916,user_03916,1166,644,553,882,Writer | minimal,1,251,18,0,U03916,U01255
U03917,user_03917,2840,608,2339,551,Cybersecurity analyst,1,223,6,0,U03917,U03286
U03918,user_03918,1466,859,1746,1353,AI engineer | research,1,50,16,0,U03918,U00011
U03919,user_03919,8372,276,2313,2037,Photographer,1,28,12,0,U03919,U03259
U03920,user_03920,473,406,504,1944,Writer | minimal,1,116,11,0,U03920,U04729
U03921,user_03921,10719,265,791,2209,Product manager,1,169,18,0,U03921,U01010
U03922,user_03922,4600,336,2480,1778,Data scientist,1,80,13,0,U03922,U00682
U03923,user_03923,595,286,550,2578,AI engineer | research,1,194,10,0,U03923,U04279
U03924,user_03924,11808,321,2130,304,Photographer,1,197,18,0,U03924,U03981
U03925,user_03925,1983,575,898,461,Designer | coffee,1,142,16,0,U03925,U00450
U03926,user_03926,4973,259,1367,1226,Teacher | learning,1,77,15,0,U03926,U03627
U03927,user_03927,7722,355,1402,1988,Teacher | learning,1,41,3,0,U03927,U00552
U03928,bot_03928,78,1201,3419,106,Earn fast,0,440,66,1,U03928,U04067
U03929,user_03929,6232,228,923,348,Cybersecurity analyst,1,115,3,0,U03929,U02851
U03930,user_03930,9562,684,869,1240,AI engineer | research,1,200,7,0,U03930,U00671
U03931,bot_03931,27,2469,6855,66,Promo only,0,519,161,1,U03931,U03878
U03932,user_03932,7848,890,1567,1242,Teacher | learning,1,242,15,0,U03932,U04875
U03933,user_03933,7694,516,1242,984,Photographer,1,108,6,0,U03933,U02113
U03934,user_03934,3015,257,1352,641,Designer | coffee,1,123,11,0,U03934,U02861
U03935,user_03935,3760,651,1394,461,Designer | coffee,1,260,13,0,U03935,U01538
U03936,bot_03936,34,2109,6471,116,Promo only,0,402,154,1,U03936,U04981
U03937,user_03937,9042,317,1743,319,Teacher | learning,1,234,18,0,U03937,U02814
U03938,user_03938,1748,668,1433,490,Data scientist,1,224,13,0,U03938,U03203
U03939,user_03939,1591,481,1317,442,Product manager,1,151,3,0,U03939,U02765
U03940,user_03940,3100,490,384,1756,Data scientist,1,133,10,0,U03940,U02710
U03941,bot_03941,78,2342,6577,46,Click link,0,293,93,1,U03941,U01995
U03942,user_03942,7531,805,647,698,Designer | coffee,1,250,5,0,U03942,U00465
U03943,user_03943,8788,580,490,2488,Photographer,1,84,15,0,U03943,U04192
U03944,user_03944,11249,529,1110,979,Teacher | learning,1,39,9,0,U03944,U04726
U03945,user_03945,8493,881,1058,514,Product manager,1,229,16,0,U03945,U02253
U03946,user_03946,9014,208,363,939,Data scientist,1,57,15,0,U03946,U01269
U03947,user_03947,8415,878,749,335,Data scientist,1,105,12,0,U03947,U04479
U03948,user_03948,9711,729,2183,2544,Cybersecurity analyst,1,241,5,0,U03948,U00527
U03949,user_03949,4918,681,1246,2511,Data scientist,1,91,16,0,U03949,U03167
U03950,bot_03950,27,2395,5030,78,Giveaway now,0,253,121,1,U03950,U04487
U03951,user_03951,11477,685,938,630,Designer | coffee,1,87,15,0,U03951,U03753
U03952,bot_03952,48,2296,3388,54,DM for investment,0,376,162,1,U03952,U01483
U03953,user_03953,7310,834,2262,2423,Writer | minimal,1,186,16,0,U03953,U03856
U03954,user_03954,4867,537,2300,1356,Data scientist,1,246,16,0,U03954,U00568
U03955,bot_03955,5,1436,8000,37,Promo only,0,569,179,1,U03955,U01746
U03956,user_03956,353,536,1981,1045,Teacher | learning,1,198,16,0,U03956,U00525
U03957,user_03957,9826,413,1228,1843,AI engineer | research,1,249,9,0,U03957,U00909
U03958,bot_03958,40,2281,5345,120,Promo only,0,350,121,1,U03958,U01986
U03959,user_03959,11262,557,1867,786,Teacher | learning,1,255,4,0,U03959,U03356
U03960,user_03960,6887,339,741,1283,Writer | minimal,1,242,3,0,U03960,U00232
U03961,user_03961,5793,828,1233,2423,Product manager,1,27,12,0,U03961,U00837
U03962,user_03962,2451,333,2041,1526,AI engineer | research,1,81,9,0,U03962,U01747
U03963,user_03963,11362,380,2215,576,Cybersecurity analyst,1,157,15,0,U03963,U02329
U03964,user_03964,6069,628,970,556,Cybersecurity analyst,1,224,5,0,U03964,U00627
U03965,bot_03965,6,2206,7460,43,Free followers,0,485,175,1,U03965,U04421
U03966,user_03966,1078,604,1904,617,Teacher | learning,1,101,11,0,U03966,U04184
U03967,user_03967,6875,585,1148,1748,Data scientist,1,130,12,0,U03967,U00655
U03968,user_03968,770,369,2456,2439,Cybersecurity analyst,1,65,12,0,U03968,U00623
U03969,user_03969,11158,735,2413,1861,AI engineer | research,1,130,20,0,U03969,U02590
U03970,user_03970,10350,479,1797,2454,Cybersecurity analyst,1,214,11,0,U03970,U04398
U03971,user_03971,2861,745,1373,2139,Teacher | learning,1,246,3,0,U03971,U01263
U03972,bot_03972,15,1651,8525,41,Promo only,0,515,129,1,U03972,U03771
U03973,bot_03973,26,1629,4305,22,Free followers,0,306,171,1,U03973,U03127
U03974,user_03974,5100,329,2012,2268,Cybersecurity analyst,1,159,14,0,U03974,U03502
U03975,user_03975,11808,879,1584,1062,Writer | minimal,1,140,6,0,U03975,U03103
U03976,user_03976,4284,353,225,2371,Writer | minimal,1,253,17,0,U03976,U04597
U03977,bot_03977,39,2096,3655,115,DM for investment,0,203,112,1,U03977,U04399
U03978,bot_03978,33,1744,8224,101,Giveaway now,0,377,164,1,U03978,U03017
U03979,user_03979,5905,635,910,1090,Writer | minimal,1,186,6,0,U03979,U04094
U03980,user_03980,898,257,1243,1654,Teacher | learning,1,74,12,0,U03980,U04785
U03981,user_03981,1297,328,2093,1203,Cybersecurity analyst,1,210,6,0,U03981,U04512
U03982,user_03982,7642,223,1478,968,AI engineer | research,1,221,10,0,U03982,U01249
U03983,user_03983,5833,497,1881,2434,Writer | minimal,1,174,9,0,U03983,U03754
U03984,user_03984,5103,306,625,2002,Designer | coffee,1,142,19,0,U03984,U02947
U03985,user_03985,7203,852,1369,1937,Product manager,1,242,16,0,U03985,U04323
U03986,user_03986,5924,589,241,1516,Data scientist,1,91,18,0,U03986,U03533
U03987,user_03987,4039,412,967,1030,Cybersecurity analyst,1,179,4,0,U03987,U02322
U03988,user_03988,5711,560,2389,2205,AI engineer | research,1,255,16,0,U03988,U00087
U03989,user_03989,7234,365,1179,1372,Data scientist,1,260,12,0,U03989,U01308
U03990,user_03990,820,699,1889,398,Teacher | learning,1,182,19,0,U03990,U01691
U03991,bot_03991,21,1296,4846,51,Earn fast,0,494,125,1,U03991,U00962
U03992,bot_03992,69,2221,3746,117,Promo only,0,392,78,1,U03992,U01834
U03993,bot_03993,59,2325,8116,26,Promo only,0,364,174,1,U03993,U00621
U03994,bot_03994,7,1439,5998,47,Click link,0,305,118,1,U03994,U01620
U03995,user_03995,7810,221,729,2142,Writer | minimal,1,145,7,0,U03995,U00581
U03996,user_03996,6541,574,1967,1807,Data scientist,1,138,20,0,U03996,U02896
U03997,user_03997,5880,781,1605,1819,Teacher | learning,1,114,2,0,U03997,U02656
U03998,user_03998,4232,844,1784,848,Writer | minimal,1,164,4,0,U03998,U00940
U03999,user_03999,6272,493,504,2590,Cybersecurity analyst,1,77,13,0,U03999,U02564
U04000,bot_04000,51,1493,3505,78,Promo only,0,542,159,1,U04000,U04102
U04001,bot_04001,14,2007,8325,60,Earn fast,0,249,171,1,U04001,U05000
U04002,user_04002,3330,294,1426,1832,Data scientist,1,145,11,0,U04002,U02619
U04003,bot_04003,31,1282,8446,37,Free followers,0,442,140,1,U04003,U02147
U04004,user_04004,721,725,2440,879,Product manager,1,96,3,0,U04004,U02969
U04005,user_04005,4264,376,575,990,Data scientist,1,208,11,0,U04005,U00079
U04006,user_04006,3132,796,1020,2087,AI engineer | research,1,79,11,0,U04006,U04718
U04007,user_04007,3184,290,2459,458,Teacher | learning,1,112,7,0,U04007,U03918
U04008,user_04008,9851,781,450,410,Data scientist,1,92,17,0,U04008,U00726
U04009,bot_04009,35,1515,5661,58,Earn fast,0,408,61,1,U04009,U04536
U04010,user_04010,1724,316,1035,1539,Data scientist,1,209,9,0,U04010,U04116
U04011,user_04011,8049,270,1027,1177,Cybersecurity analyst,1,173,15,0,U04011,U03783
U04012,user_04012,7115,289,960,2321,Cybersecurity analyst,1,81,11,0,U04012,U00951
U04013,user_04013,2769,226,877,653,Designer | coffee,1,246,8,0,U04013,U01834
U04014,bot_04014,42,2412,5501,91,Promo only,0,217,80,1,U04014,U04307
U04015,user_04015,1131,769,2432,2463,Photographer,1,202,4,0,U04015,U03377
U04016,user_04016,6205,361,971,779,Designer | coffee,1,231,20,0,U04016,U04717
U04017,user_04017,891,725,831,587,Product manager,1,191,8,0,U04017,U02630
U04018,user_04018,9501,411,585,2111,Photographer,1,58,9,0,U04018,U03267
U04019,user_04019,5221,270,2183,648,Designer | coffee,1,22,8,0,U04019,U00944
U04020,user_04020,8150,497,346,1615,Designer | coffee,1,228,2,0,U04020,U01960
U04021,user_04021,2903,223,1219,1415,Teacher | learning,1,224,10,0,U04021,U03522
U04022,bot_04022,68,1356,5097,86,Free followers,0,443,158,1,U04022,U02826
U04023,bot_04023,68,2129,5840,116,Click link,0,560,79,1,U04023,U03763
U04024,bot_04024,14,1972,4711,35,DM for investment,0,401,63,1,U04024,U04076
U04025,user_04025,8554,278,580,524,AI engineer | research,1,100,16,0,U04025,U01540
U04026,user_04026,9693,826,1752,1142,Photographer,1,35,15,0,U04026,U03782
U04027,bot_04027,49,2416,7976,55,Promo only,0,406,176,1,U04027,U03252
U04028,user_04028,10205,451,760,1315,AI engineer | research,1,75,16,0,U04028,U00240
U04029,user_04029,11460,525,2341,336,Writer | minimal,1,220,2,0,U04029,U00539
U04030,user_04030,1095,772,1923,1110,Product manager,1,83,7,0,U04030,U02444
U04031,bot_04031,8,2031,5765,88,Click link,0,598,122,1,U04031,U02338
U04032,user_04032,9175,738,2461,1089,Product manager,1,179,7,0,U04032,U03835
U04033,user_04033,385,791,2218,1063,Teacher | learning,1,56,18,0,U04033,U04438
U04034,user_04034,2616,582,2454,1683,Teacher | learning,1,210,10,0,U04034,U02592
U04035,user_04035,2144,416,668,2023,Product manager,1,220,2,0,U04035,U02547
U04036,user_04036,3004,440,1954,2330,Product manager,1,158,19,0,U04036,U04488
U04037,user_04037,3502,605,988,895,AI engineer | research,1,81,19,0,U04037,U00267
U04038,user_04038,4156,621,1245,2098,Data scientist,1,113,18,0,U04038,U03386
U04039,user_04039,4780,729,1964,2264,Designer | coffee,1,202,10,0,U04039,U03219
U04040,bot_04040,16,1466,3316,71,Free followers,0,316,73,1,U04040,U02728
U04041,user_04041,3063,788,2011,2269,Designer | coffee,1,122,3,0,U04041,U02132
U04042,user_04042,5246,204,2300,723,Data scientist,1,48,10,0,U04042,U00652
U04043,user_04043,3220,757,661,1576,Photographer,1,202,8,0,U04043,U00561
U04044,bot_04044,73,1980,3968,33,Earn fast,0,357,109,1,U04044,U01625
U04045,user_04045,1547,291,2315,981,Teacher | learning,1,122,2,0,U04045,U02800
U04046,user_04046,10631,476,1752,1736,Cybersecurity analyst,1,252,10,0,U04046,U03263
U04047,user_04047,4343,588,2274,1346,Writer | minimal,1,256,9,0,U04047,U03704
U04048,bot_04048,39,1255,4625,57,Giveaway now,0,546,94,1,U04048,U02579
U04049,user_04049,5837,780,1650,1980,AI engineer | research,1,221,15,0,U04049,U00073
U04050,bot_04050,5,1376,3759,96,DM for investment,0,411,142,1,U04050,U01247
U04051,user_04051,2754,425,2340,1841,Writer | minimal,1,224,20,0,U04051,U02188
U04052,user_04052,11612,301,2022,1150,Product manager,1,119,18,0,U04052,U04384
U04053,user_04053,1206,794,1530,2147,Product manager,1,25,20,0,U04053,U02119
U04054,bot_04054,78,1374,6329,107,Promo only,0,384,64,1,U04054,U00930
U04055,bot_04055,57,1731,3157,50,Promo only,0,340,164,1,U04055,U02064
U04056,user_04056,3393,685,2098,438,Cybersecurity analyst,1,23,15,0,U04056,U03990
U04057,user_04057,5718,876,1573,808,Teacher | learning,1,98,7,0,U04057,U02090
U04058,user_04058,6643,638,1548,1502,Writer | minimal,1,55,4,0,U04058,U02898
U04059,user_04059,2436,686,1604,990,AI engineer | research,1,148,2,0,U04059,U00920
U04060,user_04060,1395,863,2030,1138,Writer | minimal,1,89,11,0,U04060,U04752
U04061,user_04061,4962,526,954,1259,Photographer,1,100,5,0,U04061,U01744
U04062,user_04062,2959,632,1340,2406,Designer | coffee,1,175,17,0,U04062,U00379
U04063,bot_04063,61,1226,6810,91,Giveaway now,0,252,76,1,U04063,U02326
U04064,user_04064,5835,659,1859,606,AI engineer | research,1,208,9,0,U04064,U02217
U04065,user_04065,9577,508,2491,1454,Cybersecurity analyst,1,43,11,0,U04065,U02009
U04066,user_04066,6044,353,2419,1127,Writer | minimal,1,183,8,0,U04066,U01385
U04067,user_04067,8031,567,1860,2314,Designer | coffee,1,166,19,0,U04067,U01705
U04068,bot_04068,22,2049,5668,68,Free followers,0,340,141,1,U04068,U03870
U04069,bot_04069,15,1899,7240,91,Giveaway now,0,266,173,1,U04069,U00531
U04070,user_04070,7979,238,2337,1437,Writer | minimal,1,38,2,0,U04070,U04726
U04071,bot_04071,58,1444,3623,58,Click link,0,405,92,1,U04071,U03128
U04072,user_04072,1638,305,2267,1287,Writer | minimal,1,35,20,0,U04072,U02976
U04073,user_04073,3125,509,2204,1171,Teacher | learning,1,207,18,0,U04073,U01514
U04074,bot_04074,66,1798,7583,106,Free followers,0,572,123,1,U04074,U00039
U04075,bot_04075,76,2347,3991,100,DM for investment,0,275,103,1,U04075,U01414
U04076,user_04076,1853,360,554,2572,Cybersecurity analyst,1,232,2,0,U04076,U01360
U04077,user_04077,9667,799,447,1975,Photographer,1,190,14,0,U04077,U00160
U04078,bot_04078,60,1938,8889,46,Promo only,0,481,87,1,U04078,U02958
U04079,user_04079,7015,514,1848,2469,AI engineer | research,1,54,5,0,U04079,U00114
U04080,bot_04080,65,1219,7863,22,DM for investment,0,428,65,1,U04080,U03993
U04081,user_04081,1295,740,2297,2007,Product manager,1,255,15,0,U04081,U01346
U04082,bot_04082,9,2368,7217,50,Click link,0,339,124,1,U04082,U04865
U04083,bot_04083,60,2207,8919,58,Free followers,0,476,116,1,U04083,U01442
U04084,user_04084,5995,260,2144,1473,Teacher | learning,1,192,10,0,U04084,U03236
U04085,user_04085,2482,637,2128,1918,Designer | coffee,1,112,10,0,U04085,U04900
U04086,user_04086,8527,305,2029,1411,Teacher | learning,1,147,17,0,U04086,U00029
U04087,user_04087,961,398,1458,1667,Cybersecurity analyst,1,215,6,0,U04087,U00500
U04088,bot_04088,27,2013,8009,48,DM for investment,0,229,87,1,U04088,U03187
U04089,user_04089,4489,553,903,1820,Product manager,1,133,9,0,U04089,U00083
U04090,user_04090,840,672,1256,460,Product manager,1,207,14,0,U04090,U02745
U04091,bot_04091,70,1902,4201,102,Free followers,0,276,94,1,U04091,U03275
U04092,user_04092,6330,325,712,1703,Product manager,1,201,19,0,U04092,U03951
U04093,user_04093,9716,807,301,553,Product manager,1,204,13,0,U04093,U03273
U04094,user_04094,6987,814,1055,1095,Photographer,1,54,17,0,U04094,U01889
U04095,bot_04095,38,1465,4224,88,Free followers,0,381,149,1,U04095,U01306
U04096,user_04096,8813,436,2106,872,Writer | minimal,1,249,9,0,U04096,U01448
U04097,bot_04097,79,1625,3835,24,DM for investment,0,319,163,1,U04097,U03863
U04098,user_04098,11751,254,228,2525,Data scientist,1,197,20,0,U04098,U01168
U04099,user_04099,4412,234,1037,2125,Product manager,1,22,10,0,U04099,U01566
U04100,bot_04100,30,1453,8179,100,Promo only,0,475,173,1,U04100,U01725
U04101,user_04101,6315,608,537,823,AI engineer | research,1,112,17,0,U04101,U02207
U04102,user_04102,7507,303,2345,1822,Writer | minimal,1,212,5,0,U04102,U03449
U04103,user_04103,6618,753,267,1881,Teacher | learning,1,95,13,0,U04103,U02517
U04104,user_04104,11623,347,592,1805,Product manager,1,145,19,0,U04104,U03798
U04105,user_04105,2877,645,1385,423,Cybersecurity analyst,1,102,8,0,U04105,U03689
U04106,bot_04106,59,2269,7336,66,Click link,0,515,86,1,U04106,U01088
U04107,user_04107,9411,418,355,1205,Writer | minimal,1,174,16,0,U04107,U04243
U04108,user_04108,11403,416,528,1824,Cybersecurity analyst,1,25,9,0,U04108,U00775
U04109,user_04109,6429,795,1922,1714,Designer | coffee,1,224,13,0,U04109,U00245
U04110,bot_04110,6,2011,6570,75,Promo only,0,577,143,1,U04110,U03317
U04111,user_04111,903,612,2074,1214,Photographer,1,96,17,0,U04111,U03859
U04112,bot_04112,43,2363,7726,106,DM for investment,0,472,114,1,U04112,U01166
U04113,user_04113,6171,830,564,303,Teacher | learning,1,79,18,0,U04113,U01518
U04114,user_04114,7995,590,891,925,Teacher | learning,1,46,12,0,U04114,U04637
U04115,user_04115,4265,893,2009,1508,Photographer,1,72,20,0,U04115,U01867
U04116,user_04116,4513,829,1579,1483,Teacher | learning,1,21,8,0,U04116,U02625
U04117,user_04117,4985,624,1683,2083,Product manager,1,219,13,0,U04117,U00611
U04118,user_04118,8713,702,1089,428,Designer | coffee,1,33,6,0,U04118,U00129
U04119,user_04119,7963,408,1757,1840,Teacher | learning,1,76,7,0,U04119,U03200
U04120,user_04120,7856,409,961,996,Data scientist,1,206,8,0,U04120,U04137
U04121,user_04121,9545,418,467,2045,AI engineer | research,1,190,14,0,U04121,U00787
U04122,user_04122,846,817,242,1538,Photographer,1,160,18,0,U04122,U03247
U04123,user_04123,675,652,1051,931,Data scientist,1,125,11,0,U04123,U03665
U04124,user_04124,9436,784,1009,2221,Teacher | learning,1,151,13,0,U04124,U02289
U04125,bot_04125,60,1319,8049,105,DM for investment,0,211,136,1,U04125,U04061
U04126,bot_04126,58,1799,8793,104,Giveaway now,0,538,106,1,U04126,U04582
U04127,bot_04127,41,1916,7020,51,Free followers,0,566,94,1,U04127,U03567
U04128,user_04128,5217,461,2222,1174,Writer | minimal,1,196,9,0,U04128,U04499
U04129,user_04129,11957,533,735,2352,Teacher | learning,1,166,2,0,U04129,U03187
U04130,user_04130,1739,766,983,2112,Writer | minimal,1,158,11,0,U04130,U03626
U04131,bot_04131,72,2305,7116,50,DM for investment,0,427,95,1,U04131,U02163
U04132,user_04132,10232,612,2281,1606,AI engineer | research,1,178,8,0,U04132,U03237
U04133,bot_04133,46,1318,4227,50,Promo only,0,223,125,1,U04133,U04848
U04134,user_04134,6688,487,1810,977,Data scientist,1,87,9,0,U04134,U01903
U04135,user_04135,8957,615,1551,1024,Designer | coffee,1,48,7,0,U04135,U02914
U04136,user_04136,4152,716,2050,560,AI engineer | research,1,21,18,0,U04136,U01717
U04137,user_04137,5384,629,1390,1863,Data scientist,1,129,2,0,U04137,U04813
U04138,user_04138,3772,688,1848,1363,Writer | minimal,1,132,10,0,U04138,U03526
U04139,user_04139,9849,325,535,2045,Cybersecurity analyst,1,40,7,0,U04139,U00949
U04140,user_04140,1025,443,1859,1582,Photographer,1,109,19,0,U04140,U04119
U04141,user_04141,11800,271,381,473,Designer | coffee,1,221,11,0,U04141,U02572
U04142,user_04142,3930,420,1087,1827,Photographer,1,53,19,0,U04142,U03286
U04143,bot_04143,33,2255,5570,60,Earn fast,0,583,60,1,U04143,U01371
U04144,user_04144,8195,397,2324,347,Designer | coffee,1,47,2,0,U04144,U01511
U04145,user_04145,6096,676,587,2519,AI engineer | research,1,43,13,0,U04145,U03153
U04146,user_04146,11016,292,1409,774,Teacher | learning,1,68,14,0,U04146,U00297
U04147,user_04147,5805,323,588,1211,Photographer,1,233,20,0,U04147,U04361
U04148,user_04148,8519,643,2217,614,AI engineer | research,1,143,2,0,U04148,U02550
U04149,user_04149,2718,811,1035,967,Teacher | learning,1,212,19,0,U04149,U00142
U04150,user_04150,11801,303,1930,642,Product manager,1,59,20,0,U04150,U01701
U04151,user_04151,1516,399,1344,1745,AI engineer | research,1,61,6,0,U04151,U04609
U04152,user_04152,4644,242,413,1173,Writer | minimal,1,142,4,0,U04152,U04064
U04153,user_04153,9404,557,1778,932,Data scientist,1,203,16,0,U04153,U04432
U04154,bot_04154,56,1417,3559,108,Free followers,0,292,175,1,U04154,U01076
U04155,user_04155,10944,435,443,1890,Designer | coffee,1,171,13,0,U04155,U03518
U04156,user_04156,11339,295,888,751,Photographer,1,50,19,0,U04156,U00394
U04157,user_04157,1339,755,535,797,Product manager,1,190,6,0,U04157,U04987
U04158,user_04158,3505,260,945,1629,Writer | minimal,1,111,20,0,U04158,U04758
U04159,user_04159,2522,260,1957,917,Data scientist,1,76,5,0,U04159,U02793
U04160,user_04160,9392,873,2268,731,Photographer,1,236,2,0,U04160,U00883
U04161,user_04161,6928,760,398,1480,Teacher | learning,1,111,2,0,U04161,U01338
U04162,bot_04162,23,1300,4778,74,Earn fast,0,203,126,1,U04162,U03318
U04163,user_04163,1991,770,254,1336,AI engineer | research,1,85,15,0,U04163,U04433
U04164,user_04164,11634,825,2246,718,Product manager,1,85,3,0,U04164,U02238
U04165,user_04165,5635,469,1348,1743,AI engineer | research,1,27,14,0,U04165,U04839
U04166,user_04166,5746,713,342,1995,Writer | minimal,1,231,6,0,U04166,U02149
U04167,user_04167,7381,808,2483,1202,Teacher | learning,1,195,19,0,U04167,U04682
U04168,user_04168,8280,464,780,1423,Cybersecurity analyst,1,40,11,0,U04168,U00132
U04169,user_04169,6183,665,2014,2065,Product manager,1,65,12,0,U04169,U04372
U04170,user_04170,6955,599,550,1714,Designer | coffee,1,69,3,0,U04170,U03201
U04171,user_04171,4980,707,769,2448,Designer | coffee,1,181,14,0,U04171,U03846
U04172,user_04172,11314,584,2324,1611,Cybersecurity analyst,1,169,2,0,U04172,U03174
U04173,bot_04173,62,1994,3694,35,Free followers,0,588,109,1,U04173,U01124
U04174,user_04174,9149,608,1983,332,Data scientist,1,216,8,0,U04174,U04889
U04175,user_04175,4724,609,2446,1991,Designer | coffee,1,143,3,0,U04175,U03243
U04176,user_04176,2878,709,2211,1509,Designer | coffee,1,31,7,0,U04176,U02982
U04177,user_04177,8446,335,1044,655,Teacher | learning,1,203,6,0,U04177,U01213
U04178,user_04178,3627,548,820,1699,AI engineer | research,1,231,14,0,U04178,U00006
U04179,user_04179,8860,834,1465,1899,Writer | minimal,1,244,4,0,U04179,U01473
U04180,bot_04180,12,1895,4230,21,Giveaway now,0,520,106,1,U04180,U01866
U04181,user_04181,1736,392,687,2409,Photographer,1,89,13,0,U04181,U00137
U04182,user_04182,10518,435,1380,911,Cybersecurity analyst,1,82,6,0,U04182,U01013
U04183,bot_04183,15,1500,7740,54,Giveaway now,0,332,173,1,U04183,U01854
U04184,user_04184,4841,856,507,1451,Writer | minimal,1,240,2,0,U04184,U04195
U04185,bot_04185,30,2500,6814,81,Promo only,0,502,157,1,U04185,U01239
U04186,user_04186,5276,246,808,695,Photographer,1,257,5,0,U04186,U04350
U04187,bot_04187,16,1644,7031,99,Giveaway now,0,489,170,1,U04187,U04236
U04188,bot_04188,18,1231,3349,107,DM for investment,0,490,109,1,U04188,U02546
U04189,bot_04189,57,1904,6794,86,Free followers,0,595,138,1,U04189,U01779
U04190,user_04190,6224,716,2139,2149,Cybersecurity analyst,1,92,13,0,U04190,U03417
U04191,bot_04191,43,2228,7281,88,Giveaway now,0,273,85,1,U04191,U04047
U04192,user_04192,2742,522,1473,1510,Cybersecurity analyst,1,211,7,0,U04192,U02638
U04193,bot_04193,19,1338,6816,87,DM for investment,0,547,131,1,U04193,U04535
U04194,bot_04194,10,1711,5062,63,Promo only,0,387,89,1,U04194,U04320
U04195,bot_04195,65,1525,3058,53,Free followers,0,425,110,1,U04195,U03565
U04196,user_04196,6507,245,2380,826,Writer | minimal,1,158,19,0,U04196,U02452
U04197,user_04197,11708,712,2029,623,AI engineer | research,1,205,6,0,U04197,U03872
U04198,user_04198,1483,900,1081,1897,Product manager,1,162,13,0,U04198,U00842
U04199,user_04199,11921,339,1822,825,Writer | minimal,1,44,3,0,U04199,U02422
U04200,user_04200,1646,463,1278,1200,AI engineer | research,1,20,5,0,U04200,U03176
U04201,bot_04201,41,1928,4166,95,Click link,0,505,108,1,U04201,U02888
U04202,user_04202,5409,477,1038,1174,Designer | coffee,1,37,17,0,U04202,U01004
U04203,user_04203,6237,432,1130,1295,Writer | minimal,1,247,10,0,U04203,U01349
U04204,user_04204,10380,678,316,677,Product manager,1,26,3,0,U04204,U02479
U04205,bot_04205,43,2428,7912,83,Giveaway now,0,386,154,1,U04205,U04447
U04206,user_04206,9336,623,481,2473,Designer | coffee,1,154,18,0,U04206,U03901
U04207,user_04207,1179,333,673,1800,Cybersecurity analyst,1,166,20,0,U04207,U04089
U04208,user_04208,3861,667,1990,1199,Writer | minimal,1,151,6,0,U04208,U02364
U04209,user_04209,1037,415,1078,781,Cybersecurity analyst,1,61,7,0,U04209,U01877
U04210,user_04210,5567,470,2480,467,AI engineer | research,1,257,16,0,U04210,U02375
U04211,user_04211,11535,320,1478,2451,Writer | minimal,1,75,14,0,U04211,U02537
U04212,user_04212,8432,461,226,2180,Photographer,1,24,9,0,U04212,U03154
U04213,user_04213,6087,611,251,315,Photographer,1,192,16,0,U04213,U01141
U04214,bot_04214,75,1516,3984,43,Promo only,0,551,142,1,U04214,U01041
U04215,bot_04215,32,2231,6402,88,Promo only,0,284,121,1,U04215,U02143
U04216,user_04216,2489,636,1270,1182,Product manager,1,173,8,0,U04216,U00091
U04217,user_04217,6200,859,1964,980,Photographer,1,189,3,0,U04217,U03285
U04218,user_04218,6805,233,1318,2524,Designer | coffee,1,110,9,0,U04218,U01489
U04219,bot_04219,38,1621,5785,86,Promo only,0,572,95,1,U04219,U04608
U04220,bot_04220,71,1833,6547,64,Click link,0,250,79,1,U04220,U01486
U04221,bot_04221,54,1681,6831,91,Free followers,0,549,71,1,U04221,U00156
U04222,user_04222,11937,430,1741,1333,Designer | coffee,1,180,18,0,U04222,U00682
U04223,user_04223,5838,793,1632,1780,Teacher | learning,1,208,19,0,U04223,U04692
U04224,user_04224,3034,275,1210,2346,Designer | coffee,1,166,8,0,U04224,U01709
U04225,user_04225,7019,398,1813,1678,Cybersecurity analyst,1,167,17,0,U04225,U04005
U04226,user_04226,7306,732,2216,2250,Product manager,1,144,13,0,U04226,U02957
U04227,user_04227,7265,273,1054,1564,Data scientist,1,42,17,0,U04227,U04880
U04228,bot_04228,49,1650,7549,23,Promo only,0,480,143,1,U04228,U02440
U04229,bot_04229,67,1466,4572,45,Earn fast,0,511,137,1,U04229,U04015
U04230,user_04230,2183,572,312,435,Designer | coffee,1,44,4,0,U04230,U01835
U04231,user_04231,5777,515,2353,300,Cybersecurity analyst,1,98,11,0,U04231,U01629
U04232,user_04232,4414,711,840,605,AI engineer | research,1,86,20,0,U04232,U00713
U04233,bot_04233,72,2006,3796,69,Click link,0,597,164,1,U04233,U03771
U04234,user_04234,603,519,566,1703,Product manager,1,251,17,0,U04234,U04345
U04235,user_04235,738,590,2060,1860,Photographer,1,138,9,0,U04235,U03704
U04236,bot_04236,9,2396,8534,70,DM for investment,0,260,65,1,U04236,U01587
U04237,user_04237,7383,512,1116,1010,Photographer,1,34,13,0,U04237,U04650
U04238,user_04238,2892,473,1687,2220,Teacher | learning,1,46,13,0,U04238,U03637
U04239,user_04239,2871,700,2112,329,Teacher | learning,1,50,5,0,U04239,U02526
U04240,user_04240,1870,677,2244,1142,Photographer,1,180,7,0,U04240,U00038
U04241,user_04241,9904,634,2280,1693,Photographer,1,124,18,0,U04241,U00515
U04242,bot_04242,72,1902,8517,97,Click link,0,442,85,1,U04242,U04104
U04243,user_04243,8145,805,1401,1170,Photographer,1,198,8,0,U04243,U02244
U04244,user_04244,8429,252,889,1867,Writer | minimal,1,71,6,0,U04244,U03241
U04245,user_04245,11078,634,1636,1912,Teacher | learning,1,226,10,0,U04245,U04246
U04246,user_04246,6644,594,1262,1385,Teacher | learning,1,133,4,0,U04246,U02897
U04247,user_04247,4209,481,2015,1335,AI engineer | research,1,241,12,0,U04247,U01063
U04248,user_04248,6272,447,2013,2328,Data scientist,1,63,2,0,U04248,U04295
U04249,user_04249,5458,432,1259,1663,Product manager,1,244,2,0,U04249,U03613
U04250,user_04250,6024,486,2469,433,AI engineer | research,1,217,17,0,U04250,U03069
U04251,bot_04251,32,1606,8975,88,Free followers,0,390,178,1,U04251,U04755
U04252,bot_04252,20,1707,6334,96,Giveaway now,0,394,98,1,U04252,U04300
U04253,bot_04253,40,1259,6888,48,Earn fast,0,434,86,1,U04253,U02252
U04254,bot_04254,5,1991,4789,42,Earn fast,0,561,92,1,U04254,U02575
U04255,bot_04255,23,2034,5957,86,Promo only,0,317,171,1,U04255,U03703
U04256,user_04256,7375,410,1027,1493,Writer | minimal,1,256,14,0,U04256,U02304
U04257,user_04257,4665,603,1968,452,Cybersecurity analyst,1,83,8,0,U04257,U03979
U04258,bot_04258,78,2468,6887,53,Promo only,0,257,102,1,U04258,U01202
U04259,user_04259,11911,789,1361,585,AI engineer | research,1,33,4,0,U04259,U01467
U04260,user_04260,7446,245,2178,2484,Designer | coffee,1,48,12,0,U04260,U03210
U04261,user_04261,8782,468,2090,2248,Product manager,1,164,17,0,U04261,U04247
U04262,bot_04262,35,1244,6498,31,DM for investment,0,334,92,1,U04262,U02634
U04263,user_04263,11036,580,1304,2237,Product manager,1,155,20,0,U04263,U02797
U04264,bot_04264,49,1575,6357,24,Free followers,0,295,157,1,U04264,U00238
U04265,user_04265,8948,681,1568,2072,AI engineer | research,1,213,17,0,U04265,U03940
U04266,bot_04266,74,1445,4310,96,Giveaway now,0,293,90,1,U04266,U03270
U04267,user_04267,3878,783,649,821,Writer | minimal,1,68,17,0,U04267,U02078
U04268,user_04268,10861,802,2333,1518,Product manager,1,192,5,0,U04268,U02036
U04269,user_04269,8500,656,236,1669,AI engineer | research,1,254,18,0,U04269,U04009
U04270,user_04270,1035,843,1856,1788,Photographer,1,50,2,0,U04270,U02190
U04271,bot_04271,9,2131,7323,46,Giveaway now,0,589,128,1,U04271,U02469
U04272,user_04272,4705,724,1003,343,Teacher | learning,1,78,10,0,U04272,U03789
U04273,bot_04273,47,1783,8653,106,Click link,0,203,171,1,U04273,U02149
U04274,user_04274,8151,389,2305,536,Product manager,1,177,2,0,U04274,U00965
U04275,user_04275,9378,718,1202,1897,Product manager,1,225,10,0,U04275,U00678
U04276,user_04276,8807,533,2258,1393,AI engineer | research,1,86,10,0,U04276,U04513
U04277,user_04277,9680,523,1083,398,AI engineer | research,1,71,7,0,U04277,U03778
U04278,user_04278,6390,646,220,1701,AI engineer | research,1,59,15,0,U04278,U01018
U04279,user_04279,2904,411,354,833,Photographer,1,175,14,0,U04279,U01605
U04280,bot_04280,26,1703,5934,71,Earn fast,0,380,93,1,U04280,U02006
U04281,bot_04281,80,1440,5893,55,DM for investment,0,230,162,1,U04281,U03793
U04282,bot_04282,25,1252,3962,38,Click link,0,521,137,1,U04282,U01762
U04283,bot_04283,46,1208,3180,57,Earn fast,0,265,85,1,U04283,U04356
U04284,bot_04284,9,1987,7236,36,Promo only,0,228,98,1,U04284,U01020
U04285,user_04285,833,780,1172,529,Data scientist,1,252,13,0,U04285,U04348
U04286,user_04286,7644,422,2314,1770,Writer | minimal,1,133,17,0,U04286,U01676
U04287,user_04287,8908,353,1309,1649,Product manager,1,183,12,0,U04287,U04312
U04288,user_04288,6439,286,2394,942,Product manager,1,144,6,0,U04288,U04221
U04289,user_04289,7453,481,738,1754,Teacher | learning,1,242,5,0,U04289,U01513
U04290,user_04290,6282,862,2112,2015,Designer | coffee,1,218,18,0,U04290,U02757
U04291,user_04291,9995,242,1198,519,Designer | coffee,1,259,18,0,U04291,U04712
U04292,user_04292,10467,536,1442,1372,Writer | minimal,1,209,18,0,U04292,U03176
U04293,bot_04293,48,1230,8804,117,Promo only,0,350,125,1,U04293,U02308
U04294,user_04294,2186,533,324,2390,Data scientist,1,166,6,0,U04294,U02361
U04295,user_04295,5059,242,1172,1661,Photographer,1,26,16,0,U04295,U04880
U04296,user_04296,5979,560,1061,1808,Designer | coffee,1,240,12,0,U04296,U00508
U04297,user_04297,11962,337,824,2129,Data scientist,1,132,12,0,U04297,U03663
U04298,user_04298,7705,842,2234,2319,Cybersecurity analyst,1,89,13,0,U04298,U03031
U04299,user_04299,11900,320,716,1188,Cybersecurity analyst,1,151,16,0,U04299,U02364
U04300,user_04300,4368,694,2124,457,AI engineer | research,1,24,17,0,U04300,U02335
U04301,user_04301,6266,814,1364,2542,Photographer,1,233,11,0,U04301,U03784
U04302,user_04302,2028,646,1946,843,Teacher | learning,1,70,20,0,U04302,U03456
U04303,user_04303,8304,320,830,1651,Product manager,1,113,20,0,U04303,U02815
U04304,user_04304,3064,661,1965,2129,Photographer,1,87,2,0,U04304,U02467
U04305,bot_04305,24,1513,7020,38,Free followers,0,547,121,1,U04305,U02953
U04306,bot_04306,13,1779,6013,34,DM for investment,0,555,140,1,U04306,U02264
U04307,bot_04307,11,1314,5776,56,Promo only,0,386,103,1,U04307,U01972
U04308,user_04308,6086,564,1577,1789,Cybersecurity analyst,1,256,15,0,U04308,U01008
U04309,user_04309,9446,879,1079,1133,Photographer,1,115,17,0,U04309,U03398
U04310,user_04310,9483,827,1658,331,Designer | coffee,1,97,20,0,U04310,U00246
U04311,user_04311,1132,500,1022,625,Teacher | learning,1,141,4,0,U04311,U02701
U04312,user_04312,9461,528,849,682,Writer | minimal,1,180,20,0,U04312,U04777
U04313,bot_04313,55,2338,6143,25,Promo only,0,598,180,1,U04313,U01988
U04314,user_04314,11248,896,1921,447,Teacher | learning,1,154,20,0,U04314,U00201
U04315,user_04315,847,577,1722,2560,Designer | coffee,1,70,4,0,U04315,U00885
U04316,user_04316,3652,377,379,962,AI engineer | research,1,123,11,0,U04316,U00271
U04317,user_04317,3410,894,1172,1189,Photographer,1,260,20,0,U04317,U01991
U04318,user_04318,997,389,209,1267,Writer | minimal,1,159,19,0,U04318,U04250
U04319,bot_04319,13,2346,7360,98,Click link,0,308,127,1,U04319,U02322
U04320,user_04320,7669,732,606,1988,Photographer,1,217,16,0,U04320,U03312
U04321,bot_04321,39,1476,3064,89,Promo only,0,319,98,1,U04321,U00760
U04322,bot_04322,28,2028,6563,57,DM for investment,0,446,95,1,U04322,U03384
U04323,user_04323,791,463,2096,2588,Writer | minimal,1,69,7,0,U04323,U04910
U04324,user_04324,6959,445,2011,1640,Writer | minimal,1,152,4,0,U04324,U03635
U04325,user_04325,5253,479,891,1574,Writer | minimal,1,119,18,0,U04325,U00724
U04326,user_04326,4514,593,1089,1671,Teacher | learning,1,83,4,0,U04326,U02706
U04327,user_04327,6908,518,790,1102,AI engineer | research,1,177,10,0,U04327,U01251
U04328,user_04328,9857,211,2475,1836,Photographer,1,88,20,0,U04328,U03199
U04329,user_04329,8809,265,698,2502,Cybersecurity analyst,1,66,6,0,U04329,U01991
U04330,user_04330,10948,845,758,1390,Writer | minimal,1,118,19,0,U04330,U01126
U04331,bot_04331,11,1663,6831,46,Giveaway now,0,317,122,1,U04331,U04572
U04332,user_04332,1172,596,463,1134,Writer | minimal,1,151,15,0,U04332,U02465
U04333,user_04333,8833,534,2230,2353,Data scientist,1,82,3,0,U04333,U02701
U04334,user_04334,6608,533,2040,1935,Writer | minimal,1,186,13,0,U04334,U04116
U04335,user_04335,11391,202,421,1744,Cybersecurity analyst,1,106,4,0,U04335,U03241
U04336,user_04336,8147,867,1938,1369,Data scientist,1,183,10,0,U04336,U01760
U04337,user_04337,3973,369,2112,449,Designer | coffee,1,114,15,0,U04337,U02092
U04338,user_04338,6118,397,1229,1337,AI engineer | research,1,65,3,0,U04338,U02391
U04339,bot_04339,70,2083,6629,52,Earn fast,0,433,151,1,U04339,U03021
U04340,bot_04340,36,1867,3678,100,Promo only,0,494,71,1,U04340,U04323
U04341,user_04341,11070,222,1593,1974,Product manager,1,115,5,0,U04341,U01834
U04342,user_04342,9267,527,403,2525,Product manager,1,42,10,0,U04342,U01521
U04343,user_04343,11925,776,2250,2248,Photographer,1,250,15,0,U04343,U01678
U04344,bot_04344,67,2410,8667,111,Click link,0,224,159,1,U04344,U01056
U04345,bot_04345,75,1396,3012,71,Giveaway now,0,220,177,1,U04345,U04141
U04346,user_04346,1568,702,377,456,Cybersecurity analyst,1,113,6,0,U04346,U04941
U04347,bot_04347,39,1915,6761,103,Click link,0,598,166,1,U04347,U04755
U04348,user_04348,6958,570,285,1667,Writer | minimal,1,236,6,0,U04348,U00156
U04349,user_04349,6056,831,1958,691,Product manager,1,48,11,0,U04349,U02594
U04350,user_04350,8554,398,383,1578,Writer | minimal,1,242,2,0,U04350,U03926
U04351,user_04351,6301,326,1104,464,AI engineer | research,1,129,4,0,U04351,U04878
U04352,user_04352,2592,311,1844,2551,Data scientist,1,170,16,0,U04352,U02779
U04353,user_04353,3595,670,651,1457,Cybersecurity analyst,1,134,9,0,U04353,U00359
U04354,user_04354,1654,824,717,2116,Designer | coffee,1,92,9,0,U04354,U01472
U04355,user_04355,7037,559,1830,477,Product manager,1,64,9,0,U04355,U03291
U04356,bot_04356,57,1928,5783,85,DM for investment,0,211,113,1,U04356,U02053
U04357,user_04357,5735,546,813,2024,AI engineer | research,1,136,6,0,U04357,U01983
U04358,user_04358,8050,258,789,2162,Designer | coffee,1,205,12,0,U04358,U00064
U04359,bot_04359,50,2094,7504,82,Promo only,0,221,114,1,U04359,U00023
U04360,user_04360,1545,272,928,640,Designer | coffee,1,198,18,0,U04360,U03139
U04361,user_04361,11574,813,1029,1038,Product manager,1,81,13,0,U04361,U04706
U04362,user_04362,11707,436,268,1817,Data scientist,1,89,18,0,U04362,U04774
U04363,user_04363,1641,628,1555,2237,Writer | minimal,1,229,3,0,U04363,U04766
U04364,user_04364,2680,310,2362,1230,Data scientist,1,28,6,0,U04364,U01448
U04365,user_04365,4642,622,2364,1669,Designer | coffee,1,180,12,0,U04365,U04699
U04366,bot_04366,9,1823,3563,119,Earn fast,0,534,175,1,U04366,U02646
U04367,user_04367,9219,716,334,1594,Product manager,1,45,3,0,U04367,U01560
U04368,user_04368,6280,453,1118,2006,AI engineer | research,1,71,9,0,U04368,U02587
U04369,user_04369,6334,509,992,2206,AI engineer | research,1,199,3,0,U04369,U04733
U04370,user_04370,4917,322,1861,1379,Writer | minimal,1,79,16,0,U04370,U00271
U04371,user_04371,2703,298,2094,343,Writer | minimal,1,232,10,0,U04371,U00504
U04372,bot_04372,28,1898,8765,109,Promo only,0,518,81,1,U04372,U01835
U04373,user_04373,10582,778,2127,679,Teacher | learning,1,134,19,0,U04373,U03119
U04374,user_04374,7738,587,2020,1835,Designer | coffee,1,29,13,0,U04374,U04044
U04375,user_04375,4178,776,1178,425,AI engineer | research,1,215,4,0,U04375,U02844
U04376,user_04376,9961,285,1750,2545,Designer | coffee,1,68,9,0,U04376,U03999
U04377,user_04377,6456,494,2246,414,Data scientist,1,152,10,0,U04377,U00354
U04378,user_04378,11837,844,1412,1753,Teacher | learning,1,231,6,0,U04378,U04678
U04379,bot_04379,52,2156,3175,104,Free followers,0,454,169,1,U04379,U03021
U04380,bot_04380,38,2002,4473,21,Giveaway now,0,440,128,1,U04380,U02625
U04381,user_04381,10991,386,2043,753,Photographer,1,168,7,0,U04381,U00214
U04382,user_04382,10647,873,1768,565,Photographer,1,51,19,0,U04382,U04199
U04383,user_04383,627,320,308,1202,Designer | coffee,1,131,2,0,U04383,U04830
U04384,user_04384,9667,203,2476,575,AI engineer | research,1,187,16,0,U04384,U00402
U04385,user_04385,2527,711,1863,988,Teacher | learning,1,155,2,0,U04385,U04292
U04386,user_04386,8343,707,403,646,Writer | minimal,1,91,20,0,U04386,U01099
U04387,user_04387,8598,332,611,730,Photographer,1,164,12,0,U04387,U04915
U04388,user_04388,5312,644,315,2310,Teacher | learning,1,135,8,0,U04388,U04872
U04389,user_04389,11692,776,659,985,Teacher | learning,1,58,3,0,U04389,U00985
U04390,user_04390,6335,610,1183,2182,Cybersecurity analyst,1,224,11,0,U04390,U02882
U04391,bot_04391,68,1930,3867,74,Click link,0,439,155,1,U04391,U04301
U04392,user_04392,8047,393,1687,2517,Cybersecurity analyst,1,50,19,0,U04392,U00926
U04393,user_04393,8436,468,2287,2140,Writer | minimal,1,92,17,0,U04393,U04975
U04394,bot_04394,47,2326,5514,47,Click link,0,474,90,1,U04394,U03168
U04395,user_04395,9970,680,708,1026,AI engineer | research,1,109,6,0,U04395,U00658
U04396,user_04396,1308,589,1241,2044,Designer | coffee,1,183,20,0,U04396,U01219
U04397,user_04397,8342,314,564,2021,Product manager,1,169,20,0,U04397,U01728
U04398,user_04398,11412,238,1071,612,Writer | minimal,1,82,19,0,U04398,U04562
U04399,bot_04399,46,2005,7344,36,Giveaway now,0,463,162,1,U04399,U03912
U04400,user_04400,4157,537,1557,1028,AI engineer | research,1,128,7,0,U04400,U01113
U04401,user_04401,4834,762,2210,1338,Designer | coffee,1,142,18,0,U04401,U00932
U04402,bot_04402,25,2025,7840,105,Click link,0,501,85,1,U04402,U03018
U04403,bot_04403,34,2368,4353,36,DM for investment,0,270,134,1,U04403,U00678
U04404,user_04404,7838,722,1967,1674,Product manager,1,251,2,0,U04404,U04651
U04405,user_04405,11533,649,1729,527,Writer | minimal,1,100,12,0,U04405,U04055
U04406,user_04406,9516,280,2078,1531,Cybersecurity analyst,1,72,4,0,U04406,U02468
U04407,bot_04407,45,1622,5865,51,Giveaway now,0,457,178,1,U04407,U00627
U04408,bot_04408,47,2213,5881,24,Free followers,0,500,78,1,U04408,U01294
U04409,bot_04409,39,2255,3283,113,Promo only,0,296,108,1,U04409,U03057
U04410,user_04410,6072,627,963,1350,Designer | coffee,1,70,8,0,U04410,U03334
U04411,user_04411,7846,204,2333,2499,AI engineer | research,1,100,12,0,U04411,U03275
U04412,user_04412,4760,433,1316,1389,AI engineer | research,1,225,5,0,U04412,U00553
U04413,bot_04413,23,2196,7857,80,DM for investment,0,333,139,1,U04413,U02858
U04414,user_04414,9877,353,669,305,Designer | coffee,1,47,18,0,U04414,U04137
U04415,user_04415,10791,829,1902,765,Product manager,1,74,6,0,U04415,U03029
U04416,user_04416,5558,415,2365,1556,Designer | coffee,1,223,18,0,U04416,U00826
U04417,bot_04417,68,1276,4545,58,Free followers,0,434,107,1,U04417,U00436
U04418,user_04418,7050,493,860,1874,Teacher | learning,1,67,11,0,U04418,U02649
U04419,user_04419,2965,203,928,805,Teacher | learning,1,232,9,0,U04419,U02054
U04420,user_04420,10506,373,790,1323,AI engineer | research,1,165,11,0,U04420,U04016
U04421,user_04421,1665,655,1208,1508,Photographer,1,78,10,0,U04421,U03138
U04422,user_04422,10527,548,1261,2234,AI engineer | research,1,195,3,0,U04422,U03418
U04423,bot_04423,36,2368,7304,29,Promo only,0,226,116,1,U04423,U02929
U04424,bot_04424,29,1890,4093,29,Giveaway now,0,332,140,1,U04424,U00700
U04425,user_04425,307,374,877,1492,Writer | minimal,1,182,5,0,U04425,U02769
U04426,user_04426,6574,726,370,1682,Designer | coffee,1,131,10,0,U04426,U04332
U04427,user_04427,5801,476,699,1085,Photographer,1,75,8,0,U04427,U03212
U04428,user_04428,502,343,2321,1694,Teacher | learning,1,260,4,0,U04428,U03532
U04429,user_04429,5534,765,677,2099,Teacher | learning,1,185,5,0,U04429,U03879
U04430,user_04430,9570,260,1548,1027,Cybersecurity analyst,1,208,11,0,U04430,U01395
U04431,bot_04431,79,1437,8268,107,Click link,0,252,143,1,U04431,U01311
U04432,user_04432,10254,476,2263,762,Data scientist,1,94,5,0,U04432,U00057
U04433,user_04433,3845,725,1682,1925,Product manager,1,250,20,0,U04433,U04756
U04434,bot_04434,26,2044,5633,39,Earn fast,0,202,175,1,U04434,U01330
U04435,user_04435,800,310,2044,1536,Cybersecurity analyst,1,247,3,0,U04435,U00424
U04436,user_04436,8591,862,1439,1558,Photographer,1,131,18,0,U04436,U03304
U04437,user_04437,5170,756,503,2521,Cybersecurity analyst,1,57,16,0,U04437,U04915
U04438,bot_04438,54,2136,8472,61,Free followers,0,510,73,1,U04438,U02558
U04439,user_04439,11668,854,706,1583,Designer | coffee,1,68,6,0,U04439,U04586
U04440,user_04440,1858,300,981,552,Cybersecurity analyst,1,152,12,0,U04440,U01784
U04441,bot_04441,56,2292,4399,50,Promo only,0,348,83,1,U04441,U02054
U04442,user_04442,502,328,804,1331,Photographer,1,121,7,0,U04442,U03905
U04443,user_04443,10617,448,847,341,Product manager,1,55,12,0,U04443,U02074
U04444,bot_04444,73,2068,6612,25,Free followers,0,429,120,1,U04444,U00243
U04445,user_04445,2505,833,1010,2492,Photographer,1,146,15,0,U04445,U03849
U04446,user_04446,9132,711,2193,849,Writer | minimal,1,39,3,0,U04446,U02770
U04447,bot_04447,42,1306,3167,50,Earn fast,0,311,149,1,U04447,U03035
U04448,user_04448,605,889,2219,892,Cybersecurity analyst,1,92,16,0,U04448,U02824
U04449,user_04449,7382,554,1385,565,Product manager,1,131,19,0,U04449,U04863
U04450,bot_04450,60,1679,7758,90,DM for investment,0,363,149,1,U04450,U01799
U04451,user_04451,1994,764,893,2394,Photographer,1,167,8,0,U04451,U01571
U04452,user_04452,10565,370,2081,2549,AI engineer | research,1,186,15,0,U04452,U03917
U04453,user_04453,950,480,939,1251,Product manager,1,110,16,0,U04453,U00648
U04454,user_04454,10164,576,1163,589,Photographer,1,230,4,0,U04454,U04740
U04455,user_04455,11350,282,983,1605,Writer | minimal,1,83,11,0,U04455,U00468
U04456,user_04456,7988,871,213,2330,AI engineer | research,1,142,13,0,U04456,U04576
U04457,user_04457,5174,779,1357,1936,Writer | minimal,1,70,13,0,U04457,U03096
U04458,user_04458,11840,624,713,589,AI engineer | research,1,80,19,0,U04458,U02666
U04459,user_04459,6172,274,1253,2562,Data scientist,1,91,13,0,U04459,U01404
U04460,bot_04460,52,2393,5726,63,DM for investment,0,251,85,1,U04460,U00284
U04461,user_04461,10332,268,1637,1504,Photographer,1,44,20,0,U04461,U01706
U04462,user_04462,6106,312,607,406,Writer | minimal,1,172,15,0,U04462,U02529
U04463,user_04463,11318,435,1956,1239,AI engineer | research,1,122,13,0,U04463,U02746
U04464,user_04464,4425,266,2212,1272,Cybersecurity analyst,1,147,6,0,U04464,U01944
U04465,user_04465,7178,698,2257,2209,Product manager,1,242,3,0,U04465,U01414
U04466,bot_04466,74,1429,4146,86,Earn fast,0,241,116,1,U04466,U04312
U04467,user_04467,11012,783,1142,1747,Writer | minimal,1,240,11,0,U04467,U02623
U04468,user_04468,2266,272,860,2107,Photographer,1,211,12,0,U04468,U02001
U04469,user_04469,8459,422,488,659,Product manager,1,98,8,0,U04469,U00862
U04470,user_04470,9066,715,1849,963,Photographer,1,81,3,0,U04470,U02739
U04471,user_04471,9826,465,307,409,Designer | coffee,1,80,19,0,U04471,U04174
U04472,user_04472,4288,627,1419,2541,AI engineer | research,1,115,4,0,U04472,U00365
U04473,bot_04473,69,1513,5494,29,Earn fast,0,561,92,1,U04473,U04457
U04474,bot_04474,10,1475,7241,53,Free followers,0,416,68,1,U04474,U04507
U04475,user_04475,7600,856,984,1052,Data scientist,1,214,4,0,U04475,U04653
U04476,user_04476,8135,211,1058,825,Product manager,1,25,10,0,U04476,U02551
U04477,user_04477,4491,418,1039,1556,Designer | coffee,1,98,6,0,U04477,U00356
U04478,user_04478,1386,246,285,1505,AI engineer | research,1,235,14,0,U04478,U00538
U04479,bot_04479,42,1426,4632,35,Click link,0,320,103,1,U04479,U02736
U04480,user_04480,7758,784,1442,845,Cybersecurity analyst,1,32,17,0,U04480,U01048
U04481,user_04481,10077,565,1933,2201,Writer | minimal,1,53,4,0,U04481,U03095
U04482,user_04482,1557,735,2490,2570,Writer | minimal,1,147,19,0,U04482,U04024
U04483,user_04483,7475,579,460,1191,Writer | minimal,1,148,17,0,U04483,U00627
U04484,bot_04484,32,2442,7399,30,DM for investment,0,472,133,1,U04484,U03740
U04485,user_04485,2933,242,1337,2375,AI engineer | research,1,141,9,0,U04485,U02253
U04486,user_04486,9916,458,1506,1699,Photographer,1,209,18,0,U04486,U04177
U04487,user_04487,1684,860,2068,1214,AI engineer | research,1,91,5,0,U04487,U04085
U04488,user_04488,9782,873,1849,1576,Product manager,1,206,3,0,U04488,U00877
U04489,user_04489,8237,526,2288,1657,Designer | coffee,1,178,8,0,U04489,U04419
U04490,user_04490,4206,877,1802,874,Data scientist,1,28,13,0,U04490,U02505
U04491,user_04491,4159,797,948,2135,Teacher | learning,1,40,20,0,U04491,U02062
U04492,bot_04492,57,1666,7231,60,Free followers,0,415,174,1,U04492,U00070
U04493,bot_04493,11,2158,8200,29,DM for investment,0,593,105,1,U04493,U03758
U04494,user_04494,4872,390,425,1718,Teacher | learning,1,111,13,0,U04494,U01795
U04495,user_04495,4674,489,347,2143,Photographer,1,214,18,0,U04495,U03736
U04496,user_04496,8546,738,2403,974,Designer | coffee,1,184,6,0,U04496,U00257
U04497,user_04497,7763,343,237,1435,Writer | minimal,1,25,11,0,U04497,U00558
U04498,user_04498,3147,502,1848,732,Teacher | learning,1,196,16,0,U04498,U04029
U04499,user_04499,555,486,588,394,Photographer,1,197,11,0,U04499,U03350
U04500,user_04500,8849,628,1253,1419,Cybersecurity analyst,1,58,15,0,U04500,U02395
U04501,user_04501,8452,260,1259,2547,Designer | coffee,1,126,17,0,U04501,U00942
U04502,user_04502,2224,714,2097,2209,Product manager,1,219,2,0,U04502,U01985
U04503,bot_04503,64,1296,8676,56,DM for investment,0,537,97,1,U04503,U00239
U04504,user_04504,2505,515,1740,2033,Writer | minimal,1,217,18,0,U04504,U02101
U04505,user_04505,11429,261,1075,533,Designer | coffee,1,86,9,0,U04505,U03802
U04506,user_04506,10045,712,784,1369,Cybersecurity analyst,1,123,20,0,U04506,U02324
U04507,user_04507,4928,740,696,731,AI engineer | research,1,257,8,0,U04507,U00764
U04508,user_04508,5025,450,756,1313,Teacher | learning,1,41,10,0,U04508,U03105
U04509,user_04509,1887,722,710,980,Designer | coffee,1,138,13,0,U04509,U03889
U04510,bot_04510,36,1755,4982,117,DM for investment,0,435,94,1,U04510,U01267
U04511,user_04511,6547,899,2121,1512,Product manager,1,27,12,0,U04511,U03113
U04512,bot_04512,16,1517,4683,35,Click link,0,237,165,1,U04512,U02113
U04513,bot_04513,13,1432,7848,23,Earn fast,0,527,77,1,U04513,U03107
U04514,bot_04514,18,1707,6293,103,Earn fast,0,498,86,1,U04514,U00271
U04515,user_04515,2406,380,508,1566,Photographer,1,87,7,0,U04515,U03586
U04516,user_04516,4303,574,1019,2595,Teacher | learning,1,87,6,0,U04516,U03477
U04517,bot_04517,57,1422,8614,60,Promo only,0,542,157,1,U04517,U04677
U04518,user_04518,5396,476,780,1992,Data scientist,1,222,4,0,U04518,U02699
U04519,user_04519,7485,524,2392,931,Cybersecurity analyst,1,122,18,0,U04519,U03021
U04520,bot_04520,18,1752,8013,94,Earn fast,0,536,99,1,U04520,U01499
U04521,user_04521,2488,399,1622,2573,Product manager,1,114,20,0,U04521,U02850
U04522,user_04522,11664,411,1565,1002,AI engineer | research,1,150,18,0,U04522,U02754
U04523,bot_04523,68,1847,3373,83,Promo only,0,566,145,1,U04523,U00722
U04524,user_04524,10629,661,1067,1777,Cybersecurity analyst,1,86,11,0,U04524,U02934
U04525,bot_04525,65,2208,7003,81,Click link,0,329,96,1,U04525,U04633
U04526,user_04526,9922,451,338,1553,AI engineer | research,1,129,11,0,U04526,U00400
U04527,user_04527,6632,781,2379,2393,Photographer,1,256,6,0,U04527,U02439
U04528,user_04528,2362,887,2073,1791,Product manager,1,226,13,0,U04528,U04071
U04529,user_04529,4033,775,1640,1488,AI engineer | research,1,187,14,0,U04529,U04775
U04530,bot_04530,20,1245,5082,23,Click link,0,439,80,1,U04530,U02075
U04531,user_04531,6103,402,1982,478,AI engineer | research,1,43,15,0,U04531,U04699
U04532,user_04532,10367,427,778,1335,Writer | minimal,1,139,2,0,U04532,U04618
U04533,bot_04533,22,1938,8475,33,Click link,0,561,121,1,U04533,U01649
U04534,bot_04534,55,1316,4782,36,Giveaway now,0,390,67,1,U04534,U01894
U04535,user_04535,11646,798,1417,1309,Data scientist,1,192,18,0,U04535,U02191
U04536,user_04536,7835,770,1664,936,Photographer,1,195,9,0,U04536,U00744
U04537,user_04537,8481,805,1283,1996,Teacher | learning,1,205,10,0,U04537,U02510
U04538,user_04538,6105,838,1650,2169,Designer | coffee,1,207,18,0,U04538,U01420
U04539,user_04539,3462,311,2219,1479,Writer | minimal,1,194,6,0,U04539,U00873
U04540,user_04540,2474,348,1346,396,Product manager,1,61,8,0,U04540,U03229
U04541,user_04541,2419,687,1787,719,Data scientist,1,138,15,0,U04541,U00250
U04542,user_04542,4834,241,1339,1895,Designer | coffee,1,106,13,0,U04542,U00662
U04543,bot_04543,53,1673,7134,30,Click link,0,262,62,1,U04543,U00054
U04544,user_04544,11889,334,2378,963,Data scientist,1,29,17,0,U04544,U02774
U04545,user_04545,3080,738,752,2111,Writer | minimal,1,219,15,0,U04545,U03945
U04546,user_04546,3291,411,1060,1603,Product manager,1,198,10,0,U04546,U01878
U04547,user_04547,7784,398,745,2104,Photographer,1,153,8,0,U04547,U04739
U04548,bot_04548,49,1445,3336,21,Earn fast,0,270,108,1,U04548,U04012
U04549,user_04549,3005,269,1254,1093,Photographer,1,248,10,0,U04549,U04664
U04550,user_04550,6569,551,1087,2334,Teacher | learning,1,37,13,0,U04550,U03903
U04551,bot_04551,8,1929,4486,20,Promo only,0,486,132,1,U04551,U01594
U04552,bot_04552,63,1654,3248,105,Earn fast,0,490,106,1,U04552,U03902
U04553,user_04553,4116,678,2040,1232,Writer | minimal,1,46,6,0,U04553,U01580
U04554,user_04554,4808,287,1475,2418,Cybersecurity analyst,1,107,3,0,U04554,U03719
U04555,user_04555,6413,821,309,2452,AI engineer | research,1,58,15,0,U04555,U00003
U04556,user_04556,8034,354,907,412,Designer | coffee,1,163,17,0,U04556,U01284
U04557,user_04557,2286,734,1343,1722,Teacher | learning,1,66,9,0,U04557,U04672
U04558,user_04558,919,334,1160,1158,Writer | minimal,1,39,12,0,U04558,U02874
U04559,bot_04559,51,2112,8087,23,DM for investment,0,301,81,1,U04559,U00113
U04560,user_04560,9324,738,2405,532,AI engineer | research,1,223,15,0,U04560,U04957
U04561,user_04561,1398,676,1577,348,Designer | coffee,1,63,10,0,U04561,U01811
U04562,user_04562,1071,654,2302,2537,Teacher | learning,1,128,17,0,U04562,U04225
U04563,user_04563,8239,532,1595,2516,Teacher | learning,1,106,2,0,U04563,U04711
U04564,user_04564,5275,543,376,1515,Cybersecurity analyst,1,178,16,0,U04564,U02033
U04565,user_04565,10491,498,1811,824,Photographer,1,134,7,0,U04565,U02779
U04566,bot_04566,20,1789,8650,37,DM for investment,0,220,99,1,U04566,U04534
U04567,user_04567,11148,531,388,1361,Cybersecurity analyst,1,252,14,0,U04567,U00869
U04568,user_04568,6625,467,992,1511,Data scientist,1,174,8,0,U04568,U00874
U04569,user_04569,6487,659,1250,437,Photographer,1,133,19,0,U04569,U04618
U04570,user_04570,11711,568,2382,1588,Designer | coffee,1,134,10,0,U04570,U00705
U04571,bot_04571,60,2137,8251,39,Earn fast,0,419,97,1,U04571,U04129
U04572,user_04572,4169,868,2043,2503,Product manager,1,176,12,0,U04572,U03724
U04573,user_04573,1487,363,1341,1171,Photographer,1,244,5,0,U04573,U02179
U04574,user_04574,11277,811,2336,903,Product manager,1,257,10,0,U04574,U03593
U04575,user_04575,4730,650,211,1499,Product manager,1,30,17,0,U04575,U03187
U04576,user_04576,8638,657,1728,1913,Cybersecurity analyst,1,221,20,0,U04576,U03540
U04577,user_04577,9958,342,405,1203,Writer | minimal,1,191,7,0,U04577,U01707
U04578,user_04578,8431,320,777,1791,Cybersecurity analyst,1,119,17,0,U04578,U00593
U04579,bot_04579,36,1209,3220,90,Free followers,0,599,103,1,U04579,U04145
U04580,user_04580,6016,801,671,1804,Data scientist,1,79,6,0,U04580,U01488
U04581,user_04581,6662,589,280,328,AI engineer | research,1,168,19,0,U04581,U02734
U04582,user_04582,9109,417,1868,489,AI engineer | research,1,198,8,0,U04582,U01657
U04583,user_04583,4701,274,1207,1961,Cybersecurity analyst,1,106,8,0,U04583,U04820
U04584,user_04584,7405,748,1293,2117,AI engineer | research,1,241,16,0,U04584,U04083
U04585,user_04585,7282,245,301,2342,Designer | coffee,1,89,14,0,U04585,U02278
U04586,user_04586,4355,655,328,508,Designer | coffee,1,220,10,0,U04586,U04000
U04587,user_04587,4948,401,1787,2593,Photographer,1,132,4,0,U04587,U01953
U04588,user_04588,11810,669,1988,1063,Teacher | learning,1,243,4,0,U04588,U03916
U04589,user_04589,5232,206,1531,1344,Photographer,1,115,18,0,U04589,U03516
U04590,bot_04590,24,1794,7417,112,Earn fast,0,455,99,1,U04590,U02246
U04591,bot_04591,69,1940,4915,100,Earn fast,0,232,92,1,U04591,U04951
U04592,user_04592,8002,377,1913,1148,Cybersecurity analyst,1,201,10,0,U04592,U00674
U04593,user_04593,2534,409,1096,2446,Designer | coffee,1,249,7,0,U04593,U02573
U04594,user_04594,690,214,2088,803,AI engineer | research,1,74,6,0,U04594,U02372
U04595,user_04595,8679,464,1638,2019,Designer | coffee,1,136,17,0,U04595,U02977
U04596,user_04596,11224,472,652,2203,Photographer,1,186,14,0,U04596,U00058
U04597,user_04597,7143,761,1144,646,Photographer,1,248,5,0,U04597,U02541
U04598,user_04598,10997,610,2213,2143,Teacher | learning,1,212,14,0,U04598,U03882
U04599,user_04599,6605,610,1230,2268,Teacher | learning,1,120,3,0,U04599,U01030
U04600,bot_04600,48,1486,7801,75,Click link,0,359,102,1,U04600,U01516
U04601,bot_04601,51,1327,5355,93,Promo only,0,519,128,1,U04601,U04056
U04602,user_04602,10020,771,2253,2297,Teacher | learning,1,56,16,0,U04602,U02451
U04603,user_04603,2622,370,220,2065,Teacher | learning,1,39,19,0,U04603,U00333
U04604,user_04604,10250,374,2396,2214,Photographer,1,220,9,0,U04604,U02258
U04605,bot_04605,53,2180,4144,59,Free followers,0,412,170,1,U04605,U01657
U04606,user_04606,4326,366,559,1352,Product manager,1,83,3,0,U04606,U00729
U04607,user_04607,3411,780,1179,1290,Designer | coffee,1,230,2,0,U04607,U00889
U04608,user_04608,8628,469,287,1940,Teacher | learning,1,110,10,0,U04608,U02811
U04609,user_04609,5539,580,746,1485,Photographer,1,111,6,0,U04609,U00855
U04610,user_04610,4829,397,1887,2173,Teacher | learning,1,259,10,0,U04610,U03726
U04611,user_04611,8873,416,1499,598,Product manager,1,259,16,0,U04611,U04110
U04612,user_04612,1758,872,1189,1644,Photographer,1,109,14,0,U04612,U03540
U04613,user_04613,4354,872,1032,2522,Teacher | learning,1,202,20,0,U04613,U04401
U04614,user_04614,4401,269,2100,2486,Teacher | learning,1,256,6,0,U04614,U03171
U04615,user_04615,11645,325,654,2070,Photographer,1,53,10,0,U04615,U04938
U04616,user_04616,8009,631,888,1102,Data scientist,1,120,19,0,U04616,U01126
U04617,user_04617,6229,319,2187,2174,Writer | minimal,1,68,15,0,U04617,U04626
U04618,user_04618,10232,249,570,316,Designer | coffee,1,53,17,0,U04618,U04971
U04619,user_04619,11435,835,1481,821,Product manager,1,234,2,0,U04619,U04424
U04620,user_04620,7741,362,613,826,Designer | coffee,1,51,13,0,U04620,U04687
U04621,bot_04621,40,1920,8988,68,Click link,0,287,165,1,U04621,U02218
U04622,user_04622,3296,354,346,684,Photographer,1,120,12,0,U04622,U03343
U04623,bot_04623,35,2432,4737,106,Promo only,0,380,64,1,U04623,U01276
U04624,user_04624,2454,592,725,1623,Designer | coffee,1,81,19,0,U04624,U02266
U04625,bot_04625,11,2212,5571,60,Promo only,0,504,156,1,U04625,U02326
U04626,bot_04626,40,1526,3502,38,Click link,0,344,127,1,U04626,U01554
U04627,user_04627,5977,250,2198,1446,Product manager,1,114,2,0,U04627,U02022
U04628,user_04628,8745,255,2107,400,Data scientist,1,55,10,0,U04628,U00033
U04629,user_04629,3613,288,298,349,Designer | coffee,1,139,17,0,U04629,U04566
U04630,bot_04630,47,1694,4058,116,Giveaway now,0,450,120,1,U04630,U01808
U04631,user_04631,6109,551,1253,2105,Writer | minimal,1,121,4,0,U04631,U01043
U04632,user_04632,8095,430,1582,1612,Designer | coffee,1,99,19,0,U04632,U02361
U04633,user_04633,1894,384,1795,1964,Teacher | learning,1,129,5,0,U04633,U02024
U04634,user_04634,9755,330,1290,1034,Cybersecurity analyst,1,138,3,0,U04634,U00566
U04635,user_04635,10813,300,1050,1343,Product manager,1,232,9,0,U04635,U04665
U04636,bot_04636,25,2167,8068,114,Giveaway now,0,476,138,1,U04636,U02708
U04637,user_04637,5018,657,2138,1073,Designer | coffee,1,75,20,0,U04637,U01079
U04638,user_04638,10190,244,1105,2142,Designer | coffee,1,255,5,0,U04638,U01213
U04639,user_04639,5979,813,1192,1785,Designer | coffee,1,100,16,0,U04639,U02358
U04640,user_04640,1680,291,1926,1065,Photographer,1,65,3,0,U04640,U02665
U04641,user_04641,1051,203,1330,1329,Data scientist,1,68,14,0,U04641,U01767
U04642,user_04642,5053,457,1061,956,Photographer,1,211,20,0,U04642,U04819
U04643,bot_04643,23,1520,8652,117,Giveaway now,0,562,60,1,U04643,U00462
U04644,user_04644,2761,369,2008,1930,Product manager,1,203,18,0,U04644,U02615
U04645,bot_04645,70,1296,8138,84,Promo only,0,428,177,1,U04645,U02619
U04646,user_04646,2043,257,1094,1071,Product manager,1,158,13,0,U04646,U00324
U04647,bot_04647,80,1288,3491,105,Giveaway now,0,416,87,1,U04647,U01152
U04648,user_04648,7248,860,2149,2126,Data scientist,1,246,12,0,U04648,U03298
U04649,user_04649,7069,323,2163,978,Writer | minimal,1,161,11,0,U04649,U00228
U04650,bot_04650,40,2062,8224,47,Giveaway now,0,312,83,1,U04650,U02352
U04651,user_04651,6095,864,1892,2464,Teacher | learning,1,92,4,0,U04651,U02431
U04652,user_04652,3588,540,695,2206,Product manager,1,100,17,0,U04652,U02569
U04653,user_04653,1413,727,1700,743,Photographer,1,221,17,0,U04653,U04661
U04654,user_04654,6181,779,1678,1972,AI engineer | research,1,103,15,0,U04654,U00343
U04655,user_04655,10795,434,1096,2133,Cybersecurity analyst,1,210,12,0,U04655,U01494
U04656,user_04656,6774,478,2312,1349,Designer | coffee,1,183,6,0,U04656,U00072
U04657,user_04657,3314,330,1535,679,Teacher | learning,1,207,10,0,U04657,U02893
U04658,user_04658,9931,849,1708,1110,Product manager,1,136,6,0,U04658,U03971
U04659,user_04659,1038,479,487,1466,Data scientist,1,56,15,0,U04659,U01754
U04660,bot_04660,65,1294,7465,29,Free followers,0,312,161,1,U04660,U01272
U04661,bot_04661,76,1492,3998,22,DM for investment,0,517,159,1,U04661,U02964
U04662,user_04662,2734,518,979,925,AI engineer | research,1,62,13,0,U04662,U00713
U04663,user_04663,11338,883,1451,1914,Data scientist,1,249,6,0,U04663,U00210
U04664,user_04664,7386,893,1545,1111,Writer | minimal,1,174,3,0,U04664,U04412
U04665,user_04665,11100,872,1404,2343,AI engineer | research,1,123,16,0,U04665,U00413
U04666,user_04666,7481,717,838,1572,Photographer,1,97,14,0,U04666,U03213
U04667,user_04667,5356,775,1109,2067,Data scientist,1,257,2,0,U04667,U01724
U04668,user_04668,8583,362,1658,367,Teacher | learning,1,155,12,0,U04668,U04746
U04669,bot_04669,59,1538,7676,81,Free followers,0,294,108,1,U04669,U04634
U04670,user_04670,2697,415,784,1641,Writer | minimal,1,134,7,0,U04670,U02008
U04671,user_04671,5283,622,2413,978,Data scientist,1,141,3,0,U04671,U03830
U04672,bot_04672,35,1718,8226,52,Free followers,0,420,113,1,U04672,U00864
U04673,bot_04673,17,1810,7911,113,Earn fast,0,580,109,1,U04673,U04480
U04674,bot_04674,53,2251,6242,41,Promo only,0,457,164,1,U04674,U03164
U04675,user_04675,8818,734,2128,993,Data scientist,1,89,10,0,U04675,U00156
U04676,user_04676,11444,865,1675,641,Teacher | learning,1,153,15,0,U04676,U03417
U04677,user_04677,4060,883,1427,1418,Product manager,1,32,19,0,U04677,U01928
U04678,user_04678,9220,453,2430,413,Product manager,1,51,14,0,U04678,U02195
U04679,user_04679,9894,269,753,1133,Product manager,1,146,17,0,U04679,U04997
U04680,user_04680,338,293,846,955,Designer | coffee,1,258,2,0,U04680,U03159
U04681,bot_04681,69,1951,4477,23,DM for investment,0,203,140,1,U04681,U01970
U04682,user_04682,6260,355,1085,599,Product manager,1,257,8,0,U04682,U03236
U04683,user_04683,11535,422,472,1492,Cybersecurity analyst,1,216,2,0,U04683,U00652
U04684,bot_04684,10,1575,5002,35,Free followers,0,481,136,1,U04684,U03965
U04685,bot_04685,19,1574,8098,64,DM for investment,0,509,62,1,U04685,U00801
U04686,user_04686,7779,697,1511,1933,AI engineer | research,1,251,20,0,U04686,U00064
U04687,user_04687,11609,307,524,2196,Product manager,1,116,12,0,U04687,U01427
U04688,user_04688,5361,742,1176,1353,Writer | minimal,1,75,18,0,U04688,U00932
U04689,user_04689,1491,520,1366,2318,Designer | coffee,1,97,15,0,U04689,U00931
U04690,user_04690,10562,259,2462,2152,Writer | minimal,1,22,6,0,U04690,U01153
U04691,user_04691,3353,233,1242,518,AI engineer | research,1,31,9,0,U04691,U04468
U04692,user_04692,3611,489,667,1032,Cybersecurity analyst,1,234,8,0,U04692,U00928
U04693,user_04693,11461,212,302,1834,Cybersecurity analyst,1,240,8,0,U04693,U02174
U04694,user_04694,9251,439,768,1734,Photographer,1,67,16,0,U04694,U01313
U04695,user_04695,11040,243,871,661,Designer | coffee,1,76,5,0,U04695,U03578
U04696,user_04696,5974,497,878,2467,Cybersecurity analyst,1,251,8,0,U04696,U03165
U04697,user_04697,735,303,541,1942,Designer | coffee,1,134,18,0,U04697,U00926
U04698,user_04698,7972,749,1885,855,Cybersecurity analyst,1,173,2,0,U04698,U02621
U04699,bot_04699,29,2238,6252,52,Free followers,0,586,81,1,U04699,U03625
U04700,bot_04700,7,1549,4401,25,Click link,0,514,133,1,U04700,U00686
U04701,user_04701,5837,413,294,1458,Teacher | learning,1,192,2,0,U04701,U01617
U04702,bot_04702,71,1775,3608,27,Earn fast,0,540,103,1,U04702,U03665
U04703,user_04703,5538,202,2361,1362,Cybersecurity analyst,1,148,12,0,U04703,U04488
U04704,user_04704,8318,657,455,1253,Data scientist,1,220,17,0,U04704,U03574
U04705,user_04705,8363,250,228,2590,AI engineer | research,1,187,9,0,U04705,U03683
U04706,user_04706,11111,501,365,1691,Product manager,1,259,18,0,U04706,U02638
U04707,user_04707,427,286,2237,969,Writer | minimal,1,133,7,0,U04707,U04874
U04708,user_04708,4271,340,2446,1067,Designer | coffee,1,164,2,0,U04708,U04483
U04709,user_04709,2437,211,1678,742,Designer | coffee,1,43,7,0,U04709,U01584
U04710,user_04710,7298,400,1770,2487,AI engineer | research,1,27,4,0,U04710,U02981
U04711,bot_04711,43,1284,6286,60,Giveaway now,0,232,68,1,U04711,U03843
U04712,user_04712,4775,686,518,663,Photographer,1,137,3,0,U04712,U02225
U04713,user_04713,7507,780,1984,2389,Product manager,1,162,14,0,U04713,U00734
U04714,bot_04714,37,1314,6668,114,Earn fast,0,538,137,1,U04714,U02523
U04715,user_04715,9196,282,1209,2521,Designer | coffee,1,188,18,0,U04715,U04732
U04716,bot_04716,20,1404,5247,62,Free followers,0,557,112,1,U04716,U03295
U04717,user_04717,7117,272,1585,829,Photographer,1,88,20,0,U04717,U00238
U04718,bot_04718,9,2363,4255,32,Click link,0,430,114,1,U04718,U02713
U04719,bot_04719,66,2155,3328,36,DM for investment,0,278,145,1,U04719,U04548
U04720,bot_04720,49,1671,5501,77,DM for investment,0,458,171,1,U04720,U03608
U04721,user_04721,2527,530,976,909,Cybersecurity analyst,1,35,13,0,U04721,U04360
U04722,user_04722,9541,768,2142,1265,Writer | minimal,1,112,18,0,U04722,U01431
U04723,user_04723,3108,834,978,1180,Writer | minimal,1,180,12,0,U04723,U00131
U04724,bot_04724,37,1261,8016,51,Free followers,0,494,124,1,U04724,U03471
U04725,bot_04725,72,1831,6146,56,Click link,0,473,96,1,U04725,U01109
U04726,user_04726,4370,799,2482,1252,Teacher | learning,1,101,14,0,U04726,U01073
U04727,user_04727,10176,279,2465,2564,Photographer,1,126,16,0,U04727,U01361
U04728,user_04728,2848,684,1219,1665,Product manager,1,241,9,0,U04728,U02554
U04729,user_04729,6696,845,847,531,Photographer,1,238,5,0,U04729,U03475
U04730,bot_04730,39,1321,3955,53,DM for investment,0,553,172,1,U04730,U00753
U04731,user_04731,11600,400,1246,1706,Product manager,1,65,15,0,U04731,U03287
U04732,bot_04732,72,2339,6437,43,Click link,0,311,84,1,U04732,U03764
U04733,bot_04733,40,1745,5980,66,Giveaway now,0,566,75,1,U04733,U02511
U04734,bot_04734,42,1501,3688,29,Click link,0,253,119,1,U04734,U02173
U04735,user_04735,4641,500,1561,2258,Cybersecurity analyst,1,184,11,0,U04735,U00664
U04736,user_04736,9007,506,935,1529,Designer | coffee,1,116,9,0,U04736,U03008
U04737,bot_04737,19,1451,6341,54,Giveaway now,0,585,122,1,U04737,U01423
U04738,user_04738,11123,596,1380,1029,Writer | minimal,1,170,18,0,U04738,U01422
U04739,user_04739,3647,530,1078,2463,Teacher | learning,1,245,17,0,U04739,U04669
U04740,user_04740,6200,445,208,550,Designer | coffee,1,138,12,0,U04740,U02139
U04741,user_04741,10964,277,2366,1202,Writer | minimal,1,239,10,0,U04741,U04660
U04742,bot_04742,35,1299,5782,79,Click link,0,485,81,1,U04742,U02657
U04743,user_04743,1548,226,2260,675,Photographer,1,55,10,0,U04743,U02457
U04744,user_04744,4209,689,2391,1872,Data scientist,1,260,7,0,U04744,U01685
U04745,user_04745,10715,272,1300,2002,Photographer,1,23,15,0,U04745,U04837
U04746,user_04746,733,586,1892,1292,Data scientist,1,211,16,0,U04746,U04974
U04747,bot_04747,23,1330,7250,82,Giveaway now,0,506,149,1,U04747,U00303
U04748,user_04748,446,634,517,1390,Teacher | learning,1,132,4,0,U04748,U04763
U04749,bot_04749,18,1537,5608,20,DM for investment,0,271,153,1,U04749,U00667
U04750,user_04750,326,460,415,1066,Cybersecurity analyst,1,253,17,0,U04750,U04571
U04751,user_04751,10474,754,1902,2394,Designer | coffee,1,78,6,0,U04751,U01415
U04752,bot_04752,55,1363,5164,115,Promo only,0,559,138,1,U04752,U02420
U04753,bot_04753,9,2146,8066,70,Promo only,0,590,108,1,U04753,U04953
U04754,user_04754,7716,717,1270,971,Designer | coffee,1,28,3,0,U04754,U02343
U04755,bot_04755,39,1479,5108,70,Free followers,0,207,142,1,U04755,U01826
U04756,user_04756,3078,452,2384,2033,Teacher | learning,1,37,13,0,U04756,U01390
U04757,user_04757,5576,813,1319,2171,Photographer,1,102,17,0,U04757,U01748
U04758,user_04758,8324,823,2263,998,AI engineer | research,1,171,9,0,U04758,U02786
U04759,user_04759,8129,788,2121,2489,Photographer,1,237,8,0,U04759,U03634
U04760,user_04760,7984,519,608,465,Product manager,1,114,20,0,U04760,U04959
U04761,user_04761,11320,748,623,1596,Product manager,1,21,10,0,U04761,U04668
U04762,bot_04762,35,1898,6552,114,DM for investment,0,213,171,1,U04762,U04348
U04763,user_04763,9336,847,1878,1869,Photographer,1,128,2,0,U04763,U01733
U04764,user_04764,11383,679,1808,370,Teacher | learning,1,252,17,0,U04764,U00671
U04765,user_04765,1726,258,562,2349,Photographer,1,94,6,0,U04765,U01354
U04766,user_04766,6520,518,1370,725,Cybersecurity analyst,1,154,2,0,U04766,U02273
U04767,user_04767,5106,262,2255,1729,Teacher | learning,1,221,9,0,U04767,U03321
U04768,user_04768,5811,361,1332,1300,Teacher | learning,1,140,16,0,U04768,U00312
U04769,user_04769,7137,898,1684,1621,Writer | minimal,1,137,9,0,U04769,U02065
U04770,user_04770,6077,358,1552,611,Teacher | learning,1,63,7,0,U04770,U04513
U04771,user_04771,7169,668,410,637,Teacher | learning,1,188,17,0,U04771,U01392
U04772,user_04772,8169,803,917,1421,Teacher | learning,1,164,15,0,U04772,U01328
U04773,bot_04773,55,2216,5087,106,Promo only,0,499,179,1,U04773,U00433
U04774,bot_04774,33,2258,5780,54,Earn fast,0,219,116,1,U04774,U00483
U04775,user_04775,1769,550,536,827,Photographer,1,92,6,0,U04775,U04623
U04776,user_04776,7996,527,1106,2525,Product manager,1,107,4,0,U04776,U04983
U04777,user_04777,6445,453,1566,959,Photographer,1,177,11,0,U04777,U00577
U04778,user_04778,7416,371,289,1410,Teacher | learning,1,35,18,0,U04778,U01153
U04779,bot_04779,36,1618,5158,72,Promo only,0,239,68,1,U04779,U04906
U04780,user_04780,8426,393,2038,889,Photographer,1,153,7,0,U04780,U02862
U04781,user_04781,3389,874,1095,2379,Designer | coffee,1,30,11,0,U04781,U00541
U04782,user_04782,6601,249,1204,1128,AI engineer | research,1,232,9,0,U04782,U04134
U04783,user_04783,5082,488,555,2467,Product manager,1,186,11,0,U04783,U03438
U04784,user_04784,7343,255,940,365,Designer | coffee,1,181,8,0,U04784,U01823
U04785,user_04785,9365,753,397,948,AI engineer | research,1,195,4,0,U04785,U04755
U04786,bot_04786,58,2194,8938,112,Free followers,0,411,123,1,U04786,U03800
U04787,user_04787,7116,550,2068,1846,Teacher | learning,1,99,13,0,U04787,U02448
U04788,user_04788,1253,413,1224,2365,Data scientist,1,48,12,0,U04788,U01656
U04789,user_04789,2119,310,406,872,Teacher | learning,1,117,8,0,U04789,U03044
U04790,bot_04790,11,2300,8064,113,DM for investment,0,584,77,1,U04790,U02044
U04791,bot_04791,15,1621,5991,106,Click link,0,581,68,1,U04791,U04261
U04792,user_04792,766,675,293,886,AI engineer | research,1,116,10,0,U04792,U03541
U04793,bot_04793,59,1229,6158,76,Earn fast,0,344,151,1,U04793,U02621
U04794,user_04794,2320,504,1452,2376,Cybersecurity analyst,1,142,15,0,U04794,U00880
U04795,user_04795,7182,492,1202,1344,Writer | minimal,1,189,6,0,U04795,U04743
U04796,user_04796,1193,378,1354,519,Teacher | learning,1,131,20,0,U04796,U03916
U04797,user_04797,5950,371,337,945,Product manager,1,78,13,0,U04797,U03719
U04798,user_04798,2129,364,1732,2537,Data scientist,1,66,19,0,U04798,U04348
U04799,user_04799,9464,817,546,1529,Designer | coffee,1,232,13,0,U04799,U03147
U04800,user_04800,5769,839,475,1431,Data scientist,1,100,14,0,U04800,U02446
U04801,user_04801,5566,347,1175,324,Designer | coffee,1,27,10,0,U04801,U03035
U04802,bot_04802,24,2277,6077,83,Click link,0,475,106,1,U04802,U02095
U04803,user_04803,452,270,2256,2224,Teacher | learning,1,215,17,0,U04803,U00370
U04804,bot_04804,43,1969,6698,25,Promo only,0,583,179,1,U04804,U01872
U04805,user_04805,2647,857,1607,482,AI engineer | research,1,210,6,0,U04805,U00470
U04806,user_04806,5372,882,514,2190,Writer | minimal,1,143,3,0,U04806,U01977
U04807,user_04807,7236,243,1216,733,Product manager,1,125,5,0,U04807,U02442
U04808,bot_04808,67,2403,8063,36,Earn fast,0,550,155,1,U04808,U03157
U04809,user_04809,6035,692,1525,1026,Data scientist,1,144,13,0,U04809,U01468
U04810,user_04810,11959,882,1024,814,Photographer,1,214,19,0,U04810,U04014
U04811,user_04811,8526,546,569,1754,Photographer,1,194,3,0,U04811,U03206
U04812,user_04812,8624,271,1623,1768,Designer | coffee,1,210,16,0,U04812,U02664
U04813,user_04813,7113,893,1905,631,Photographer,1,240,15,0,U04813,U04585
U04814,user_04814,5240,244,1181,2022,Photographer,1,259,9,0,U04814,U02056
U04815,user_04815,531,549,1717,1584,Designer | coffee,1,50,15,0,U04815,U00588
U04816,bot_04816,80,1884,6402,44,Click link,0,295,76,1,U04816,U03043
U04817,user_04817,8668,352,1728,1917,Designer | coffee,1,175,14,0,U04817,U04862
U04818,bot_04818,23,2079,7649,77,Click link,0,578,174,1,U04818,U04572
U04819,user_04819,11764,597,2191,2566,Writer | minimal,1,97,18,0,U04819,U04679
U04820,user_04820,8614,842,1872,1111,Photographer,1,41,20,0,U04820,U01839
U04821,bot_04821,25,2213,8136,26,DM for investment,0,333,150,1,U04821,U03185
U04822,user_04822,3301,384,1623,621,Cybersecurity analyst,1,128,10,0,U04822,U01926
U04823,bot_04823,20,1474,6954,56,Giveaway now,0,407,135,1,U04823,U00082
U04824,bot_04824,54,1617,3884,116,Promo only,0,510,71,1,U04824,U04116
U04825,user_04825,4293,677,269,2446,Product manager,1,112,13,0,U04825,U03182
U04826,bot_04826,24,1555,4578,21,Click link,0,411,84,1,U04826,U03418
U04827,user_04827,10804,561,2208,2162,Data scientist,1,115,14,0,U04827,U01362
U04828,user_04828,8833,516,465,307,AI engineer | research,1,224,11,0,U04828,U00290
U04829,bot_04829,25,2160,4664,22,DM for investment,0,311,156,1,U04829,U02528
U04830,user_04830,3152,655,1447,1860,Cybersecurity analyst,1,72,12,0,U04830,U01879
U04831,user_04831,7069,282,674,2580,AI engineer | research,1,151,6,0,U04831,U01990
U04832,user_04832,9148,203,1958,1649,Cybersecurity analyst,1,149,15,0,U04832,U00550
U04833,user_04833,3574,865,462,721,Designer | coffee,1,44,7,0,U04833,U03823
U04834,user_04834,10177,230,1056,1902,Photographer,1,128,14,0,U04834,U01873
U04835,user_04835,10403,511,2166,1017,Product manager,1,149,4,0,U04835,U01298
U04836,user_04836,5647,795,2311,1446,Product manager,1,106,2,0,U04836,U01648
U04837,user_04837,8350,825,401,1008,AI engineer | research,1,190,10,0,U04837,U01843
U04838,user_04838,3883,553,1010,740,Cybersecurity analyst,1,188,8,0,U04838,U02056
U04839,user_04839,2366,658,1551,1998,Teacher | learning,1,135,5,0,U04839,U00389
U04840,user_04840,4388,255,1712,1949,AI engineer | research,1,148,16,0,U04840,U03737
U04841,user_04841,2361,607,1550,921,Designer | coffee,1,92,11,0,U04841,U04101
U04842,user_04842,10120,717,1174,2379,AI engineer | research,1,148,7,0,U04842,U00605
U04843,user_04843,4830,801,2112,2109,Data scientist,1,147,15,0,U04843,U04706
U04844,bot_04844,56,1373,6344,65,Click link,0,425,112,1,U04844,U01128
U04845,user_04845,3028,337,1784,744,Teacher | learning,1,234,20,0,U04845,U02203
U04846,user_04846,9533,882,297,836,Data scientist,1,164,11,0,U04846,U04755
U04847,user_04847,3408,887,1248,1610,Photographer,1,137,17,0,U04847,U03237
U04848,bot_04848,35,2310,7391,75,Click link,0,375,140,1,U04848,U00135
U04849,user_04849,856,796,570,1805,Photographer,1,172,13,0,U04849,U03634
U04850,user_04850,2620,413,1693,1071,Designer | coffee,1,118,2,0,U04850,U04745
U04851,user_04851,1724,357,2082,425,Designer | coffee,1,126,14,0,U04851,U04604
U04852,user_04852,11299,435,1878,440,Writer | minimal,1,200,18,0,U04852,U04382
U04853,bot_04853,61,1478,3005,105,DM for investment,0,271,63,1,U04853,U01759
U04854,user_04854,9296,302,473,946,Photographer,1,22,20,0,U04854,U03245
U04855,user_04855,7322,425,2014,971,Writer | minimal,1,24,8,0,U04855,U01832
U04856,user_04856,4399,715,1116,1837,Writer | minimal,1,112,15,0,U04856,U00008
U04857,user_04857,1948,793,210,1723,Writer | minimal,1,123,12,0,U04857,U02352
U04858,user_04858,3475,803,1871,2303,Teacher | learning,1,142,3,0,U04858,U02136
U04859,user_04859,7682,406,1199,610,AI engineer | research,1,120,10,0,U04859,U04837
U04860,user_04860,5898,477,1943,2551,Writer | minimal,1,187,19,0,U04860,U01975
U04861,user_04861,1120,562,2319,2358,Designer | coffee,1,129,19,0,U04861,U00477
U04862,user_04862,5715,417,587,859,Photographer,1,170,7,0,U04862,U03438
U04863,bot_04863,39,2214,7164,26,Promo only,0,551,64,1,U04863,U02686
U04864,user_04864,5311,214,571,1503,Teacher | learning,1,118,5,0,U04864,U04984
U04865,user_04865,512,241,304,588,AI engineer | research,1,254,20,0,U04865,U00287
U04866,user_04866,8804,718,1511,1355,Product manager,1,120,16,0,U04866,U02532
U04867,user_04867,4937,449,1846,1250,AI engineer | research,1,229,20,0,U04867,U04543
U04868,user_04868,2014,415,639,2475,Photographer,1,101,20,0,U04868,U04079
U04869,bot_04869,33,1493,3894,45,Click link,0,206,104,1,U04869,U01031
U04870,user_04870,9172,852,1236,1017,Designer | coffee,1,111,4,0,U04870,U00710
U04871,user_04871,9850,871,371,1104,Data scientist,1,213,13,0,U04871,U00118
U04872,user_04872,3020,877,1357,558,Teacher | learning,1,231,7,0,U04872,U04627
U04873,user_04873,10537,803,348,1234,Product manager,1,214,6,0,U04873,U04570
U04874,user_04874,7634,895,1915,2217,AI engineer | research,1,119,15,0,U04874,U03173
U04875,user_04875,8878,791,1511,590,Data scientist,1,248,8,0,U04875,U00137
U04876,user_04876,9543,826,2126,2553,Writer | minimal,1,75,19,0,U04876,U02350
U04877,user_04877,11764,868,996,387,Product manager,1,155,5,0,U04877,U03338
U04878,bot_04878,77,1618,8190,99,Free followers,0,550,164,1,U04878,U00070
U04879,bot_04879,53,1696,7176,41,Earn fast,0,202,120,1,U04879,U02853
U04880,user_04880,9462,281,2456,1634,Product manager,1,50,9,0,U04880,U00864
U04881,bot_04881,65,2243,6399,27,Free followers,0,374,116,1,U04881,U03326
U04882,user_04882,8382,273,759,2588,AI engineer | research,1,161,6,0,U04882,U01866
U04883,bot_04883,24,2286,6636,60,Earn fast,0,424,94,1,U04883,U02929
U04884,user_04884,3342,443,252,1156,Photographer,1,126,2,0,U04884,U03588
U04885,user_04885,8199,313,895,1390,Cybersecurity analyst,1,214,17,0,U04885,U03097
U04886,user_04886,7924,265,975,1958,Photographer,1,92,20,0,U04886,U03905
U04887,user_04887,11736,572,588,1566,Writer | minimal,1,100,9,0,U04887,U02920
U04888,user_04888,6123,654,1430,1517,Cybersecurity analyst,1,193,18,0,U04888,U02648
U04889,bot_04889,58,2436,7697,26,Promo only,0,562,74,1,U04889,U02993
U04890,user_04890,1987,314,1488,2072,Product manager,1,141,9,0,U04890,U04452
U04891,user_04891,1521,527,2083,2052,Writer | minimal,1,93,15,0,U04891,U00304
U04892,user_04892,1287,876,1894,2479,Product manager,1,22,19,0,U04892,U04129
U04893,user_04893,1409,796,1114,1361,AI engineer | research,1,131,12,0,U04893,U01454
U04894,user_04894,5543,721,1954,511,Teacher | learning,1,83,11,0,U04894,U03087
U04895,bot_04895,35,1623,7427,93,Click link,0,277,91,1,U04895,U02946
U04896,bot_04896,46,2125,3439,63,Click link,0,239,100,1,U04896,U03855
U04897,user_04897,10752,336,1848,1087,AI engineer | research,1,157,19,0,U04897,U01660
U04898,user_04898,4712,893,795,2200,Designer | coffee,1,42,14,0,U04898,U04304
U04899,user_04899,6684,364,2294,1847,Data scientist,1,168,16,0,U04899,U03944
U04900,user_04900,3246,420,2122,400,Teacher | learning,1,73,19,0,U04900,U02287
U04901,user_04901,7572,389,1892,2456,Product manager,1,44,20,0,U04901,U01007
U04902,user_04902,2839,383,1349,669,Product manager,1,217,7,0,U04902,U01143
U04903,user_04903,11723,200,1804,1059,Data scientist,1,109,9,0,U04903,U00777
U04904,user_04904,6206,481,1599,1807,Cybersecurity analyst,1,91,4,0,U04904,U02608
U04905,user_04905,8980,444,550,1370,AI engineer | research,1,216,2,0,U04905,U01903
U04906,user_04906,3980,228,1031,949,Photographer,1,149,6,0,U04906,U03890
U04907,bot_04907,43,2454,3074,59,Promo only,0,428,134,1,U04907,U03116
U04908,user_04908,1942,636,2263,2088,Designer | coffee,1,187,6,0,U04908,U01595
U04909,bot_04909,51,1322,7296,73,Promo only,0,288,168,1,U04909,U03341
U04910,user_04910,5440,595,1396,1161,Photographer,1,96,16,0,U04910,U00415
U04911,user_04911,8882,751,916,1163,Cybersecurity analyst,1,25,20,0,U04911,U02962
U04912,user_04912,3201,733,1385,1918,Photographer,1,139,8,0,U04912,U01715
U04913,bot_04913,30,1699,3134,90,Earn fast,0,350,109,1,U04913,U00845
U04914,user_04914,6757,355,2305,358,Photographer,1,80,8,0,U04914,U02553
U04915,user_04915,8747,490,2246,1452,Designer | coffee,1,166,4,0,U04915,U03549
U04916,user_04916,4224,460,1111,441,AI engineer | research,1,78,5,0,U04916,U00803
U04917,user_04917,4148,584,1967,1032,Data scientist,1,212,6,0,U04917,U02973
U04918,user_04918,5313,274,1388,310,Writer | minimal,1,156,12,0,U04918,U03100
U04919,bot_04919,78,1920,3622,117,Earn fast,0,253,141,1,U04919,U04190
U04920,user_04920,7295,281,349,1867,AI engineer | research,1,207,15,0,U04920,U00493
U04921,bot_04921,54,1212,5426,73,Giveaway now,0,502,62,1,U04921,U00852
U04922,user_04922,10334,875,1574,1116,Photographer,1,150,5,0,U04922,U01099
U04923,user_04923,4845,274,297,2005,Data scientist,1,119,17,0,U04923,U02617
U04924,user_04924,3918,351,511,2063,Cybersecurity analyst,1,109,3,0,U04924,U02244
U04925,bot_04925,32,2274,7687,44,Giveaway now,0,377,94,1,U04925,U02083
U04926,user_04926,529,671,512,577,Writer | minimal,1,184,2,0,U04926,U01406
U04927,user_04927,6441,224,891,1298,Teacher | learning,1,189,2,0,U04927,U00250
U04928,user_04928,7406,655,586,1334,Product manager,1,158,12,0,U04928,U01822
U04929,user_04929,2299,711,530,1343,Teacher | learning,1,136,20,0,U04929,U02924
U04930,user_04930,1381,374,2462,979,Cybersecurity analyst,1,94,20,0,U04930,U01283
U04931,bot_04931,28,2239,8500,90,Giveaway now,0,236,105,1,U04931,U01483
U04932,bot_04932,80,1925,4136,34,Free followers,0,425,171,1,U04932,U04486
U04933,bot_04933,25,2054,7974,75,Earn fast,0,285,102,1,U04933,U02684
U04934,user_04934,8118,433,756,1440,Product manager,1,211,4,0,U04934,U04922
U04935,user_04935,1187,452,891,1796,Writer | minimal,1,31,7,0,U04935,U02053
U04936,user_04936,2789,445,2498,1243,Data scientist,1,149,11,0,U04936,U00388
U04937,user_04937,11427,437,2173,1909,Product manager,1,110,10,0,U04937,U04884
U04938,user_04938,4658,358,1659,2448,Product manager,1,24,8,0,U04938,U00216
U04939,user_04939,10795,460,593,1477,Product manager,1,162,15,0,U04939,U01049
U04940,user_04940,1066,727,1507,383,Data scientist,1,105,3,0,U04940,U04188
U04941,user_04941,11126,308,1570,413,Designer | coffee,1,234,12,0,U04941,U04564
U04942,bot_04942,32,2155,6999,41,Promo only,0,253,67,1,U04942,U00426
U04943,user_04943,5033,463,2127,1248,Designer | coffee,1,165,5,0,U04943,U03864
U04944,bot_04944,37,1220,3242,45,Click link,0,563,92,1,U04944,U03232
U04945,user_04945,8559,483,2370,1922,Product manager,1,104,17,0,U04945,U03923
U04946,user_04946,4856,813,1749,1958,Writer | minimal,1,116,2,0,U04946,U01107
U04947,bot_04947,53,1318,5393,80,DM for investment,0,334,73,1,U04947,U00055
U04948,user_04948,9200,201,990,2087,Cybersecurity analyst,1,152,8,0,U04948,U02913
U04949,user_04949,2475,746,1355,319,Product manager,1,98,8,0,U04949,U02991
U04950,bot_04950,7,1480,6243,97,Click link,0,596,150,1,U04950,U03958
U04951,user_04951,6418,335,1963,2015,AI engineer | research,1,163,11,0,U04951,U01778
U04952,user_04952,1916,637,1004,1939,Designer | coffee,1,140,18,0,U04952,U03768
U04953,user_04953,4586,863,2467,574,Product manager,1,83,12,0,U04953,U03994
U04954,user_04954,4684,360,2310,1242,AI engineer | research,1,213,9,0,U04954,U01714
U04955,user_04955,6163,446,1701,855,AI engineer | research,1,209,14,0,U04955,U04276
U04956,user_04956,5964,392,940,2589,Product manager,1,234,16,0,U04956,U02378
U04957,user_04957,794,295,544,1340,Data scientist,1,178,17,0,U04957,U03730
U04958,user_04958,4761,701,1026,2141,AI engineer | research,1,239,16,0,U04958,U02257
U04959,user_04959,10391,240,1908,2179,Data scientist,1,156,4,0,U04959,U02987
U04960,user_04960,6679,544,2163,2146,Designer | coffee,1,79,14,0,U04960,U00257
U04961,user_04961,11558,456,286,1705,Photographer,1,140,8,0,U04961,U04436
U04962,user_04962,9811,298,409,2425,Data scientist,1,241,2,0,U04962,U00898
U04963,user_04963,8441,521,1958,1438,AI engineer | research,1,247,8,0,U04963,U03882
U04964,user_04964,2946,306,2259,2373,Designer | coffee,1,136,16,0,U04964,U03477
U04965,user_04965,9740,802,613,1885,Writer | minimal,1,101,18,0,U04965,U01484
U04966,bot_04966,36,1831,3574,35,Promo only,0,216,93,1,U04966,U02719
U04967,user_04967,9408,629,2040,752,Photographer,1,260,6,0,U04967,U02685
U04968,user_04968,11674,363,2449,573,Designer | coffee,1,161,6,0,U04968,U01362
U04969,user_04969,9511,838,2387,2384,Data scientist,1,113,7,0,U04969,U04731
U04970,user_04970,9843,265,1856,405,Data scientist,1,183,18,0,U04970,U00819
U04971,user_04971,5996,893,2494,1671,Product manager,1,244,13,0,U04971,U03811
U04972,user_04972,1311,484,1078,2166,Product manager,1,250,15,0,U04972,U01016
U04973,user_04973,6336,779,1852,2323,Designer | coffee,1,25,17,0,U04973,U03566
U04974,user_04974,4485,461,2442,691,AI engineer | research,1,89,11,0,U04974,U00040
U04975,bot_04975,39,1274,6641,67,DM for investment,0,410,65,1,U04975,U01954
U04976,user_04976,2315,252,1931,1579,Writer | minimal,1,218,3,0,U04976,U04975
U04977,user_04977,9873,620,2346,960,Teacher | learning,1,65,19,0,U04977,U02503
U04978,bot_04978,31,1747,5118,95,Promo only,0,564,122,1,U04978,U04909
U04979,bot_04979,52,1435,8259,96,DM for investment,0,445,148,1,U04979,U03368
U04980,user_04980,5570,482,2024,1800,Product manager,1,150,16,0,U04980,U03968
U04981,user_04981,1280,530,968,885,AI engineer | research,1,110,20,0,U04981,U03524
U04982,user_04982,8419,670,693,2586,Photographer,1,102,8,0,U04982,U00017
U04983,user_04983,2050,686,1385,1219,Data scientist,1,199,2,0,U04983,U00502
U04984,user_04984,2885,558,1744,541,Designer | coffee,1,31,11,0,U04984,U01647
U04985,user_04985,7001,898,1825,2324,Cybersecurity analyst,1,139,13,0,U04985,U03935
U04986,user_04986,309,648,652,937,Writer | minimal,1,245,16,0,U04986,U00841
U04987,user_04987,3789,533,237,1981,Cybersecurity analyst,1,243,11,0,U04987,U03757
U04988,bot_04988,8,1802,4725,85,Earn fast,0,480,140,1,U04988,U03991
U04989,user_04989,6971,672,1828,854,Writer | minimal,1,258,7,0,U04989,U00284
U04990,bot_04990,49,1838,5019,29,DM for investment,0,402,141,1,U04990,U04707
U04991,bot_04991,70,1832,6448,54,Click link,0,447,76,1,U04991,U03429
U04992,bot_04992,41,1986,6828,85,Earn fast,0,280,143,1,U04992,U01673
U04993,user_04993,651,600,640,1611,AI engineer | research,1,201,13,0,U04993,U01514
U04994,user_04994,1359,443,1254,420,Product manager,1,199,17,0,U04994,U00767
U04995,user_04995,2835,888,427,2069,Photographer,1,118,16,0,U04995,U03326
U04996,user_04996,4993,871,217,1628,Data scientist,1,79,7,0,U04996,U01285
U04997,user_04997,10981,316,1887,1436,Product manager,1,76,12,0,U04997,U01366
U04998,user_04998,8501,644,500,2210,Teacher | learning,1,160,2,0,U04998,U04539
U04999,user_04999,4228,731,331,1663,Cybersecurity analyst,1,135,9,0,U04999,U00949
U05000,bot_05000,61,2342,8353,91,Click link,0,397,97,1,U05000,U02722
